#{"t_start": 1707597674.1970227, "env_id": "ALE/Seaquest-v5"}
r,l,t
80.0,545,17.090885
80.0,451,25.749261
140.0,646,35.852268
120.0,591,44.639141
220.0,879,59.539183
60.0,451,66.877163
120.0,513,75.372028
160.0,701,87.150556
160.0,534,95.933797
280.0,989,111.815293
80.0,466,117.787495
140.0,841,133.2705
300.0,993,150.136899
180.0,768,162.502883
300.0,1046,180.736686
300.0,958,196.784461
420.0,1374,219.045664
260.0,831,233.112772
380.0,1390,256.829144
260.0,939,271.837759
240.0,1004,288.270904
200.0,827,302.680825
280.0,1194,322.425506
280.0,912,335.812568
540.0,1756,364.419523
280.0,1022,381.108122
580.0,1847,412.180981
300.0,1160,430.905101
600.0,1899,475.390284
460.0,1490,501.187368
660.0,2159,537.646934
560.0,1903,569.04935
360.0,1306,592.021913
620.0,1936,624.329313
680.0,2012,658.467837
500.0,1656,684.267937
520.0,1546,710.184255
600.0,1879,742.82242
280.0,1119,761.496869
520.0,1749,791.25562
600.0,1975,826.32888
360.0,1357,849.88485
620.0,2135,884.334215
580.0,1823,927.084229
480.0,1693,954.53011
540.0,1758,983.464529
720.0,2175,1019.207192
380.0,1344,1040.252662
460.0,1371,1062.100088
520.0,1788,1092.06181
620.0,1750,1121.945857
480.0,1631,1149.436923
720.0,1947,1181.719436
420.0,1439,1205.338409
460.0,1524,1230.241664
440.0,1526,1254.728276
620.0,1999,1287.972606
480.0,1383,1310.658349
720.0,1932,1357.34652
760.0,1980,1391.718025
660.0,1735,1419.355285
380.0,1114,1437.78652
440.0,1380,1458.868909
740.0,2085,1490.900093
680.0,1598,1517.706992
860.0,2215,1556.353818
760.0,1843,1585.188597
680.0,1688,1614.427011
660.0,1641,1642.719012
500.0,1338,1666.497237
740.0,1710,1695.731381
720.0,1682,1726.238365
700.0,1590,1752.353888
640.0,1734,1781.216238
380.0,1119,1808.576518
580.0,1356,1830.188763
920.0,1791,1860.782905
420.0,1072,1878.455635
860.0,2031,1913.159071
820.0,1658,1940.424079
600.0,1303,1963.577085
520.0,1348,1985.202496
860.0,1695,2013.137647
760.0,1746,2042.208313
780.0,1779,2072.432471
1080.0,2175,2111.173388
560.0,1251,2131.270975
860.0,1943,2164.617477
860.0,1707,2192.49856
920.0,1855,2223.123395
1060.0,1836,2266.998655
1120.0,1967,2297.718064
1040.0,1959,2332.061838
1320.0,2202,2370.086235
920.0,1723,2398.833443
980.0,1839,2429.625621
1000.0,1857,2463.041167
1000.0,1862,2494.28524
1080.0,1937,2525.467229
1200.0,2271,2561.111988
1020.0,1770,2590.609797
940.0,1719,2618.657266
1180.0,2032,2652.916005
820.0,1676,2698.629775
1220.0,2271,2735.114243
1140.0,1981,2767.969713
1060.0,2015,2803.573274
1060.0,1927,2835.229241
960.0,1757,2865.023901
1300.0,2271,2904.304453
980.0,1715,2931.691866
1100.0,1926,2965.865781
880.0,1580,2993.604541
1120.0,1855,3025.041714
1500.0,2271,3065.584063
1280.0,1999,3097.485524
1380.0,2271,3151.603488
1220.0,1935,3182.973717
1420.0,2167,3218.461414
1360.0,2271,3259.285662
1180.0,1951,3293.202028
1520.0,2271,3332.105461
1460.0,2261,3371.723635
1460.0,2239,3410.265418
1200.0,1927,3443.484791
1560.0,2271,3480.552022
1460.0,2295,3520.191451
1540.0,2271,3559.712217
1260.0,2043,3612.222075
1080.0,1639,3639.130943
1420.0,2191,3673.557344
1580.0,2271,3713.323655
1460.0,2287,3753.380138
1300.0,2039,3788.065579
1020.0,1655,3815.835407
1200.0,1833,3845.132749
1500.0,2271,3884.447546
1140.0,1841,3916.259234
1360.0,2015,3948.696285
1500.0,2271,3986.120269
1580.0,2287,4023.014823
1420.0,2119,4076.194878
760.0,1392,4096.983359
1580.0,2287,4133.70533
1560.0,2287,4174.097588
1460.0,2183,4211.418578
840.0,1368,4235.150059
1560.0,2271,4273.930718
1580.0,2271,4309.84716
1540.0,2271,4348.048313
1560.0,2271,4386.928144
1480.0,2271,4424.019854
1500.0,2271,4461.889957
1540.0,2271,4519.780227
1520.0,2279,4559.168874
1600.0,2295,4598.253543
1580.0,2271,4638.887607
1560.0,2271,4677.10778
1560.0,2271,4715.368173
1580.0,2287,4756.901691
1600.0,2279,4795.214485
1600.0,2271,4832.46746
1580.0,2295,4871.594733
1560.0,2271,4908.119543
1500.0,2271,4963.728524
1540.0,2271,5001.672017
1580.0,2279,5038.891852
1560.0,2287,5075.166892
1580.0,2271,5115.521241
1580.0,2271,5152.582487
1560.0,2295,5191.610946
1400.0,2023,5224.881975
1620.0,2279,5265.286558
1520.0,2175,5301.157647
1640.0,2287,5338.200667
1420.0,2095,5371.797552
1260.0,1903,5421.571941
1580.0,2279,5458.500051
1560.0,2271,5495.283878
1600.0,2271,5534.492316
1260.0,1879,5565.034554
1640.0,2287,5603.21255
1540.0,2279,5643.102345
1560.0,2271,5680.929338
1580.0,2271,5718.569706
1300.0,1975,5751.215487
1460.0,2223,5786.526161
1260.0,1871,5816.36258
1340.0,2055,5867.817153
1520.0,2207,5903.805025
1540.0,2271,5942.295229
1360.0,2039,5977.521301
1540.0,2271,6018.199347
1560.0,2279,6056.17004
1560.0,2243,6092.254685
1320.0,1965,6125.936948
1620.0,2271,6164.259739
1600.0,2279,6201.061289
1560.0,2279,6237.772484
1620.0,2287,6290.985832
1580.0,2271,6329.641983
1600.0,2271,6368.315987
1580.0,2279,6405.217955
1600.0,2287,6444.136075
1580.0,2271,6483.053493
1600.0,2287,6518.730266
1580.0,2271,6558.303821
1600.0,2279,6597.806477
1540.0,2252,6634.94628
1580.0,2279,6670.762964
1280.0,1935,6700.924498
1260.0,1942,6750.863939
1520.0,2279,6788.868202
1580.0,2287,6825.162225
1320.0,1935,6855.93705
1560.0,2271,6892.678427
1340.0,2063,6926.172915
1640.0,2279,6965.703759
1320.0,1919,6997.523923
1620.0,2279,7036.340977
1600.0,2256,7072.05045
1580.0,2271,7108.991687
1340.0,1975,7140.502997
1600.0,2271,7195.783675
1580.0,2231,7232.414524
1580.0,2279,7271.810003
1460.0,2127,7308.072169
1140.0,1807,7336.081824
1420.0,1983,7369.565307
1460.0,2087,7404.395868
1540.0,2264,7442.445107
1620.0,2283,7479.814885
1360.0,2071,7514.680274
1200.0,1831,7545.581829
1580.0,2287,7585.82229
1320.0,1927,7632.024992
1400.0,2119,7669.007266
1560.0,2271,7709.249474
1500.0,2287,7748.256535
1580.0,2271,7786.360565
1040.0,1594,7813.727708
1600.0,2271,7851.710542
1600.0,2271,7889.985351
1560.0,2271,7928.090325
1360.0,2012,7961.335186
1320.0,1887,7994.503119
1600.0,2271,8031.921925
1620.0,2287,8085.844355
1580.0,2279,8124.315522
1120.0,1676,8150.257539
1140.0,1767,8177.04666
1580.0,2271,8214.195528
1560.0,2271,8254.36468
1560.0,2271,8291.591084
1560.0,2279,8329.73797
1620.0,2279,8370.060096
1600.0,2271,8407.156731
1360.0,1991,8440.917854
1580.0,2271,8479.795034
1560.0,2271,8534.052623
1560.0,2271,8570.880766
1540.0,2287,8608.300429
1600.0,2271,8646.542666
1280.0,1895,8678.804739
1580.0,2271,8716.223948
1600.0,2271,8756.051124
1600.0,2271,8794.491887
1240.0,1839,8825.2235
1440.0,2052,8859.543318
1600.0,2271,8900.387938
1580.0,2279,8955.083602
1320.0,1931,8989.909444
1500.0,2159,9027.7317
1620.0,2279,9065.495925
1620.0,2279,9105.464477
1640.0,2271,9141.813032
1600.0,2271,9176.73982
1580.0,2247,9215.624729
1580.0,2271,9253.205005
1580.0,2271,9288.455635
1580.0,2271,9327.621272
1600.0,2279,9367.116583
1600.0,2295,9421.633801
1240.0,1839,9453.89661
1220.0,1839,9483.759105
1580.0,2271,9521.431865
1600.0,2271,9560.015283
1260.0,1854,9592.697944
1540.0,2167,9628.75336
1540.0,2151,9663.454966
1600.0,2271,9702.938348
1660.0,2271,9741.796237
1260.0,1829,9771.172137
1620.0,2279,9809.667013
1600.0,2271,9866.397558
1640.0,2279,9903.644666
1340.0,1927,9935.195191
1620.0,2271,9974.349477
1620.0,2287,10012.670817
1300.0,1879,10043.97458
1540.0,2191,10081.4801
1620.0,2279,10118.333356
1600.0,2271,10155.727669
1620.0,2271,10193.814643
1260.0,1823,10222.647215
1600.0,2271,10260.058312
1060.0,1605,10305.746864
1000.0,1543,10330.540934
1240.0,1879,10361.530816
1620.0,2271,10398.323036
1620.0,2279,10438.72994
1600.0,2271,10476.998635
1600.0,2271,10514.890722
1640.0,2271,10554.091784
1580.0,2263,10593.313624
1680.0,2271,10632.574895
1320.0,1999,10667.068171
1360.0,2034,10702.35855
1300.0,1935,10750.431409
1600.0,2279,10790.323087
1600.0,2271,10829.45536
1620.0,2271,10867.198541
1580.0,2271,10905.532566
1580.0,2279,10943.246098
1600.0,2271,10979.22308
1520.0,2279,11015.840899
1620.0,2287,11052.628752
1600.0,2279,11093.125754
1560.0,2183,11131.295525
1520.0,2183,11169.247025
1600.0,2271,11227.337121
1600.0,2279,11264.606502
1640.0,2279,11304.489873
1560.0,2271,11340.994377
1620.0,2271,11380.941917
1580.0,2279,11421.53997
1620.0,2287,11457.011808
1400.0,2029,11492.436627
1640.0,2287,11531.583348
1160.0,1767,11562.399707
1200.0,1863,11591.293435
1600.0,2287,11629.911199
1640.0,2279,11686.31808
1600.0,2279,11725.165148
1560.0,2214,11761.88525
1640.0,2279,11798.725399
1620.0,2287,11833.670327
1420.0,2015,11868.41853
1480.0,2146,11904.247129
1600.0,2271,11942.515856
1620.0,2271,11981.696008
1620.0,2279,12017.838309
1600.0,2271,12056.612696
1580.0,2271,12113.570819
1240.0,1855,12145.851529
1500.0,2175,12181.730263
1480.0,2271,12219.322701
1620.0,2271,12256.457175
1620.0,2255,12295.865972
1580.0,2279,12335.510542
1600.0,2231,12372.238361
1680.0,2279,12410.737833
1640.0,2271,12451.082164
1640.0,2279,12490.297472
1460.0,2079,12524.522231
1580.0,2271,12581.077481
1540.0,2287,12618.829813
1640.0,2279,12656.663264
1620.0,2271,12694.306218
1620.0,2279,12731.542446
1640.0,2271,12772.283698
1620.0,2279,12811.294904
1520.0,2207,12849.211557
1580.0,2271,12889.198344
1620.0,2287,12927.405174
1620.0,2271,12965.951859
1600.0,2279,13019.705026
1380.0,2023,13053.06501
1220.0,1881,13084.335125
1380.0,1919,13117.6511
1620.0,2303,13157.42827
1620.0,2295,13196.144731
1560.0,2235,13234.454728
1600.0,2287,13272.896588
1600.0,2271,13312.148027
1660.0,2269,13350.756486
1680.0,2279,13387.341647
1640.0,2279,13425.659526
1600.0,2271,13483.203377
1620.0,2287,13521.817725
1600.0,2295,13561.079957
1620.0,2279,13601.47925
1580.0,2271,13639.943249
1640.0,2271,13679.249707
1520.0,2223,13718.032424
1640.0,2295,13756.547694
1580.0,2271,13794.527467
1540.0,2279,13830.765204
1360.0,1951,13862.761077
1620.0,2279,13919.165292
1620.0,2271,13958.361549
1260.0,1807,13987.756211
1600.0,2271,14025.833754
1600.0,2295,14063.833246
1600.0,2271,14099.529013
1300.0,1959,14133.392073
1400.0,1996,14168.787751
1620.0,2287,14206.026331
1600.0,2271,14244.459249
1600.0,2279,14283.516998
1640.0,2271,14320.500981
1600.0,2271,14377.127014
1620.0,2231,14416.636708
1600.0,2271,14455.6235
1600.0,2271,14493.429449
1440.0,2071,14529.50903
1540.0,2271,14568.955387
1600.0,2279,14608.168083
1640.0,2279,14645.076581
1600.0,2279,14685.248546
1640.0,2287,14723.557833
1680.0,2287,14762.150267
1640.0,2271,14814.617637
1600.0,2271,14851.277986
1580.0,2247,14887.17773
1640.0,2271,14925.792287
1640.0,2271,14964.929673
1620.0,2231,15000.290989
1580.0,2271,15041.816266
1660.0,2287,15080.541816
1580.0,2287,15118.320776
1600.0,2295,15156.718709
1560.0,2279,15195.02305
1560.0,2271,15230.634287
1620.0,2271,15285.103167
1320.0,1885,15316.081997
1660.0,2287,15354.808361
1540.0,2223,15390.660027
1360.0,1989,15424.651755
1560.0,2167,15460.35986
1600.0,2271,15500.006599
1640.0,2271,15538.997604
1620.0,2279,15580.145986
1620.0,2271,15617.981383
1560.0,2271,15656.128094
1620.0,2271,15713.181992
1440.0,2063,15748.764977
1640.0,2271,15786.447182
1640.0,2271,15823.108019
1620.0,2279,15861.460903
1640.0,2279,15899.860981
1600.0,2279,15936.537859
1640.0,2311,15976.982382
1620.0,2271,16014.617205
1480.0,2125,16051.717616
1620.0,2287,16089.786904
1240.0,1821,16120.814589
1560.0,2231,16176.763083
1660.0,2287,16215.889215
1420.0,2039,16251.131379
1620.0,2295,16291.194217
1620.0,2279,16328.150021
1020.0,1630,16355.397833
1620.0,2279,16394.836916
1600.0,2279,16435.980664
1640.0,2279,16474.488893
1620.0,2271,16511.46382
1660.0,2287,16549.947812
1540.0,2175,16583.637159
1360.0,2079,16636.78606
1620.0,2279,16674.977921
1620.0,2279,16715.833844
1000.0,1559,16743.185272
1600.0,2255,16780.396237
1540.0,2167,16817.575575
1620.0,2271,16857.211611
1580.0,2287,16896.797312
1560.0,2255,16935.753228
1580.0,2239,16972.631602
1600.0,2303,17012.606888
1640.0,2271,17067.445085
1640.0,2295,17104.267682
1700.0,2295,17143.165268
1600.0,2271,17180.610229
1620.0,2295,17220.025459
1640.0,2303,17260.300463
1600.0,2295,17296.600805
1620.0,2287,17334.471884
1600.0,2271,17374.002724
1640.0,2279,17411.137674
1640.0,2303,17449.953338
1600.0,2303,17489.659362
1600.0,2287,17546.504039
1660.0,2271,17583.643545
1640.0,2247,17622.120905
1640.0,2279,17660.405181
1640.0,2319,17695.321485
1640.0,2311,17735.749539
1580.0,2199,17773.624338
1340.0,1951,17804.575358
1620.0,2287,17841.469422
1620.0,2295,17880.250669
1660.0,2279,17920.536313
1380.0,1983,17968.265933
1260.0,1839,17999.039824
1640.0,2311,18038.954811
1640.0,2303,18077.195236
1540.0,2167,18113.716819
1620.0,2287,18150.239539
1680.0,2327,18188.324356
1620.0,2303,18225.20592
1620.0,2274,18260.830259
1420.0,2047,18293.451884
1620.0,2295,18330.783617
1640.0,2279,18369.692209
1640.0,2295,18425.206047
1620.0,2287,18462.726565
1540.0,2303,18502.986782
1680.0,2303,18541.626284
1640.0,2303,18580.783225
1660.0,2311,18618.52062
1640.0,2319,18657.05683
1600.0,2295,18695.214768
1640.0,2295,18734.099699
1660.0,2295,18772.174981
1620.0,2303,18808.214981
1640.0,2295,18865.521339
1640.0,2279,18903.606477
1360.0,1943,18934.956682
1660.0,2295,18973.365065
1640.0,2295,19011.312821
1640.0,2303,19047.72475
1600.0,2311,19088.087878
1640.0,2311,19127.601356
1680.0,2295,19166.550629
1660.0,2279,19204.596857
1620.0,2279,19243.858881
1640.0,2303,19297.939515
1680.0,2311,19335.035068
1580.0,2221,19370.408884
1640.0,2303,19409.250748
1660.0,2287,19448.091711
1600.0,2271,19485.906923
1660.0,2303,19522.735948
1620.0,2247,19558.916137
1400.0,1967,19590.335572
1660.0,2303,19627.254533
1620.0,2295,19666.102382
1600.0,2223,19703.213943
1580.0,2295,19761.295263
1640.0,2231,19798.280382
1640.0,2295,19837.546962
1660.0,2303,19874.535974
1680.0,2303,19913.590385
1700.0,2311,19951.453322
1560.0,2287,19989.686422
1600.0,2295,20030.50454
1580.0,2287,20067.933259
1660.0,2303,20105.460748
1400.0,1959,20137.939766
1640.0,2303,20195.144171
1640.0,2319,20233.964346
1660.0,2303,20271.191221
1220.0,1866,20303.747914
1620.0,2311,20340.623129
1700.0,2303,20380.347398
1680.0,2303,20418.339567
1340.0,1903,20450.590379
1660.0,2294,20487.967997
1620.0,2303,20525.962123
1680.0,2311,20565.054548
1660.0,2287,20621.848739
1660.0,2351,20661.176615
1460.0,2029,20692.913435
1680.0,2319,20730.687622
1660.0,2279,20768.036463
1680.0,2311,20806.199399
1680.0,2311,20846.153295
1640.0,2287,20884.838404
1660.0,2295,20922.565983
1660.0,2303,20960.645302
1560.0,2231,20998.283818
1540.0,2215,21036.507888
1720.0,2295,21093.397249
1640.0,2295,21131.030901
1600.0,2219,21167.338981
1660.0,2295,21205.865153
1660.0,2295,21244.003792
1640.0,2303,21283.01932
1740.0,2311,21321.305505
1680.0,2295,21359.314494
1680.0,2311,21398.157181
1280.0,1847,21428.853539
1680.0,2303,21467.689597
1680.0,2303,21523.102644
1640.0,2335,21562.210613
1600.0,2319,21602.720074
1700.0,2319,21642.39446
1640.0,2319,21682.835766
1720.0,2311,21722.509418
1680.0,2319,21762.139592
1680.0,2311,21801.845861
1480.0,2127,21836.155427
1720.0,2319,21874.738536
1580.0,2295,21914.995322
1660.0,2295,21971.755476
1600.0,2295,22008.109346
1680.0,2303,22048.153687
1620.0,2303,22086.344983
1660.0,2311,22123.695609
1580.0,2197,22160.439532
1700.0,2311,22198.43885
1680.0,2311,22238.869439
1680.0,2311,22278.261324
1660.0,2309,22317.1677
1260.0,1855,22348.283097
1660.0,2327,22386.448195
1660.0,2303,22442.443625
1720.0,2303,22479.530931
1680.0,2311,22518.419184
1680.0,2311,22556.418792
1680.0,2248,22594.931986
1720.0,2311,22634.6094
1720.0,2303,22671.699977
1680.0,2319,22712.756596
1680.0,2311,22752.131421
1660.0,2319,22791.730691
1680.0,2311,22830.321532
1620.0,2271,22887.436212
1260.0,1807,22917.72246
1660.0,2303,22956.624085
1720.0,2319,22995.995174
1300.0,1869,23027.517627
1620.0,2263,23066.390447
1680.0,2311,23103.502756
1640.0,2303,23141.901924
1320.0,1831,23170.492131
1520.0,2111,23203.853907
1660.0,2303,23241.771842
1660.0,2311,23280.223019
1860.0,2335,23335.644681
1640.0,2319,23373.336698
1640.0,2295,23410.209954
1660.0,2295,23449.392651
1520.0,2139,23483.410317
1340.0,1932,23514.320749
1700.0,2311,23555.461033
1480.0,2103,23589.058439
1380.0,1948,23620.929439
1660.0,2311,23660.756539
1680.0,2303,23699.000759
1580.0,2311,23754.648673
1660.0,2303,23793.775784
1720.0,2319,23830.50389
1680.0,2303,23869.79381
1740.0,2311,23905.670991
1680.0,2319,23943.071844
1680.0,2311,23981.945763
1620.0,2295,24018.305231
1520.0,2119,24052.298877
1660.0,2303,24091.097751
1660.0,2287,24128.838198
1660.0,2311,24184.649755
1480.0,2071,24217.514681
1720.0,2295,24256.980384
1640.0,2295,24293.59984
1680.0,2303,24331.522708
1720.0,2351,24370.054514
1660.0,2303,24407.004989
1700.0,2295,24446.611318
1640.0,2279,24484.845901
1660.0,2271,24521.661225
1640.0,2295,24560.507502
1660.0,2281,24599.075246
1700.0,2311,24656.192971
1700.0,2319,24692.974828
1320.0,1853,24723.684556
1740.0,2327,24762.889381
1700.0,2311,24799.046926
1660.0,2279,24837.258382
1640.0,2303,24874.686378
1680.0,2319,24912.238462
1700.0,2327,24953.111697
1700.0,2319,24993.277263
1660.0,2311,25032.097243
1680.0,2278,25086.552975
1680.0,2311,25122.498861
1640.0,2295,25162.985878
1700.0,2303,25201.205986
1700.0,2319,25239.947681
1720.0,2319,25278.195113
1460.0,2039,25312.263352
1640.0,2319,25351.294796
1720.0,2335,25392.180518
1580.0,2159,25428.141804
1680.0,2311,25466.192268
1680.0,2303,25523.627947
1700.0,2303,25560.898907
1600.0,2172,25596.035674
1680.0,2311,25634.582792
1400.0,1847,25666.613273
1460.0,2041,25701.334035
1700.0,2303,25738.018249
1700.0,2295,25777.194474
1680.0,2303,25817.191493
1680.0,2303,25854.071593
1720.0,2303,25892.971632
1720.0,2311,25932.059017
1380.0,1971,25982.384614
1700.0,2303,26021.179793
1680.0,2311,26059.805002
1700.0,2311,26096.007212
1520.0,2103,26131.37999
880.0,1351,26153.123432
1700.0,2335,26192.849823
1640.0,2311,26230.754461
1700.0,2303,26268.498957
1680.0,2303,26304.857318
1320.0,1887,26338.17379
1700.0,2311,26373.313569
1660.0,2319,26430.294522
1660.0,2303,26468.329157
1680.0,2319,26508.016066
1700.0,2311,26546.661654
1620.0,2247,26582.866715
1600.0,2266,26623.412978
1720.0,2303,26662.096686
1680.0,2303,26701.602255
1700.0,2303,26741.777778
1680.0,2295,26779.546221
1660.0,2303,26816.759781
940.0,1495,26859.314326
1680.0,2303,26899.727685
1680.0,2303,26936.518362
1700.0,2295,26974.512922
1700.0,2295,27012.584136
1660.0,2303,27050.805017
1660.0,2311,27088.621362
1700.0,2311,27127.546818
1700.0,2303,27164.798351
1680.0,2303,27203.345587
1520.0,2047,27238.883621
1640.0,2303,27276.698025
1600.0,2295,27331.829843
1740.0,2295,27368.888322
1740.0,2311,27408.714492
1640.0,2319,27445.864813
1680.0,2207,27482.715013
1640.0,2295,27519.402725
1680.0,2287,27557.694
1700.0,2303,27595.804189
1660.0,2311,27633.88127
1660.0,2295,27672.402129
1620.0,2295,27711.646091
1640.0,2295,27769.479519
1640.0,2295,27809.801986
1700.0,2303,27849.069441
1660.0,2303,27884.949498
1640.0,2295,27925.237621
1440.0,2026,27958.258033
1680.0,2319,27998.527413
1680.0,2295,28034.258485
1680.0,2303,28074.324022
1320.0,1879,28104.27459
1620.0,2171,28140.896678
1700.0,2303,28197.448942
1480.0,2055,28231.004633
1740.0,2303,28266.536756
1640.0,2295,28305.777689
1700.0,2303,28344.437249
1320.0,1855,28375.205787
1600.0,2279,28413.59037
1680.0,2295,28450.982641
1640.0,2303,28491.627336
1620.0,2303,28530.090272
1680.0,2311,28568.921049
1680.0,2295,28609.110924
1720.0,2311,28666.035532
1620.0,2287,28704.725548
1560.0,2175,28740.55865
1660.0,2287,28780.552946
1640.0,2311,28817.056527
1640.0,2303,28856.747927
1680.0,2295,28894.354022
1700.0,2295,28932.950128
1640.0,2295,28971.303638
1640.0,2295,29009.792571
1460.0,2039,29042.249274
1660.0,2303,29095.229921
1660.0,2295,29134.165817
1360.0,1919,29166.388083
1380.0,1935,29196.331182
1400.0,1947,29230.154824
1720.0,2303,29268.656639
1620.0,2158,29307.140754
1660.0,2295,29345.939425
1480.0,2167,29382.8503
1640.0,2295,29419.738428
1680.0,2295,29458.112304
1520.0,2071,29491.676923
1700.0,2287,29548.825584
1680.0,2319,29587.024369
1720.0,2295,29626.696813
1700.0,2303,29665.787458
1740.0,2319,29704.579822
1700.0,2311,29744.103771
1740.0,2311,29780.598265
1680.0,2319,29818.064852
1400.0,1943,29849.916319
1680.0,2303,29890.983421
1720.0,2303,29930.213322
1680.0,2311,29987.380439
1700.0,2311,30024.478385
1700.0,2309,30062.499986
1700.0,2303,30101.012622
1620.0,2295,30138.73707
1720.0,2311,30177.057659
1740.0,2319,30215.800448
1680.0,2286,30254.403588
1740.0,2295,30294.086644
1700.0,2303,30331.875001
1720.0,2319,30370.647519
1740.0,2319,30427.529727
1400.0,1879,30459.169133
1720.0,2327,30499.60916
1740.0,2319,30537.405737
1640.0,2303,30576.500647
1540.0,2111,30611.618568
1320.0,1871,30643.956342
1560.0,2175,30681.901927
1720.0,2311,30722.28492
1740.0,2319,30760.800197
1720.0,2303,30800.137991
1720.0,2303,30839.742667
1700.0,2311,30897.790806
1640.0,2311,30938.708037
1700.0,2311,30977.685899
1140.0,1631,31003.808195
1700.0,2303,31043.968238
1720.0,2311,31080.676443
1720.0,2319,31116.564431
1700.0,2311,31154.875232
1760.0,2319,31194.045506
1420.0,2055,31227.782346
1700.0,2303,31265.864434
1700.0,2311,31319.652292
1700.0,2311,31357.586004
1400.0,2005,31390.528903
1740.0,2296,31429.756836
1720.0,2295,31466.539466
1680.0,2303,31503.257118
1740.0,2303,31543.230733
1680.0,2327,31580.552876
1720.0,2303,31618.241373
1740.0,2311,31657.047978
1720.0,2319,31695.720984
1740.0,2303,31735.323504
1680.0,2303,31792.762459
1640.0,2295,31830.190068
1500.0,2079,31865.454422
1540.0,2076,31899.612597
1700.0,2319,31940.053715
1680.0,2303,31978.398661
1700.0,2303,32019.831794
1620.0,2303,32057.018493
1700.0,2295,32093.421954
1740.0,2319,32132.441062
1700.0,2303,32170.904365
1700.0,2303,32226.181503
1740.0,2303,32265.735067
1720.0,2311,32302.866011
1740.0,2303,32343.058221
1660.0,2271,32382.137582
1660.0,2303,32421.413671
1720.0,2319,32459.854484
1740.0,2311,32497.814859
1680.0,2311,32535.66658
1700.0,2319,32576.742172
1380.0,1967,32608.326868
1700.0,2319,32663.728731
1760.0,2311,32703.509632
1740.0,2327,32743.463244
1720.0,2303,32783.16174
1760.0,2303,32822.029599
1700.0,2311,32861.72682
1740.0,2303,32898.506996
1700.0,2311,32937.830454
1680.0,2319,32976.292886
1740.0,2319,33014.181235
1380.0,1935,33046.661474
1720.0,2303,33084.080076
1720.0,2311,33143.472636
1720.0,2311,33183.357266
1740.0,2319,33223.399333
1720.0,2327,33261.077657
1760.0,2335,33301.513914
1700.0,2303,33339.641792
1760.0,2319,33378.357419
1760.0,2319,33414.854562
1700.0,2335,33452.707431
1360.0,1855,33483.960735
1680.0,2285,33522.001085
1740.0,2319,33578.000297
1580.0,2173,33615.471571
1680.0,2311,33652.93566
1700.0,2327,33690.775171
1680.0,2319,33728.287515
1720.0,2311,33766.917543
1720.0,2332,33808.555818
1700.0,2319,33846.447473
1760.0,2319,33885.857804
1720.0,2335,33923.507271
1740.0,2311,33962.131085
1640.0,2231,34017.477895
1700.0,2319,34055.456415
1760.0,2319,34095.129806
1720.0,2327,34132.809578
1720.0,2312,34170.234127
1680.0,2231,34206.72702
1700.0,2303,34243.914396
1600.0,2159,34278.677972
1720.0,2292,34316.597948
1660.0,2247,34356.150798
1720.0,2319,34394.847276
1780.0,2318,34453.554003
1700.0,2303,34492.224633
1680.0,2311,34531.726761
1740.0,2263,34571.329024
1680.0,2303,34607.960878
1700.0,2303,34647.960156
1740.0,2319,34686.761472
1920.0,2407,34727.326136
1740.0,2327,34767.90988
1680.0,2311,34808.132077
1340.0,1943,34840.757581
1600.0,2171,34878.211954
1720.0,2343,34939.573717
1700.0,2228,34976.692051
1720.0,2311,35016.302857
1700.0,2303,35056.649299
1740.0,2327,35096.196953
1780.0,2311,35132.763974
1720.0,2303,35171.317537
1680.0,2311,35210.573811
1740.0,2327,35251.518356
1640.0,2319,35290.85442
1720.0,2311,35328.762935
1720.0,2319,35383.762371
1740.0,2335,35422.353312
1740.0,2327,35461.62796
1720.0,2319,35498.860527
1740.0,2327,35538.038552
1740.0,2319,35578.209724
1780.0,2327,35618.295885
1760.0,2335,35657.161786
1680.0,2319,35696.007848
1740.0,2319,35734.944692
1760.0,2335,35775.48079
1720.0,2319,35832.959601
1760.0,2335,35873.268921
1380.0,1911,35903.378454
1700.0,2303,35943.412256
1780.0,2335,35980.441456
1680.0,2327,36020.484556
1680.0,2319,36058.244863
1760.0,2335,36098.425367
1740.0,2335,36135.452171
1700.0,2267,36174.350948
1680.0,2319,36214.100901
1720.0,2311,36272.117759
1720.0,2327,36310.240871
1740.0,2335,36350.280984
1700.0,2303,36388.724594
1740.0,2303,36428.483094
1720.0,2327,36468.029363
1680.0,2303,36507.518148
1740.0,2311,36547.39984
1700.0,2311,36584.104774
1520.0,2047,36619.566056
1700.0,2256,36657.715921
1560.0,2077,36711.77762
1700.0,2319,36752.417686
1780.0,2335,36792.040424
1760.0,2327,36831.567422
1660.0,2303,36870.744893
1600.0,2151,36908.2478
1740.0,2319,36948.430562
1760.0,2319,36985.838264
1760.0,2319,37025.358775
1720.0,2271,37063.824532
1600.0,2199,37100.647389
1720.0,2255,37154.93602
1660.0,2319,37195.819463
1600.0,2134,37230.42571
1740.0,2311,37270.780703
1760.0,2335,37309.624052
1760.0,2335,37346.854777
1740.0,2311,37385.907966
1760.0,2319,37425.388345
1720.0,2327,37464.451462
1420.0,1975,37495.944856
1760.0,2311,37535.300128
1760.0,2311,37574.400599
1480.0,2039,37627.301217
1400.0,1967,37659.51901
1760.0,2327,37698.27503
1440.0,1967,37729.423379
1740.0,2319,37768.639542
1660.0,2303,37809.239669
1760.0,2311,37848.265785
1780.0,2319,37887.474476
1780.0,2319,37926.700565
1500.0,2077,37958.887836
1740.0,2319,37998.500889
1720.0,2191,38052.515884
1660.0,2255,38089.447185
1740.0,2263,38129.01915
1760.0,2327,38166.839911
1760.0,2335,38205.755539
1740.0,2335,38244.859037
1760.0,2335,38283.045772
1740.0,2335,38323.067923
1720.0,2319,38361.521027
1720.0,2303,38401.436053
1720.0,2311,38439.175908
1660.0,2255,38476.602852
1760.0,2311,38532.302461
1780.0,2319,38571.355145
1760.0,2327,38611.146571
1760.0,2311,38649.15652
1720.0,2327,38688.510011
1700.0,2319,38728.747171
1740.0,2319,38766.302925
1720.0,2311,38805.542902
1760.0,2311,38843.500938
1680.0,2327,38883.368377
1720.0,2327,38923.559666
1660.0,2215,38978.607249
1800.0,2319,39018.91618
1740.0,2327,39056.146344
1740.0,2303,39094.978549
1740.0,2319,39132.925424
1740.0,2319,39171.928478
1720.0,2327,39212.219326
1720.0,2311,39250.209853
1720.0,2327,39289.317527
1780.0,2327,39327.628045
1740.0,2311,39363.984906
1760.0,2319,39416.664069
1380.0,1919,39447.579454
1760.0,2319,39486.801145
1440.0,1951,39518.920327
1760.0,2327,39556.60023
1760.0,2327,39596.302235
1700.0,2319,39635.924572
1740.0,2335,39674.764992
1740.0,2303,39710.961782
1780.0,2327,39749.286292
1720.0,2319,39789.002877
1660.0,2250,39844.336715
1740.0,2327,39882.304847
1760.0,2335,39919.519628
1780.0,2319,39958.330769
1740.0,2311,39997.061438
1980.0,2375,40035.924501
1720.0,2335,40073.76269
1700.0,2327,40112.284483
1700.0,2327,40151.075917
1760.0,2343,40192.746613
1760.0,2319,40232.007572
1780.0,2327,40284.871194
1720.0,2327,40322.9983
1740.0,2327,40361.487884
1760.0,2319,40399.787637
1740.0,2311,40435.737154
1740.0,2335,40472.157144
1740.0,2335,40511.744297
1760.0,2327,40552.018054
1640.0,2207,40590.066652
1740.0,2311,40628.748314
1700.0,2327,40665.088024
1720.0,2327,40722.587351
1760.0,2335,40763.85338
1740.0,2327,40802.482945
1780.0,2351,40841.457279
1740.0,2327,40878.505445
1780.0,2343,40916.637883
1700.0,2303,40956.055382
1740.0,2319,40994.183647
1760.0,2319,41034.122581
1720.0,2303,41073.104365
1740.0,2327,41110.816416
1560.0,2111,41163.026532
1720.0,2311,41203.938081
1740.0,2311,41242.009134
1760.0,2327,41281.490685
1740.0,2327,41317.651517
1680.0,2319,41356.832205
1720.0,2327,41396.462053
1760.0,2351,41433.760154
1780.0,2343,41474.718378
1460.0,1921,41506.723197
1720.0,2335,41544.216497
1720.0,2311,41581.557708
1760.0,2335,41637.268293
1700.0,2311,41674.318299
1720.0,2335,41713.536692
1700.0,2311,41750.266479
1760.0,2319,41787.79227
1740.0,2327,41828.053941
1700.0,2319,41866.077097
1620.0,2129,41899.323
1420.0,1871,41930.74887
1780.0,2327,41967.319413
1600.0,2159,42003.65427
1480.0,1994,42055.238184
1720.0,2327,42097.079658
1740.0,2311,42134.95592
1740.0,2319,42173.485174
1700.0,2311,42210.967668
1720.0,2311,42249.965672
1720.0,2303,42288.695469
1740.0,2311,42327.610132
1680.0,2295,42365.783989
1720.0,2311,42403.906739
1520.0,2119,42437.798256
1700.0,2311,42492.358644
1760.0,2303,42530.648881
1680.0,2287,42568.955946
1500.0,2031,42602.862917
1720.0,2311,42639.896528
1740.0,2303,42680.670551
1340.0,1855,42711.962029
1700.0,2303,42753.087988
1720.0,2303,42789.825261
1680.0,2311,42827.746321
2260.0,2695,42873.076124
1700.0,2303,42909.226545
1720.0,2303,42964.486496
1780.0,2311,43004.625784
1720.0,2311,43044.584643
1700.0,2311,43083.07712
1680.0,2311,43121.420445
1760.0,2327,43160.786336
1760.0,2311,43199.517336
1180.0,1655,43227.251559
1800.0,2311,43266.369116
1740.0,2295,43305.346488
1740.0,2311,43344.808927
1740.0,2303,43401.958873
1740.0,2295,43439.977796
1740.0,2303,43477.511313
1440.0,1975,43509.85962
1700.0,2311,43546.901845
1700.0,2295,43587.280883
1740.0,2303,43624.903778
1760.0,2303,43664.3094
1760.0,2311,43700.262758
1720.0,2303,43737.977445
1700.0,2319,43775.715293
1760.0,2319,43829.078562
1460.0,2007,43863.400079
1700.0,2303,43902.064826
1740.0,2303,43942.038575
1740.0,2327,43981.499811
1740.0,2303,44020.9816
1680.0,2311,44062.258348
1760.0,2311,44100.04407
1720.0,2319,44137.668411
1760.0,2319,44175.001157
1740.0,2319,44211.229549
1420.0,1931,44243.888319
1760.0,2319,44302.033093
1720.0,2311,44338.857791
1720.0,2327,44376.517087
1740.0,2335,44417.62744
1740.0,2335,44456.517066
1740.0,2335,44496.368326
1680.0,2335,44533.830887
1760.0,2327,44573.69903
1740.0,2271,44611.821062
1480.0,1991,44644.469009
1780.0,2319,44684.510439
1740.0,2327,44741.631227
1740.0,2311,44779.79611
1640.0,2199,44812.962611
1780.0,2327,44852.722588
1760.0,2327,44891.912213
1760.0,2311,44931.630204
1740.0,2311,44969.764818
1780.0,2303,45010.679435
1720.0,2311,45048.652314
1760.0,2319,45086.280449
1380.0,1931,45118.775676
1720.0,2319,45173.269438
1740.0,2311,45210.1532
1780.0,2319,45247.465388
1440.0,1875,45280.655285
1780.0,2327,45321.086673
1720.0,2303,45358.642063
1740.0,2313,45394.562856
1740.0,2311,45433.226989
1760.0,2327,45471.578117
1760.0,2327,45510.715969
1700.0,2319,45549.075588
1800.0,2327,45607.814036
1780.0,2327,45645.508517
1800.0,2335,45685.46795
1800.0,2335,45724.976831
1760.0,2303,45763.771251
1380.0,1902,45796.35425
1700.0,2255,45833.990567
1360.0,1863,45864.786591
1780.0,2327,45903.871386
1720.0,2311,45943.158513
1300.0,1815,45973.805338
1780.0,2327,46012.844464
1740.0,2311,46067.356556
1760.0,2303,46105.165176
1760.0,2335,46144.729273
1780.0,2297,46184.197144
1780.0,2327,46224.995951
1780.0,2335,46263.819228
1740.0,2319,46302.18084
1760.0,2311,46343.853251
1800.0,2319,46383.142612
1660.0,2319,46423.15554
1760.0,2327,46462.154027
1760.0,2335,46520.599396
1720.0,2327,46560.51648
1740.0,2327,46599.83668
1740.0,2327,46640.637393
1760.0,2335,46681.423821
1760.0,2327,46721.35042
1560.0,2080,46756.385962
1720.0,2319,46791.710208
1760.0,2303,46828.560802
1720.0,2319,46868.329706
1760.0,2311,46908.730019
1760.0,2335,46966.017362
1720.0,2319,47006.520194
1720.0,2311,47045.612175
1780.0,2327,47084.105524
1760.0,2335,47124.249188
1740.0,2303,47164.10021
1800.0,2335,47203.35226
1720.0,2311,47241.530388
1760.0,2311,47279.504946
1760.0,2335,47320.390172
1480.0,1855,47351.299123
1760.0,2319,47409.560701
1420.0,1959,47441.604631
1720.0,2311,47479.324145
1720.0,2327,47518.364077
1640.0,2175,47555.673039
1720.0,2311,47594.242241
1720.0,2311,47632.063463
1560.0,2108,47667.432961
1800.0,2327,47706.776936
1740.0,2319,47745.809565
1780.0,2335,47786.040483
1620.0,2167,47821.643198
1740.0,2319,47878.874204
1740.0,2327,47918.921389
1780.0,2327,47958.081028
1700.0,2231,47996.95048
1740.0,2311,48036.365046
1720.0,2311,48076.12759
1680.0,2279,48114.581869
1740.0,2311,48151.969902
1720.0,2311,48191.806352
1760.0,2311,48231.058451
1720.0,2327,48270.490058
1740.0,2319,48327.17071
1760.0,2319,48366.128955
1740.0,2327,48405.931341
1760.0,2359,48444.823058
1720.0,2319,48482.256571
1800.0,2343,48520.731259
1780.0,2327,48558.615669
1780.0,2327,48595.933688
1720.0,2319,48636.402741
1760.0,2303,48675.403866
1760.0,2311,48712.996778
1740.0,2311,48767.931314
1760.0,2303,48807.008197
1700.0,2260,48844.816116
1760.0,2319,48886.117261
1780.0,2319,48925.461072
1760.0,2311,48961.965693
1760.0,2319,49000.730361
1800.0,2311,49039.508335
1500.0,2087,49074.781677
1620.0,2156,49111.660363
1700.0,2319,49151.309202
1720.0,2263,49205.100439
1760.0,2311,49244.331588
1720.0,2303,49284.032723
1740.0,2303,49321.032181
1700.0,2311,49359.599647
1740.0,2303,49399.23946
1300.0,1815,49429.62058
1740.0,2311,49468.104847
1720.0,2311,49508.137729
1740.0,2327,49547.471833
1380.0,1847,49575.311899
1740.0,2311,49613.006842
1740.0,2319,49669.975645
1740.0,2327,49708.54683
1720.0,2319,49748.01338
1700.0,2231,49784.3933
1720.0,2319,49825.118692
1760.0,2319,49864.922172
1740.0,2303,49902.791029
1740.0,2319,49941.632316
1760.0,2327,49979.318534
1740.0,2311,50017.161109
1760.0,2311,50055.394879
1820.0,2327,50112.442128
1680.0,2199,50148.328495
1780.0,2303,50185.776542
1740.0,2335,50223.120307
1800.0,2327,50263.322399
1700.0,2311,50301.082142
1760.0,2335,50340.410375
1720.0,2249,50377.309489
1780.0,2327,50414.891013
1780.0,2327,50455.186039
1720.0,2319,50493.293909
1720.0,2319,50549.675737
1720.0,2319,50586.976445
1760.0,2335,50626.477957
1760.0,2311,50664.922762
1720.0,2319,50703.27917
1340.0,1853,50733.865653
1820.0,2327,50772.10956
1740.0,2335,50810.943588
1740.0,2311,50849.022455
1720.0,2311,50887.269242
1740.0,2327,50927.228822
1760.0,2327,50985.07673
1880.0,2423,51024.971806
1760.0,2327,51064.752116
1740.0,2311,51104.283162
1560.0,2247,51140.213739
1580.0,2122,51173.86313
1700.0,2311,51213.31876
1780.0,2311,51250.33927
1760.0,2311,51289.444094
1760.0,2311,51327.710285
1740.0,2327,51366.686443
1760.0,2311,51406.458729
1740.0,2319,51462.22567
1760.0,2319,51501.212979
1760.0,2327,51536.984094
1700.0,2319,51575.662918
1760.0,2327,51617.268326
1680.0,2223,51654.543319
1780.0,2335,51693.613592
1760.0,2319,51734.991513
1740.0,2319,51773.909125
1780.0,2319,51814.410918
1740.0,2319,51853.700296
1760.0,2327,51910.690308
1480.0,1999,51942.61525
1720.0,2311,51983.089751
1780.0,2311,52022.370416
1740.0,2311,52062.836614
1780.0,2335,52103.363729
1680.0,2295,52140.11526
1740.0,2327,52178.287357
1760.0,2327,52217.383975
1760.0,2327,52258.577256
1760.0,2327,52297.798553
1740.0,2335,52356.692267
1760.0,2335,52395.168977
1760.0,2327,52433.111942
1760.0,2327,52471.03362
1700.0,2303,52506.01542
1800.0,2327,52545.643312
1740.0,2335,52583.002444
1680.0,2319,52623.5727
1760.0,2327,52662.046067
1760.0,2327,52698.853173
1780.0,2327,52736.719108
1840.0,2375,52793.551352
1720.0,2319,52833.625707
1740.0,2311,52872.441494
1760.0,2311,52912.591345
1760.0,2327,52951.293622
1700.0,2319,52989.821065
920.0,1343,53012.528922
1720.0,2319,53050.922497
1740.0,2319,53089.862454
1360.0,1951,53120.667868
1840.0,2399,53161.892308
1620.0,2191,53215.980926
1740.0,2319,53255.778601
1940.0,2375,53296.615881
1720.0,2327,53337.096346
1640.0,2167,53373.216592
1500.0,2031,53406.505715
1660.0,2151,53441.552992
1520.0,2143,53478.638824
1720.0,2335,53519.002259
1720.0,2318,53556.049608
960.0,1415,53579.84852
1820.0,2367,53620.145523
1740.0,2287,53674.881601
1260.0,1887,53708.829261
1740.0,2319,53748.240495
1680.0,2319,53785.95174
1800.0,2327,53823.821688
1500.0,2063,53858.684353
1760.0,2311,53897.28647
1780.0,2247,53934.559929
1740.0,2335,53974.198201
1560.0,2175,54007.690716
1460.0,2030,54041.778159
1680.0,2311,54080.008304
1620.0,2190,54132.169929
1720.0,2319,54171.736545
1560.0,2061,54207.644928
1720.0,2327,54246.193553
1680.0,2319,54284.029411
1740.0,2327,54321.058127
1720.0,2319,54359.499207
1740.0,2311,54398.723118
1580.0,2135,54434.650085
1760.0,2319,54472.017217
2220.0,2823,54520.250831
2380.0,2839,54587.660598
1760.0,2335,54625.32616
1620.0,2207,54662.077029
1700.0,2311,54699.809734
1740.0,2327,54738.057774
1320.0,1855,54769.027166
1760.0,2327,54807.296414
1840.0,2367,54848.728775
1720.0,2319,54887.329543
1720.0,2303,54928.107703
1740.0,2303,54966.79723
1920.0,2382,55024.096599
1640.0,2319,55062.3343
1800.0,2311,55103.01885
1500.0,1951,55135.009906
1640.0,2217,55171.789823
1660.0,2319,55211.204793
1660.0,2319,55250.117063
1680.0,2319,55288.442901
1640.0,2282,55326.155688
2140.0,2652,55372.287026
1620.0,2311,55412.199267
1680.0,2303,55468.37162
1680.0,2311,55506.78928
1880.0,2375,55547.784853
1660.0,2287,55586.542701
1660.0,2295,55622.839339
1720.0,2311,55660.83587
1700.0,2327,55698.364197
2260.0,2823,55742.025691
2300.0,2831,55788.051519
2180.0,2189,55825.768217
1860.0,2367,55865.185415
1720.0,2327,55921.426001
1680.0,2287,55960.390276
1680.0,2335,55998.881558
1720.0,2319,56039.980077
2300.0,2839,56088.335218
1880.0,2319,56127.994448
1660.0,2319,56167.077159
1640.0,2311,56207.324165
1720.0,2311,56247.098666
3040.0,2711,56294.737138
2240.0,2863,56359.766124
2780.0,2646,56402.708956
2020.0,2735,56446.526492
1700.0,2303,56485.855534
2600.0,2543,56527.867832
1860.0,2487,56567.726648
1800.0,2319,56607.797848
1560.0,1828,56638.505842
2180.0,2698,56681.340148
2580.0,2463,56720.085979
1500.0,2107,56755.441301
1700.0,2206,56810.604836
1800.0,2343,56849.393755
1820.0,2329,56886.975813
2180.0,2847,56934.984687
1780.0,2303,56972.688541
1560.0,2115,57008.416409
2140.0,2759,57052.907083
1820.0,2295,57090.763375
1900.0,1806,57120.009368
1800.0,2335,57159.43938
2280.0,2823,57205.970254
2360.0,2091,57258.875552
2440.0,2407,57301.03909
1840.0,2343,57342.46791
1700.0,2175,57377.196774
2160.0,2871,57427.098488
1720.0,2327,57466.15552
1640.0,2070,57499.617659
1420.0,1721,57528.725238
2120.0,2775,57575.928512
2160.0,2732,57620.645263
2240.0,2758,57684.597857
2060.0,2183,57721.438645
1620.0,2143,57757.116194
3540.0,3015,57808.521723
2100.0,2791,57855.893047
2260.0,2815,57899.816113
1680.0,2295,57938.589995
2160.0,2806,57986.434322
1840.0,2351,58025.646719
1180.0,1772,58052.873378
1620.0,2135,58087.605863
2240.0,2847,58153.297131
1840.0,2327,58191.068063
1880.0,2319,58229.564184
2240.0,2791,58278.435199
2200.0,2052,58313.014586
1800.0,2351,58351.826471
1820.0,2343,58393.56545
2080.0,2167,58429.024438
2140.0,2787,58475.880907
2220.0,2775,58523.23235
1780.0,2279,58582.160554
2080.0,2260,58617.357281
2240.0,2823,58665.582434
1640.0,2132,58702.652642
1820.0,2373,58742.337103
1760.0,2295,58782.43568
1800.0,2367,58822.416004
2340.0,2400,58861.772807
1800.0,1961,58895.545168
3220.0,2884,58945.003846
680.0,1043,58962.799608
2200.0,2807,59028.06832
1700.0,2343,59067.516477
3020.0,2831,59113.153134
1700.0,2255,59150.585
1560.0,2276,59190.470872
1460.0,2175,59226.488196
1660.0,2303,59266.212017
2060.0,2625,59308.90404
2820.0,2510,59349.919357
1820.0,2383,59390.478764
1560.0,2223,59426.828539
1580.0,2255,59481.944472
1380.0,1891,59513.82813
1620.0,1612,59539.879499
1560.0,2247,59576.544356
1440.0,2008,59607.848347
1820.0,2367,59647.259306
1320.0,1951,59680.735859
3140.0,2663,59724.864296
2040.0,2695,59771.488656
1760.0,2367,59810.960296
1860.0,2327,59851.449205
1560.0,2287,59889.942599
1660.0,2295,59948.4735
2280.0,2775,59996.32599
2240.0,2815,60044.961621
1820.0,2311,60082.401222
1840.0,2452,60124.192194
1660.0,2367,60165.224229
2180.0,2767,60212.21236
1560.0,2231,60250.27365
2000.0,2639,60293.968456
2220.0,2847,60341.990388
2180.0,2815,60412.584807
2140.0,2727,60457.339657
1640.0,2279,60497.211962
2260.0,2799,60544.867976
1560.0,2183,60583.667923
1720.0,2191,60621.773384
1780.0,2284,60660.365231
1640.0,2047,60694.500024
2640.0,2626,60738.798774
2120.0,2799,60782.684767
1720.0,2279,60840.993408
1600.0,2247,60878.397792
1760.0,2253,60916.121182
1880.0,2295,60956.368408
1620.0,2307,60996.521345
1620.0,2222,61033.974197
1860.0,2339,61074.955015
1860.0,2295,61112.095669
1960.0,2631,61156.747254
2080.0,2767,61203.917059
1580.0,2063,61237.774991
1720.0,2272,61294.55407
1520.0,1959,61327.002111
2220.0,2791,61374.365815
3400.0,3069,61425.739289
1600.0,2167,61461.217399
1200.0,1793,61490.682722
2100.0,2695,61533.453825
1820.0,2263,61569.426962
1540.0,2073,61603.596934
1440.0,1959,61636.466645
1520.0,2134,61671.021124
1920.0,2547,61729.65822
1660.0,2304,61767.120997
1340.0,1664,61796.517484
2100.0,2767,61842.380908
2060.0,2751,61889.772772
2200.0,2799,61939.052323
3140.0,2749,61985.32148
2260.0,2703,62030.284209
2280.0,2783,62074.985408
1700.0,2239,62113.334
1420.0,1522,62139.522399
1380.0,1967,62190.77106
1880.0,2311,62228.332941
1240.0,1560,62253.286834
2380.0,2759,62300.452128
2120.0,2322,62337.979234
2780.0,2610,62382.710454
1880.0,2287,62421.260199
1680.0,2311,62460.594381
1800.0,2301,62500.242959
2240.0,2823,62547.207623
1780.0,2343,62586.302008
960.0,1459,62628.88358
2220.0,2775,62675.256174
1820.0,2335,62715.600198
2200.0,2775,62762.339705
2260.0,2791,62810.390574
1800.0,2319,62850.161176
2200.0,2695,62896.432645
2180.0,2751,62940.820237
1840.0,2335,62976.358097
2240.0,2735,63022.496157
2220.0,2815,63086.511459
1540.0,1583,63113.640031
1820.0,2367,63153.97169
3180.0,2903,63202.154888
1600.0,2262,63238.798104
1840.0,2311,63278.469903
1840.0,2319,63319.041346
2220.0,2751,63366.113109
2120.0,2807,63413.722632
3220.0,2831,63461.61182
2240.0,2783,63531.014769
1860.0,2327,63569.837532
2220.0,2791,63615.114635
1680.0,2287,63655.38062
1720.0,2333,63695.996665
1880.0,2075,63731.528847
1580.0,2279,63768.261881
1620.0,2279,63808.537762
1600.0,2255,63846.894245
2200.0,2831,63897.373447
1880.0,2319,63937.893583
1780.0,2335,63995.209386
1760.0,2359,64035.976377
2160.0,2799,64082.862706
2240.0,2807,64132.610009
1800.0,2318,64173.671928
1860.0,2316,64211.156371
2140.0,2815,64258.487737
2240.0,2757,64304.957783
1780.0,2299,64344.24585
1760.0,2291,64384.934541
2200.0,2759,64451.143877
1900.0,2311,64489.515548
1760.0,2303,64528.708601
2160.0,2806,64577.304404
2260.0,2791,64623.346062
3060.0,2886,64669.192841
2260.0,2839,64716.540836
2120.0,2783,64764.011147
1880.0,2319,64801.541551
2180.0,2807,64847.77599
1900.0,2295,64908.156659
2280.0,2759,64955.716062
2080.0,2743,65003.415426
1640.0,2247,65041.125855
1780.0,2391,65081.28352
2280.0,2767,65129.864444
1860.0,2327,65168.820951
1880.0,2439,65207.957912
1860.0,2303,65247.341115
1460.0,1874,65278.982853
3400.0,3011,65351.925712
2260.0,2815,65401.644693
2180.0,2799,65449.404508
2220.0,2791,65496.245882
1740.0,2287,65536.188345
3460.0,2676,65583.027051
2140.0,2719,65629.954997
1780.0,2255,65668.257586
1800.0,2351,65706.781888
2180.0,2767,65753.141412
1740.0,2303,65813.790312
1640.0,2287,65852.015157
2180.0,2743,65898.02925
2220.0,2791,65947.555636
1840.0,2303,65985.981816
2120.0,2831,66033.638705
3300.0,2744,66080.248914
2240.0,2791,66124.592134
2200.0,2807,66171.501704
2080.0,2672,66216.351904
1740.0,2351,66279.693629
2640.0,2383,66319.082762
1820.0,2311,66360.176089
1820.0,2335,66400.3173
1680.0,2295,66441.352846
1820.0,2343,66479.185948
1840.0,2471,66521.993907
1440.0,1879,66552.335693
2060.0,2127,66589.213265
2280.0,2807,66634.577957
1940.0,2487,66675.63167
2260.0,2783,66741.671068
2180.0,2751,66789.63878
2200.0,2791,66837.915873
3140.0,2791,66885.181802
3380.0,2943,66936.692433
4160.0,3338,66994.425101
2600.0,2367,67032.665161
2260.0,2759,67082.087461
2360.0,2205,67120.275224
2120.0,2775,67185.871032
2260.0,2839,67233.173065
1840.0,2303,67272.653535
2260.0,2831,67318.602549
1440.0,1678,67347.979147
1680.0,2263,67383.960986
2280.0,2807,67429.990765
2000.0,2591,67472.985429
2120.0,2685,67516.90155
3380.0,3135,67570.378303
2180.0,2761,67638.749384
3700.0,3063,67688.050153
2140.0,2743,67735.113901
1400.0,2039,67770.020234
2340.0,2823,67816.10292
2640.0,2501,67856.896946
2200.0,2799,67902.999516
2220.0,2661,67947.710642
3260.0,2792,67994.587495
1480.0,2007,68027.039774
1540.0,2071,68082.992799
2280.0,2831,68131.923354
1580.0,2263,68169.283574
2180.0,2823,68213.652962
2260.0,2831,68261.462482
2280.0,2821,68308.516867
2220.0,2839,68359.552415
3040.0,2887,68407.569105
2680.0,2634,68450.682417
1840.0,2319,68509.645792
2200.0,2791,68555.928481
2140.0,2757,68600.442195
2680.0,2460,68637.607392
2180.0,2759,68682.062453
1880.0,2343,68718.98014
2240.0,2861,68766.707158
2200.0,2807,68814.480665
3640.0,2968,68865.714935
3500.0,3087,68938.137744
2280.0,2807,68984.353866
1840.0,2367,69021.764131
1820.0,2311,69057.059567
3080.0,2863,69103.900951
2180.0,2807,69148.579368
3700.0,3159,69201.083209
3020.0,2785,69249.432017
2860.0,2584,69292.211204
2180.0,2839,69339.195338
2120.0,2711,69405.106102
1240.0,1761,69435.193007
1660.0,2255,69470.429556
2480.0,2373,69510.144421
1260.0,1827,69541.846915
2520.0,2375,69580.217945
2240.0,2815,69627.627453
1920.0,2327,69665.335384
2200.0,2204,69701.924921
1800.0,2303,69740.732105
2100.0,2727,69784.832498
2140.0,2351,69847.123541
2220.0,2807,69892.520651
3180.0,2925,69938.400095
2160.0,2799,69983.645832
2240.0,2783,70030.309011
2440.0,2455,70069.099705
1660.0,1618,70094.032535
2280.0,2807,70137.788446
1920.0,2479,70177.5705
2260.0,2215,70211.954074
1800.0,2327,70267.779783
3980.0,3287,70317.21172
1600.0,2078,70352.562466
3360.0,2645,70392.863736
2820.0,2847,70439.884423
1820.0,2327,70478.326004
2480.0,2489,70520.266245
1600.0,2199,70554.760465
1700.0,2279,70594.041547
1720.0,2365,70632.933789
2220.0,2791,70700.275015
3200.0,2823,70747.200032
2140.0,2735,70790.25257
1820.0,2423,70828.066056
2160.0,2775,70873.11301
2220.0,2759,70916.326486
3100.0,2865,70961.643899
2100.0,2679,71005.080214
2260.0,2312,71043.753088
1820.0,2548,71084.242487
2280.0,2807,71151.242583
2900.0,2717,71197.392007
2860.0,2791,71242.335246
1780.0,2543,71281.954926
2240.0,2783,71328.188255
2640.0,2477,71367.660094
4120.0,3308,71422.395508
1740.0,2287,71459.526488
3960.0,3319,71515.169444
3520.0,3047,71585.285108
1820.0,2335,71621.832628
2140.0,2823,71668.143234
2140.0,2743,71712.1924
2440.0,2367,71748.270578
2260.0,2807,71794.107911
2100.0,2727,71838.764978
3680.0,3287,71892.311904
3440.0,3095,71944.56168
1820.0,2375,71999.588666
2200.0,2759,72043.444898
2620.0,2458,72085.722301
2660.0,2531,72127.792438
2080.0,2759,72174.053736
1580.0,2063,72207.190665
2660.0,2711,72252.599884
2080.0,2636,72297.247243
2220.0,2735,72343.385583
2160.0,2752,72391.108372
1800.0,2429,72449.330656
2380.0,2383,72488.915897
1580.0,2231,72525.493647
2600.0,2591,72567.607799
2240.0,2798,72612.104804
3920.0,3271,72666.185082
3540.0,3047,72715.396523
1760.0,2375,72754.535006
2700.0,2568,72796.54983
2160.0,2775,72841.322953
3140.0,2746,72905.716074
2040.0,2191,72939.691968
1680.0,2311,72977.196337
3180.0,2767,73022.948414
2960.0,2807,73068.539198
3860.0,3319,73124.433815
1960.0,2599,73168.413298
2180.0,2783,73213.504109
2200.0,2807,73261.758263
2080.0,2815,73326.890193
1780.0,2319,73364.314357
2240.0,2775,73410.853492
1800.0,2343,73450.624457
2160.0,2791,73496.029068
2380.0,2350,73533.542862
3180.0,2699,73575.899785
2120.0,2797,73622.67015
3160.0,2991,73671.758746
2120.0,2767,73717.500783
3640.0,3139,73791.306069
3320.0,2879,73835.189752
2120.0,2775,73882.137614
3880.0,3351,73935.940097
2140.0,2767,73980.548902
1980.0,2584,74022.621951
1680.0,2351,74059.924714
4140.0,3311,74111.142369
3220.0,2839,74156.500932
3200.0,2967,74221.438729
2140.0,2799,74266.238198
2160.0,2823,74312.808035
2920.0,2545,74354.543907
2240.0,2367,74391.839932
1880.0,2431,74429.561653
3900.0,3351,74484.277166
2920.0,2568,74526.375131
2560.0,2419,74562.939764
2500.0,2487,74621.124057
3300.0,2915,74668.193994
1820.0,2343,74705.008048
3100.0,2999,74752.012697
2860.0,2535,74789.488875
2620.0,2589,74830.294761
1880.0,2472,74869.263097
1740.0,2399,74908.807294
2920.0,2527,74948.451173
3240.0,2909,74992.657743
1880.0,2351,75048.294322
1600.0,2295,75081.779048
2620.0,2583,75122.873279
2240.0,2831,75169.302482
2120.0,2783,75212.451217
3920.0,3290,75263.346517
2100.0,2759,75306.345167
1820.0,2343,75345.471974
1000.0,1631,75370.807993
2240.0,2775,75416.946919
1780.0,2439,75471.138398
3900.0,3335,75524.903383
4040.0,3335,75575.547844
2140.0,2735,75618.017554
2720.0,2572,75658.035978
3200.0,2887,75702.182478
1560.0,2110,75733.700557
1840.0,2232,75768.727307
2380.0,2175,75805.25839
3540.0,2929,75871.812129
3580.0,3031,75921.870547
3900.0,3175,75970.933591
3940.0,3319,76023.846572
2080.0,2799,76066.618226
3060.0,2680,76107.248725
3440.0,2923,76152.7754
3460.0,2999,76202.7256
2180.0,2831,76244.637262
1860.0,2359,76299.836929
2360.0,2455,76337.550519
2380.0,2358,76374.960107
3600.0,3055,76423.660116
2140.0,2767,76463.716881
2140.0,2759,76505.839069
2320.0,2338,76542.841263
2720.0,2619,76583.250659
3980.0,3327,76635.770754
2340.0,2008,76664.623633
2180.0,2823,76729.86885
3600.0,3055,76776.819724
1980.0,2567,76818.854118
2400.0,2367,76855.164977
2120.0,2751,76899.812968
3880.0,3207,76952.037752
2900.0,2415,76992.46401
3660.0,3087,77040.00984
2140.0,2200,77071.703852
2180.0,2775,77132.56856
1940.0,2831,77175.504887
4300.0,3319,77231.079008
3220.0,2791,77274.095344
900.0,1447,77295.442789
3340.0,2921,77340.841033
2840.0,2687,77384.035417
1440.0,1903,77413.1984
1860.0,2511,77453.527959
3380.0,2939,77500.02474
2100.0,2727,77557.167067
1860.0,2314,77591.324793
2920.0,2663,77634.288996
1860.0,2327,77671.240076
3340.0,2879,77712.688271
2080.0,2759,77755.248243
4120.0,3321,77807.803778
1500.0,2163,77838.991983
3160.0,2695,77880.816787
3140.0,2935,77928.946909
1660.0,2239,77981.824114
2140.0,2783,78027.137159
3260.0,2862,78073.364719
2060.0,2639,78114.438873
1800.0,2343,78152.144204
1780.0,2351,78187.945555
2860.0,2556,78226.24376
3380.0,2957,78271.348536
1780.0,2433,78305.688401
3660.0,2967,78373.055365
3300.0,2880,78414.874418
3700.0,3095,78463.115627
2240.0,2223,78496.16475
3440.0,2892,78543.063512
3620.0,3087,78591.57218
3320.0,2914,78639.699452
3700.0,3327,78694.481941
2540.0,2383,78731.668894
1820.0,2359,78767.786175
3800.0,3166,78833.147335
2880.0,2604,78869.694467
3460.0,2919,78914.435992
3400.0,3119,78961.117101
1700.0,2205,78995.762506
2840.0,2470,79034.275819
3220.0,2772,79075.386905
1700.0,2228,79110.043187
3120.0,2956,79153.227311
3240.0,2943,79215.494176
2100.0,2647,79255.846705
2520.0,2396,79290.639879
2200.0,2727,79335.062539
2160.0,2783,79378.786526
2080.0,2647,79420.31824
2200.0,2807,79462.538315
3600.0,3063,79512.9402
1800.0,2335,79546.665473
3460.0,3063,79612.961025
2120.0,2703,79654.320813
1820.0,2471,79689.940546
3380.0,2903,79735.488983
2140.0,2735,79776.897325
4020.0,3335,79830.382874
3360.0,2975,79872.619699
3400.0,2895,79915.079079
3680.0,3047,79960.59277
2560.0,2551,80017.326922
4140.0,3319,80065.865096
3260.0,2855,80109.707185
2780.0,2604,80149.590172
2320.0,1951,80178.245549
3220.0,2700,80219.209572
2260.0,2799,80262.336817
2140.0,2735,80302.924455
2040.0,2719,80341.687138
4380.0,3335,80408.823741
4200.0,3335,80458.460454
2100.0,2687,80501.210424
2240.0,2799,80541.293967
3240.0,2877,80584.143843
4100.0,3351,80632.954664
3280.0,2776,80677.16883
3240.0,2903,80717.933049
3380.0,2911,80762.12758
3060.0,2751,80819.200794
2680.0,2391,80852.459559
3380.0,2855,80894.779772
4100.0,3327,80945.213191
3620.0,3041,80988.875691
2900.0,2511,81024.139184
4160.0,3311,81072.051181
3440.0,2871,81111.31956
2500.0,2255,81143.130734
3520.0,2911,81202.499647
4120.0,3295,81251.319202
3740.0,3039,81296.261721
2260.0,2815,81336.333683
2820.0,2625,81372.978024
2260.0,2791,81412.508067
3320.0,2903,81454.756894
1880.0,2527,81491.002419
3720.0,3351,81539.721178
2760.0,2527,81594.693237
3160.0,2847,81637.868236
2880.0,2911,81680.946348
3120.0,2959,81723.725587
1860.0,2367,81755.951251
2140.0,2751,81797.932908
3760.0,2823,81840.607787
2220.0,2719,81879.533403
2800.0,2895,81923.64214
3100.0,2656,81977.377203
3040.0,2703,82019.1236
3280.0,2855,82060.313643
3080.0,2927,82104.53399
2840.0,2673,82140.918232
1880.0,2487,82174.946469
4340.0,3351,82222.82034
1140.0,1711,82246.554165
1940.0,2591,82285.500363
2100.0,2719,82327.121382
3160.0,2896,82387.381328
3060.0,2844,82432.761762
3100.0,3079,82480.08027
3720.0,2967,82522.585141
2840.0,2520,82560.187857
2240.0,2791,82603.241943
4080.0,3351,82654.541801
3700.0,3063,82699.753712
1820.0,2343,82735.928756
4100.0,3335,82803.032867
3940.0,3263,82852.075059
1580.0,2311,82887.518543
3360.0,2748,82925.123734
2240.0,2791,82966.4415
4200.0,3335,83016.936033
4020.0,3279,83063.137286
2220.0,2192,83096.281162
1680.0,1876,83122.031333
1640.0,1911,83170.596245
4040.0,3293,83217.85829
2020.0,2072,83246.199643
2100.0,2695,83282.791771
4980.0,3847,83337.768345
1460.0,1943,83363.570515
2160.0,2823,83401.459469
3820.0,3127,83444.712126
4280.0,3334,83493.320633
3900.0,3327,83556.102104
2120.0,2799,83596.27854
4000.0,3327,83644.267549
1840.0,2431,83680.23693
2140.0,2725,83720.741519
2060.0,2623,83756.723418
4140.0,3319,83802.038667
2260.0,2799,83842.117313
3480.0,3271,83890.642519
1540.0,2092,83936.463256
4040.0,3224,83980.538529
1980.0,2631,84019.043012
2540.0,2431,84054.238734
1780.0,2381,84089.2268
3480.0,3015,84134.324162
3600.0,2998,84181.675498
2260.0,2799,84224.130285
4080.0,3215,84271.706681
1700.0,2335,84322.455403
4040.0,3277,84372.610877
2160.0,2767,84410.722948
3380.0,3103,84455.21336
3660.0,3031,84500.763269
1780.0,2359,84533.133477
2460.0,2391,84569.842816
3640.0,3024,84613.448355
1780.0,2359,84644.986208
3840.0,3070,84709.154429
2780.0,2519,84748.4876
4060.0,3319,84796.657241
3300.0,2908,84835.550515
3280.0,2881,84876.288403
2700.0,2431,84909.903726
3040.0,2607,84944.942452
4020.0,3319,84992.739644
2220.0,2791,85034.251109
2220.0,2807,85089.335864
3800.0,3319,85136.004672
3380.0,2951,85179.000819
1720.0,1959,85204.419787
3280.0,3015,85245.571271
1840.0,1991,85272.518107
4200.0,3311,85319.496776
3500.0,2847,85356.347452
3280.0,2847,85395.247781
3520.0,2879,85449.588638
2540.0,2383,85484.089915
3300.0,2919,85522.510612
3600.0,3070,85568.098984
2620.0,2439,85603.334086
3240.0,2831,85642.606061
2900.0,2580,85679.368512
2040.0,2687,85717.092205
1780.0,2351,85749.648353
3480.0,2844,85790.82004
4060.0,3279,85855.979443
4100.0,3324,85903.12963
3800.0,2839,85944.424748
3400.0,2840,85984.621848
4060.0,3319,86030.883342
2940.0,2684,86070.125053
2420.0,2301,86101.703615
4140.0,3327,86148.447423
2200.0,2775,86200.950661
4200.0,3327,86247.75519
2060.0,2623,86286.788709
3920.0,3116,86328.222311
1080.0,1615,86351.194393
4100.0,3335,86396.533703
1980.0,2687,86433.25439
4240.0,3318,86478.679187
3520.0,2863,86519.605373
1920.0,2793,86570.74933
4260.0,3311,86614.975637
3100.0,2703,86650.234937
4140.0,3359,86698.48045
3440.0,2991,86737.911126
3280.0,2903,86779.48132
2780.0,2527,86812.854203
3260.0,2935,86854.574138
2760.0,2495,86890.490697
4220.0,3343,86950.4897
4100.0,3295,86995.673012
4120.0,3327,87042.992905
2700.0,2743,87080.926234
3520.0,2828,87121.93443
2240.0,2847,87160.221838
3860.0,3167,87204.559507
1820.0,2319,87236.803082
1900.0,2567,87270.019929
3520.0,2839,87322.749095
4240.0,3311,87366.468199
3320.0,2865,87405.350445
2040.0,2559,87439.892649
4280.0,3367,87486.5097
2100.0,2743,87524.608729
4000.0,3351,87571.61236
1880.0,2324,87603.004661
