#{"t_start": 1707597674.695232, "env_id": "ALE/Qbert-v5"}
r,l,t
75.0,326,14.228698
50.0,304,19.278687
175.0,309,23.991425
550.0,395,29.667704
600.0,386,35.592905
0.0,328,41.020518
200.0,305,45.629784
75.0,341,50.58741
200.0,383,56.611393
0.0,292,61.155552
125.0,339,66.603481
175.0,399,73.321676
275.0,416,80.548031
275.0,417,87.396085
0.0,294,91.454689
225.0,391,97.366774
50.0,305,101.418571
625.0,404,108.14704
500.0,319,112.491158
125.0,339,117.421811
50.0,302,121.802265
75.0,303,126.697301
50.0,274,130.735737
75.0,341,135.969357
225.0,356,141.323272
450.0,349,146.929103
25.0,314,151.716081
525.0,401,157.701841
400.0,494,165.439717
150.0,454,171.878097
125.0,325,176.716896
225.0,360,181.891596
150.0,298,186.040062
350.0,416,192.93818
200.0,302,196.86881
475.0,589,206.005068
250.0,374,211.673723
250.0,361,217.386338
200.0,371,222.828744
150.0,319,227.114229
75.0,304,230.814732
400.0,422,236.601671
350.0,437,243.324214
300.0,323,248.390468
125.0,334,253.589754
200.0,320,258.87961
325.0,453,266.779446
175.0,362,272.795505
125.0,324,277.881315
300.0,405,284.491961
175.0,285,288.897202
350.0,379,295.148665
200.0,325,300.50598
575.0,404,306.416214
350.0,418,312.311828
400.0,375,318.491793
300.0,385,324.089077
250.0,364,329.945468
175.0,330,335.167974
275.0,418,342.150779
350.0,354,347.370962
250.0,334,351.940571
275.0,303,356.460675
300.0,325,361.876991
325.0,320,367.104928
225.0,335,372.283303
225.0,310,376.948764
350.0,382,383.046666
200.0,370,388.533914
150.0,290,392.958665
225.0,327,398.231719
325.0,391,404.211294
275.0,315,408.905177
200.0,309,414.013067
325.0,305,418.7864
275.0,433,425.984849
125.0,385,432.284267
425.0,413,439.384757
175.0,335,444.159802
150.0,280,447.684009
250.0,375,453.092693
250.0,358,458.527676
275.0,390,465.311247
325.0,478,476.233382
300.0,344,481.067043
200.0,315,485.96021
375.0,407,492.206634
275.0,347,498.119761
325.0,330,503.329377
275.0,380,509.433941
225.0,291,513.954716
225.0,343,519.230835
250.0,295,523.844147
350.0,344,528.977011
250.0,330,534.549582
300.0,399,540.821219
350.0,395,547.28142
275.0,303,551.627008
300.0,423,558.02951
175.0,340,563.46606
350.0,335,568.610664
225.0,308,573.329979
350.0,305,578.067122
275.0,409,584.773039
375.0,519,592.665588
375.0,368,597.713547
275.0,401,603.191797
300.0,371,608.894635
325.0,318,613.396218
250.0,344,618.779372
175.0,314,623.379485
300.0,387,629.896375
275.0,405,636.321506
250.0,308,640.763567
150.0,283,645.182667
400.0,440,652.328564
275.0,338,656.782495
200.0,273,660.541972
225.0,329,664.845824
200.0,279,668.688574
275.0,370,674.640392
350.0,358,680.514676
300.0,368,686.816014
275.0,330,691.95626
300.0,323,696.609408
275.0,324,702.088339
350.0,334,707.7221
250.0,347,713.087537
300.0,357,718.434185
325.0,360,723.851243
250.0,347,728.517207
225.0,350,734.194619
300.0,435,741.584313
275.0,286,746.232976
150.0,324,750.715191
250.0,359,756.322177
375.0,463,762.959412
300.0,361,768.040154
300.0,410,774.665396
300.0,390,781.162046
300.0,394,786.97158
425.0,411,793.791614
200.0,409,799.3198
225.0,290,803.28668
400.0,406,808.913915
325.0,450,815.943522
250.0,293,820.367375
275.0,342,825.842777
250.0,294,830.331796
375.0,410,837.303993
275.0,310,841.666318
275.0,420,847.633626
175.0,309,852.231542
300.0,360,857.171827
275.0,329,861.941764
325.0,361,866.985723
275.0,308,871.360909
225.0,346,876.649565
275.0,297,881.414979
250.0,322,885.899604
225.0,355,890.715822
325.0,390,896.205661
425.0,415,901.924913
375.0,474,908.965056
300.0,333,914.117913
300.0,368,920.283095
675.0,491,931.350778
425.0,536,939.544151
350.0,386,945.96119
225.0,322,950.632722
300.0,425,957.401889
400.0,433,964.119533
150.0,381,969.62043
575.0,464,976.372516
325.0,359,981.964681
750.0,508,989.927855
350.0,393,995.956247
375.0,465,1003.629061
350.0,397,1009.699642
375.0,428,1016.845833
325.0,419,1023.081484
650.0,408,1028.785438
425.0,606,1037.495238
200.0,352,1041.83545
325.0,391,1046.929353
200.0,305,1052.075798
325.0,363,1057.172889
350.0,371,1062.625699
250.0,303,1067.042776
275.0,318,1071.898414
325.0,403,1077.80346
375.0,307,1082.449665
400.0,398,1088.445104
325.0,352,1094.040658
600.0,410,1100.759984
250.0,336,1105.369071
325.0,410,1111.123794
350.0,417,1117.736496
250.0,374,1123.428748
425.0,435,1129.941351
650.0,432,1136.494659
625.0,391,1142.472329
300.0,342,1147.862535
700.0,419,1154.718056
650.0,430,1161.026806
725.0,410,1166.867138
250.0,308,1170.904673
600.0,413,1177.050906
400.0,515,1184.9855
325.0,310,1189.602796
700.0,453,1196.713687
675.0,464,1204.156651
325.0,422,1210.873558
250.0,295,1215.164221
325.0,407,1221.502197
400.0,508,1230.162076
650.0,459,1237.791255
700.0,375,1243.343905
375.0,398,1249.509457
400.0,419,1255.253827
450.0,617,1264.96889
325.0,359,1270.738573
650.0,425,1276.643152
325.0,365,1281.776904
750.0,416,1287.502429
625.0,423,1293.925906
700.0,434,1299.724249
450.0,510,1306.744395
700.0,482,1314.705659
725.0,440,1322.598662
325.0,383,1328.994636
300.0,322,1333.360817
375.0,383,1338.425811
700.0,408,1344.106681
650.0,387,1350.502852
725.0,534,1359.478072
350.0,315,1363.993445
675.0,383,1369.309435
700.0,404,1377.715981
400.0,403,1383.960293
400.0,430,1390.746209
475.0,414,1397.775434
700.0,435,1405.258855
725.0,505,1413.012549
650.0,439,1419.155325
425.0,418,1425.64596
675.0,462,1432.567439
700.0,407,1438.491102
400.0,343,1443.338344
750.0,442,1450.425178
725.0,535,1458.616793
450.0,408,1464.554529
400.0,448,1471.982791
350.0,356,1476.78921
675.0,401,1482.190988
675.0,415,1488.811606
675.0,423,1494.781713
475.0,682,1506.203531
725.0,470,1513.847844
400.0,380,1519.690258
700.0,529,1527.487431
375.0,543,1535.328567
425.0,553,1544.689574
425.0,450,1551.241442
350.0,438,1557.478709
350.0,414,1562.968611
625.0,368,1568.214516
450.0,604,1576.856401
725.0,459,1584.221099
750.0,410,1590.925974
400.0,433,1598.279423
400.0,398,1603.728258
425.0,367,1608.668233
700.0,386,1613.621215
650.0,452,1620.777038
700.0,373,1626.779858
425.0,410,1632.710806
700.0,473,1640.177801
725.0,588,1648.825259
475.0,574,1658.705866
700.0,399,1665.554074
700.0,533,1674.075713
750.0,458,1681.592325
725.0,452,1688.043849
700.0,505,1696.069103
375.0,361,1701.736908
700.0,410,1707.92928
675.0,496,1715.063927
750.0,430,1722.211183
700.0,488,1730.422696
525.0,521,1739.038434
450.0,485,1746.270735
800.0,495,1754.214295
350.0,414,1760.804937
450.0,432,1767.451895
725.0,543,1775.222155
725.0,399,1781.653255
675.0,440,1788.250045
750.0,480,1795.025973
725.0,485,1801.723561
750.0,420,1808.072477
725.0,415,1817.162681
350.0,329,1821.868354
675.0,368,1827.528132
775.0,437,1834.320467
725.0,434,1841.573688
775.0,390,1847.279663
675.0,416,1853.150666
450.0,424,1858.932906
425.0,339,1864.253687
725.0,439,1871.287314
300.0,354,1876.64221
750.0,565,1885.450916
675.0,383,1891.077137
350.0,435,1898.107734
725.0,465,1905.175326
675.0,455,1912.242112
725.0,598,1922.278738
750.0,558,1931.477218
650.0,420,1938.128777
325.0,341,1943.396579
675.0,427,1950.265722
775.0,489,1957.488695
775.0,532,1964.963854
375.0,382,1970.143035
350.0,416,1976.770685
700.0,478,1983.760362
275.0,387,1989.291817
700.0,409,1994.810334
775.0,439,2002.314142
450.0,549,2011.243781
750.0,419,2016.965483
775.0,605,2026.433634
725.0,377,2032.324464
750.0,521,2040.18799
800.0,597,2048.320147
450.0,560,2057.33446
775.0,500,2065.160144
725.0,431,2070.796513
800.0,630,2080.79382
775.0,566,2089.660043
750.0,481,2097.029901
750.0,441,2103.887328
700.0,483,2110.525824
325.0,302,2114.954379
750.0,496,2122.766761
800.0,478,2130.786535
350.0,463,2138.107094
775.0,592,2147.60012
725.0,462,2155.18234
775.0,525,2163.905983
750.0,400,2169.587985
750.0,458,2177.299643
675.0,391,2183.591039
375.0,434,2190.265111
775.0,490,2198.381513
750.0,576,2207.914994
800.0,436,2214.707089
475.0,427,2221.486928
750.0,534,2230.513013
775.0,530,2238.089824
925.0,522,2245.608833
725.0,401,2251.006571
275.0,348,2256.027273
775.0,582,2269.280312
775.0,551,2276.985876
800.0,472,2284.213441
775.0,388,2290.310882
750.0,480,2298.168235
775.0,484,2305.497743
800.0,581,2314.055553
750.0,494,2322.932042
750.0,445,2329.873854
775.0,590,2339.316693
425.0,437,2346.160739
775.0,405,2351.951877
775.0,524,2359.715426
725.0,448,2365.809331
775.0,503,2373.399924
800.0,486,2381.176142
725.0,472,2389.111641
825.0,564,2398.277132
725.0,488,2405.364884
350.0,378,2411.170016
750.0,412,2417.264898
750.0,480,2425.446096
400.0,387,2431.596625
775.0,496,2439.012904
725.0,498,2446.885358
775.0,566,2456.130216
825.0,534,2464.075901
775.0,525,2472.623634
775.0,510,2480.700699
425.0,420,2486.008243
775.0,467,2492.44982
750.0,431,2499.016847
775.0,463,2506.206119
750.0,384,2512.343203
3950.0,736,2523.927461
800.0,558,2532.759247
725.0,527,2540.864966
750.0,480,2547.793958
800.0,648,2557.133716
750.0,563,2564.756484
825.0,595,2574.046308
825.0,749,2585.460652
800.0,501,2592.175381
775.0,595,2601.872703
375.0,382,2607.003737
775.0,505,2614.087929
825.0,539,2622.60591
4575.0,613,2632.600282
800.0,560,2640.815939
825.0,503,2648.509144
800.0,696,2659.412318
800.0,587,2669.351341
800.0,455,2675.940628
300.0,375,2681.349699
775.0,470,2688.836775
725.0,501,2700.053261
800.0,537,2707.361719
800.0,535,2714.668158
775.0,567,2722.588746
775.0,540,2731.007624
775.0,553,2739.05535
775.0,437,2745.290653
725.0,518,2752.660969
825.0,588,2762.495595
750.0,432,2769.756218
4075.0,684,2780.583172
750.0,538,2788.19883
825.0,657,2797.907992
800.0,575,2806.298703
800.0,530,2814.690116
450.0,595,2824.053383
775.0,538,2832.213282
775.0,524,2840.538025
750.0,537,2848.259906
825.0,519,2856.725602
775.0,515,2864.97145
450.0,355,2869.439467
4000.0,596,2878.641956
775.0,551,2887.580576
800.0,613,2896.822504
800.0,495,2903.86868
800.0,715,2915.685666
1425.0,862,2929.452702
825.0,494,2937.110728
775.0,470,2944.557864
825.0,544,2953.150394
775.0,573,2960.938439
825.0,486,2967.619686
375.0,304,2971.671035
800.0,524,2978.87329
825.0,572,2987.54705
725.0,451,2994.66399
3975.0,794,3007.838221
775.0,552,3016.46593
775.0,556,3024.677538
825.0,593,3032.791485
775.0,469,3039.252961
800.0,603,3048.01078
4075.0,804,3060.334242
800.0,567,3068.252715
775.0,491,3074.822408
825.0,510,3081.915859
775.0,513,3089.392468
800.0,537,3097.940593
4075.0,608,3107.330051
825.0,636,3116.179529
825.0,750,3132.153488
775.0,565,3140.689064
3950.0,605,3150.104469
4075.0,652,3160.310887
725.0,458,3167.068254
825.0,640,3176.92974
775.0,504,3183.957712
4075.0,610,3193.229236
825.0,470,3201.019035
4175.0,653,3210.757944
750.0,497,3218.087675
4575.0,792,3230.792063
825.0,593,3239.643258
4200.0,765,3250.453331
4075.0,665,3260.353189
800.0,592,3270.020383
400.0,345,3274.694008
4125.0,674,3285.245426
625.0,436,3291.387639
700.0,440,3298.24528
800.0,552,3306.937728
825.0,700,3317.397788
825.0,580,3325.420815
4075.0,639,3335.942623
775.0,502,3344.415852
775.0,574,3353.817895
825.0,507,3361.480362
825.0,546,3369.674188
800.0,515,3377.464806
675.0,390,3383.34566
825.0,561,3391.910324
800.0,488,3399.569431
775.0,417,3405.902804
1425.0,847,3419.766058
750.0,510,3427.874974
775.0,549,3436.525961
800.0,502,3444.585204
4200.0,667,3454.086964
725.0,553,3462.507432
825.0,797,3475.801615
825.0,677,3487.32644
800.0,540,3495.818741
3975.0,554,3503.992657
825.0,497,3510.591618
800.0,560,3517.99807
825.0,540,3525.503586
4250.0,644,3535.833166
825.0,584,3545.340537
825.0,685,3561.03972
825.0,594,3570.495474
725.0,441,3577.286841
825.0,537,3584.841961
825.0,584,3594.172063
4125.0,875,3607.380056
4175.0,934,3622.916029
825.0,673,3633.022712
800.0,616,3641.730054
825.0,595,3650.344924
800.0,533,3658.382353
4175.0,809,3671.656922
825.0,534,3679.415112
4100.0,710,3689.962258
825.0,674,3700.917584
825.0,484,3708.239533
825.0,605,3716.766341
825.0,585,3726.392958
825.0,985,3741.398909
4250.0,832,3754.749911
800.0,485,3761.882673
4075.0,615,3770.95342
4225.0,827,3784.253558
800.0,612,3794.144552
825.0,623,3803.531791
4075.0,634,3812.204896
4175.0,644,3821.844077
4150.0,754,3832.881197
775.0,512,3840.717726
825.0,709,3852.676717
4075.0,695,3864.047508
4075.0,709,3875.830266
800.0,630,3885.781209
4575.0,813,3898.823497
825.0,499,3906.527458
4075.0,724,3918.109896
800.0,650,3929.001642
4225.0,712,3940.20407
925.0,845,3953.869506
800.0,888,3968.296963
775.0,454,3975.173404
1325.0,730,3992.855089
825.0,617,4001.414984
4550.0,859,4014.748727
4075.0,763,4025.880955
825.0,693,4035.631307
4150.0,688,4045.939399
4250.0,784,4058.550611
4200.0,714,4070.249358
825.0,595,4079.732156
4200.0,752,4092.041251
750.0,587,4100.596051
4175.0,660,4110.343928
825.0,711,4122.376786
4075.0,647,4133.075336
825.0,609,4142.70278
825.0,599,4152.402469
825.0,696,4163.536876
825.0,686,4173.647401
4075.0,687,4183.314691
4575.0,893,4195.922118
4175.0,755,4207.039526
4250.0,692,4218.286755
4125.0,699,4228.775105
800.0,478,4236.810621
4125.0,633,4247.180963
825.0,503,4254.611711
825.0,692,4264.164622
4475.0,828,4276.256892
825.0,743,4287.489849
825.0,650,4298.097023
4200.0,737,4310.345759
825.0,510,4317.792677
825.0,821,4329.874679
775.0,630,4339.261447
4075.0,671,4349.357562
775.0,501,4356.220691
825.0,653,4365.365575
4075.0,654,4375.431904
4175.0,717,4387.132682
4200.0,645,4396.870144
4325.0,825,4413.75431
4075.0,634,4423.327022
825.0,627,4432.884347
825.0,649,4441.899905
825.0,657,4451.326122
4300.0,753,4462.947596
4075.0,647,4472.900523
4075.0,628,4482.213255
4175.0,662,4492.542155
4175.0,687,4503.340706
4225.0,707,4515.212779
4225.0,647,4525.902626
4250.0,718,4536.977153
825.0,784,4549.221451
4350.0,778,4561.478174
4150.0,739,4572.499733
4075.0,655,4583.51423
4375.0,749,4596.635868
4225.0,723,4609.086963
4275.0,752,4620.841393
4575.0,804,4633.495676
825.0,633,4643.563986
4225.0,769,4653.908166
825.0,600,4662.368459
4075.0,713,4673.128943
825.0,810,4685.677596
4775.0,800,4697.555095
825.0,673,4707.184246
4200.0,880,4720.292487
4400.0,822,4733.231851
4125.0,671,4744.202832
825.0,709,4755.087
825.0,485,4762.715266
4575.0,818,4775.894008
775.0,563,4784.748227
4075.0,728,4796.288715
4125.0,676,4806.264097
4225.0,774,4818.894711
4750.0,768,4836.123598
4400.0,814,4848.449256
4250.0,758,4860.007691
1325.0,944,4873.771391
4325.0,697,4883.874468
4850.0,923,4898.49479
4200.0,680,4909.117041
4225.0,902,4922.881572
4625.0,798,4935.905635
4175.0,680,4946.277573
4075.0,572,4955.106637
4075.0,690,4967.050232
4075.0,657,4977.549511
3950.0,585,4985.646601
775.0,600,4994.466741
4575.0,758,5005.981557
4725.0,786,5018.34132
4225.0,690,5029.225677
5350.0,968,5043.769989
4275.0,724,5054.62793
4225.0,678,5065.58943
800.0,770,5077.172049
4725.0,764,5089.832473
4075.0,788,5102.763956
4075.0,649,5112.594529
4675.0,801,5125.588938
4100.0,994,5142.110573
4575.0,793,5153.352336
825.0,630,5162.867506
4175.0,757,5175.161441
5125.0,999,5189.603505
4250.0,774,5201.690632
4725.0,838,5214.277409
4150.0,595,5222.788367
4225.0,758,5234.581909
4250.0,769,5246.541027
4700.0,837,5266.383378
4300.0,895,5280.121494
4875.0,992,5294.871417
4575.0,738,5306.260721
4850.0,947,5321.756471
4175.0,741,5332.454241
825.0,710,5343.238058
4275.0,824,5356.224154
825.0,885,5368.77307
4175.0,771,5379.874573
4325.0,813,5392.226488
4250.0,659,5402.006948
4825.0,882,5416.459997
775.0,488,5424.496829
4175.0,787,5436.821997
4825.0,916,5451.839233
4275.0,879,5465.735883
4375.0,857,5479.284537
4675.0,777,5490.688657
4575.0,830,5503.514769
4700.0,814,5517.373882
4325.0,763,5530.091648
4700.0,810,5542.893466
4150.0,855,5556.858494
4075.0,738,5568.324613
4075.0,638,5578.058447
800.0,447,5585.070003
4700.0,754,5597.146523
4325.0,847,5610.488934
4725.0,780,5623.376513
825.0,604,5633.010713
4725.0,838,5645.74593
4750.0,847,5659.315219
525.0,473,5666.286866
4200.0,694,5678.014187
4100.0,613,5694.378239
4750.0,762,5706.763723
4925.0,873,5720.12677
4275.0,769,5731.44644
4275.0,888,5745.047472
825.0,837,5758.223651
925.0,939,5772.540524
5450.0,1037,5788.328096
4300.0,695,5798.586714
4925.0,955,5813.831301
4250.0,784,5825.876493
4950.0,986,5841.075569
4825.0,1225,5859.783944
4325.0,844,5873.401992
4575.0,669,5883.076265
4900.0,965,5898.341347
4825.0,929,5912.902472
750.0,512,5921.179164
4750.0,942,5937.034248
4150.0,667,5947.62158
4575.0,669,5958.023087
4825.0,898,5971.808525
5325.0,1269,5992.039058
4800.0,1063,6009.411869
4800.0,1054,6025.490396
4575.0,669,6036.116873
4200.0,663,6046.776037
4825.0,990,6062.628274
4875.0,993,6078.268867
4225.0,723,6088.226218
4425.0,1090,6103.285892
4750.0,843,6121.672135
4875.0,983,6137.323668
425.0,487,6144.975938
4900.0,897,6158.559317
4900.0,934,6174.270406
1025.0,692,6185.165062
5025.0,1069,6203.020621
4900.0,1120,6220.720203
4350.0,921,6234.88529
4400.0,816,6246.227606
800.0,581,6254.076684
4750.0,897,6268.349746
750.0,470,6275.492841
750.0,465,6283.329428
4825.0,771,6295.029635
4925.0,1084,6311.359383
5350.0,978,6327.24198
4950.0,968,6343.37765
4875.0,954,6358.783843
4850.0,833,6371.240752
5275.0,1057,6386.010674
4850.0,987,6402.268895
825.0,560,6410.789891
4175.0,663,6420.736647
4675.0,711,6431.882967
4275.0,749,6443.82274
5000.0,1014,6459.513792
4825.0,983,6473.671936
4950.0,1034,6489.349669
8500.0,1429,6511.475022
600.0,376,6517.375482
5325.0,1032,6541.464514
4875.0,991,6555.869806
4950.0,960,6570.075891
4875.0,1135,6587.886915
4850.0,849,6601.500161
4875.0,860,6615.213306
4875.0,884,6630.239589
5000.0,950,6645.360763
4750.0,799,6657.343679
5000.0,1220,6677.644026
4950.0,1081,6694.094122
4925.0,891,6707.33179
4875.0,937,6721.173115
4925.0,902,6733.254216
4925.0,1007,6748.655496
11900.0,1542,6774.210217
4775.0,799,6785.682585
0.0,288,6789.873158
25.0,295,6793.510791
25.0,291,6797.422917
0.0,288,6801.25209
0.0,281,6805.133731
375.0,485,6812.512777
4950.0,1060,6829.405373
4950.0,1146,6846.173507
8200.0,1099,6863.803854
1325.0,628,6873.59099
4900.0,974,6888.913405
4875.0,899,6903.220781
5325.0,1180,6920.419996
4900.0,836,6933.325511
5000.0,1378,6960.790411
4925.0,938,6974.004002
5000.0,1240,6994.026214
4925.0,1038,7010.156627
4925.0,967,7025.583621
4900.0,968,7040.447116
775.0,499,7048.49139
725.0,637,7058.946864
600.0,385,7065.105123
4175.0,654,7075.610498
4950.0,1249,7096.559455
4950.0,1055,7113.599229
4975.0,1200,7130.497522
8200.0,1170,7147.894414
4850.0,831,7159.373379
8425.0,1150,7176.358884
4300.0,744,7187.121332
4950.0,1088,7204.871663
5450.0,1356,7225.027064
4950.0,1167,7243.219993
4975.0,1210,7261.545869
4925.0,938,7276.384744
4900.0,849,7288.585919
4875.0,875,7302.297473
825.0,774,7314.349962
4850.0,829,7326.172279
25.0,299,7330.331223
125.0,356,7335.290504
8525.0,1245,7355.81816
5025.0,1322,7384.789806
4500.0,943,7399.404011
4875.0,995,7415.490683
4900.0,875,7429.50274
4950.0,988,7444.929014
4925.0,996,7459.469502
4925.0,934,7473.84347
5275.0,1199,7492.337543
9600.0,1740,7520.946416
4925.0,920,7534.911412
4825.0,904,7548.652424
5325.0,1303,7568.893581
4950.0,1052,7585.187613
5300.0,1196,7604.002637
4950.0,1055,7619.452243
4850.0,994,7635.140104
8575.0,1156,7653.46864
4925.0,1120,7671.394869
4925.0,971,7686.346544
8250.0,1144,7703.917966
8525.0,1310,7723.889569
8825.0,1293,7744.924714
4175.0,690,7756.26102
8950.0,1357,7777.229286
4850.0,897,7798.094884
4925.0,868,7811.662365
5000.0,1156,7829.846153
8550.0,1376,7849.199509
4975.0,1262,7868.188362
9175.0,1507,7892.718305
8500.0,1196,7912.272878
8525.0,1145,7928.92245
8875.0,1241,7949.071104
4950.0,1038,7965.526531
5275.0,1199,7985.902106
250.0,381,7990.915309
8325.0,919,8004.615571
4875.0,980,8019.438416
8575.0,1430,8042.3082
8550.0,1362,8063.533795
4800.0,845,8077.209825
0.0,286,8081.167291
0.0,290,8085.803698
0.0,290,8090.956553
50.0,301,8095.379681
25.0,290,8100.073433
0.0,284,8104.863147
225.0,400,8111.210827
300.0,379,8116.763631
8525.0,1205,8135.285304
4750.0,1105,8153.268899
12425.0,1759,8180.362213
8525.0,1262,8198.086157
8625.0,1448,8229.379561
8550.0,1392,8252.031593
8475.0,1095,8268.044775
8900.0,1313,8288.475708
4650.0,1099,8306.444783
8625.0,1678,8331.913137
8725.0,1392,8353.801859
8550.0,1321,8375.103591
8700.0,1367,8394.751127
8600.0,1153,8413.072824
5550.0,993,8429.028007
4875.0,819,8441.984782
8600.0,1371,8464.199701
12300.0,1663,8489.758754
12225.0,1430,8513.777051
8450.0,1131,8532.202245
8550.0,1427,8552.776882
8875.0,1363,8574.783987
8575.0,1423,8595.091208
8550.0,1282,8615.933994
525.0,637,8632.334963
8375.0,1192,8650.782872
5050.0,1121,8669.010091
4900.0,906,8683.650883
8300.0,1015,8699.227247
8300.0,1081,8716.176446
11975.0,1725,8742.007893
8250.0,1080,8759.610099
9150.0,1173,8777.74833
8950.0,1451,8800.746311
4875.0,812,8813.589667
4850.0,796,8826.506349
12400.0,1613,8849.312428
9500.0,1427,8873.286411
8375.0,1296,8893.642743
12000.0,1566,8917.079615
4450.0,877,8930.072386
13250.0,1678,8955.904135
4950.0,1042,8971.097981
8450.0,1227,8990.247553
12925.0,1477,9012.092472
5000.0,1092,9027.667776
8450.0,1220,9054.973215
5025.0,962,9070.560894
9425.0,1455,9091.843766
8575.0,1283,9112.867465
9875.0,1348,9134.115945
8550.0,1170,9151.550517
8600.0,1405,9173.702812
8775.0,1246,9193.668633
8425.0,1203,9212.174612
12475.0,1400,9233.625142
16200.0,1719,9260.855251
4900.0,1092,9277.392291
9025.0,1225,9295.797036
8650.0,1277,9316.856107
12425.0,1740,9344.087278
12050.0,1371,9365.628967
4950.0,1109,9382.076838
8500.0,1160,9400.625854
4400.0,750,9412.370102
8425.0,979,9427.415494
12075.0,1685,9462.220574
16375.0,1787,9490.863436
12800.0,1603,9516.044831
8450.0,1055,9532.07881
8450.0,1134,9550.197407
8600.0,1286,9570.145875
12125.0,1421,9590.878954
12725.0,1835,9621.795069
12100.0,1664,9647.963616
8625.0,1378,9670.023711
8050.0,1105,9686.434267
12100.0,1572,9711.121231
8950.0,1276,9731.053956
9075.0,1488,9754.718231
8150.0,922,9768.394206
12675.0,1410,9788.524391
16800.0,1934,9818.727195
12200.0,1348,9838.728003
8625.0,1330,9858.77845
11925.0,1362,9887.525144
13025.0,1672,9914.034608
12250.0,1718,9941.207448
13025.0,1455,9964.609848
12075.0,1490,9988.395399
12675.0,1837,10017.86218
12775.0,1592,10042.478292
8400.0,1049,10057.019634
11550.0,1372,10075.712567
12175.0,1812,10102.556161
17000.0,2154,10136.566362
8525.0,1211,10154.998984
8575.0,1146,10170.976839
8900.0,1381,10191.038866
9400.0,1134,10208.13962
8850.0,1267,10226.875273
8975.0,1330,10246.890757
16125.0,2045,10287.576247
9025.0,1085,10304.612883
4750.0,943,10319.021088
12200.0,1656,10345.7161
16450.0,1842,10373.194185
8625.0,1238,10392.521001
9425.0,1246,10412.033649
8550.0,1097,10426.989619
11700.0,1479,10448.590427
3950.0,626,10457.540919
8925.0,1343,10477.782166
12975.0,1515,10501.572136
4950.0,886,10514.053148
12950.0,1458,10534.819255
8700.0,1210,10553.647465
13000.0,1760,10581.359521
9100.0,1133,10597.928012
15575.0,1862,10625.306871
15350.0,1650,10651.621057
8700.0,1465,10685.654796
8600.0,1124,10703.403173
16250.0,1640,10728.876571
4475.0,1058,10745.496517
12150.0,1678,10770.938892
8525.0,1240,10791.045456
8650.0,1376,10813.613846
13175.0,1734,10838.326019
15850.0,1543,10861.690163
12275.0,1712,10888.907439
12700.0,1928,10918.789692
8675.0,1374,10940.312827
5950.0,1212,10958.415643
8550.0,1123,10975.423831
8400.0,1028,10991.96575
12275.0,1547,11014.942908
8075.0,1121,11032.007911
13300.0,1811,11060.977198
8675.0,1292,11080.521958
5050.0,1110,11106.130838
15700.0,1981,11138.38213
8700.0,1384,11159.66426
12000.0,1505,11183.933832
15950.0,1940,11215.069116
7700.0,1075,11231.101719
12375.0,1342,11252.521645
8400.0,975,11267.026258
8525.0,1268,11286.387894
11850.0,1302,11305.787262
775.0,680,11316.218038
8575.0,1208,11335.720572
8525.0,1188,11352.327083
8525.0,1202,11368.919132
13075.0,1961,11399.701656
8675.0,1282,11419.781237
8575.0,1157,11437.133127
8425.0,1177,11455.088868
4975.0,1330,11477.009431
12700.0,1547,11509.922338
8575.0,1268,11527.741601
15325.0,1753,11555.350707
15825.0,1679,11582.679178
11925.0,1195,11599.982963
8575.0,1465,11622.113627
16125.0,1558,11645.506015
15450.0,1715,11671.070868
8525.0,1238,11690.399611
12925.0,1997,11722.40293
16475.0,1831,11750.7956
15375.0,1490,11773.553368
16200.0,1986,11806.040448
12450.0,1540,11829.511635
15700.0,1613,11854.459084
8675.0,1277,11874.97822
15550.0,1742,11899.982567
8700.0,1562,11939.728385
16125.0,1513,11963.511989
12125.0,1295,11983.893275
15400.0,1727,12010.257362
8525.0,1151,12026.915715
8600.0,1180,12044.652496
9150.0,1483,12066.990657
12650.0,1451,12090.932419
17000.0,2098,12123.627765
8475.0,1119,12141.443157
13050.0,2052,12173.376469
15600.0,1717,12201.136471
12125.0,1465,12223.192403
8250.0,952,12238.148283
15675.0,1867,12267.003434
8050.0,1094,12283.539464
15625.0,2055,12316.789544
16300.0,2111,12356.519808
11925.0,1687,12382.62675
8700.0,1501,12407.284779
8700.0,1270,12427.579359
8600.0,1210,12445.810719
8650.0,1453,12467.512643
8275.0,1092,12483.802126
8925.0,1164,12501.4568
8300.0,1020,12518.202934
12150.0,1430,12541.101213
12925.0,1491,12564.018229
12800.0,1855,12591.771923
8650.0,1385,12611.611089
12175.0,1312,12633.144913
16025.0,1800,12660.756015
8525.0,1260,12680.241609
8875.0,1241,12699.34161
12125.0,1290,12717.871355
75.0,260,12721.260871
5000.0,1302,12752.055851
16700.0,2004,12782.742968
12150.0,1412,12805.221811
8925.0,1250,12824.754138
16275.0,1790,12852.045731
8300.0,945,12866.672126
11950.0,1317,12887.31193
17750.0,2700,12931.319367
16175.0,1777,12957.649317
12325.0,1741,12985.090574
8600.0,1215,13004.163262
12925.0,1450,13025.584556
12125.0,1350,13047.565767
12200.0,1373,13068.63198
15825.0,1672,13093.366275
12800.0,1690,13119.569558
12825.0,1805,13157.106307
12275.0,1802,13183.758541
12125.0,1414,13205.550097
15900.0,1877,13233.364587
8525.0,1097,13251.008932
16475.0,1826,13278.797909
12225.0,1635,13302.919874
8950.0,1386,13323.971653
16175.0,1979,13355.166509
15350.0,1580,13379.767074
15400.0,1825,13407.535734
15325.0,1677,13433.029712
16625.0,1890,13461.70079
16100.0,1723,13488.668569
13075.0,1868,13517.573335
500.0,733,13529.039665
12050.0,1465,13549.782342
15825.0,1863,13589.892279
8575.0,1332,13610.961226
8100.0,1381,13633.655297
825.0,786,13645.587471
12025.0,1249,13663.395562
13300.0,2090,13697.294988
15475.0,1721,13724.598015
16325.0,1813,13753.326852
8575.0,1203,13772.447425
15350.0,1503,13797.126434
8550.0,1150,13814.494626
12125.0,1507,13838.952689
15975.0,1801,13866.200604
15325.0,1644,13891.402756
15900.0,1870,13922.761435
15950.0,1683,13951.178748
16775.0,2081,13999.718831
12150.0,1530,14022.994128
12500.0,1442,14046.398912
12200.0,1895,14076.50351
15925.0,1685,14102.257954
15350.0,1557,14124.747256
12550.0,1637,14150.400617
12125.0,1683,14177.29337
17050.0,2037,14209.431853
16525.0,2117,14243.604184
16250.0,2142,14278.441992
325.0,361,14283.047292
15675.0,1713,14310.541329
12325.0,1867,14341.297462
12125.0,1376,14363.062431
13000.0,1711,14388.166387
9125.0,1245,14415.743308
15625.0,1975,14448.071917
15775.0,2305,14483.685392
15775.0,2151,14516.754774
12225.0,1594,14541.954427
13250.0,2245,14578.1832
12250.0,1563,14603.035483
11975.0,1291,14623.027814
16000.0,1742,14647.619198
15475.0,1685,14674.898482
11925.0,1447,14696.480693
4100.0,915,14709.758444
12500.0,1561,14732.77301
12400.0,1443,14755.473746
12150.0,1865,14784.211264
4950.0,1355,14804.82097
8550.0,1133,14835.048962
17225.0,2180,14869.587666
15725.0,1875,14900.308975
16225.0,2143,14932.641623
16125.0,1837,14959.557631
8650.0,1362,14981.724032
12250.0,1662,15007.445474
15475.0,1668,15032.206754
8575.0,1180,15051.543175
16425.0,2397,15091.125341
12275.0,1433,15114.17169
15950.0,1822,15141.965269
12225.0,1519,15166.192066
12225.0,1553,15190.69083
15675.0,1507,15214.774736
16725.0,2587,15270.95974
12275.0,1463,15293.631473
11675.0,1315,15313.796486
8000.0,998,15329.147547
8400.0,1010,15345.240646
8650.0,1347,15366.152394
15825.0,1993,15397.268987
16350.0,2065,15428.98602
15925.0,1708,15455.632579
15450.0,1636,15480.536331
12350.0,1667,15506.204846
12125.0,1316,15526.53103
13025.0,2201,15560.214556
12325.0,1862,15590.806728
15450.0,1811,15619.297708
12700.0,1510,15643.816349
16275.0,2186,15690.341119
12775.0,1738,15717.527463
12200.0,1563,15740.553016
12800.0,1669,15765.768692
12800.0,2320,15803.276434
8700.0,1347,15823.833373
15650.0,1809,15853.799748
15200.0,1520,15876.411197
15600.0,1785,15904.694252
20250.0,2813,15947.497121
15700.0,1986,15978.33882
12350.0,2199,16014.463144
16000.0,1840,16042.105932
15325.0,1515,16079.835072
16075.0,2349,16115.786111
15975.0,1960,16146.990301
15500.0,1748,16175.409845
13075.0,2066,16208.945942
15600.0,1835,16236.894064
16425.0,2249,16271.775832
16300.0,2306,16307.47416
15750.0,1843,16335.967738
15450.0,1634,16358.849344
5000.0,1150,16377.075285
12250.0,1586,16401.466599
12775.0,1619,16426.858183
12825.0,1965,16458.144111
16575.0,2217,16508.693135
17025.0,2022,16540.05862
7800.0,1245,16560.18628
12400.0,1792,16587.617938
15725.0,1661,16611.691839
12225.0,1676,16637.853466
15625.0,1916,16666.834895
15450.0,1660,16691.647411
15475.0,1694,16716.254906
16350.0,2203,16749.03571
14900.0,1533,16770.555665
19050.0,2289,16806.361071
425.0,339,16811.616731
15725.0,1602,16837.229252
15400.0,1577,16861.185875
16700.0,2295,16907.930572
16325.0,2078,16938.358241
16025.0,2093,16971.285455
15875.0,2062,17003.152909
16475.0,2022,17035.012578
15550.0,1726,17063.107009
12275.0,1519,17086.770449
15325.0,1719,17114.55594
7975.0,1058,17130.565094
12150.0,1393,17151.949651
15625.0,1760,17178.718772
8200.0,1553,17201.545078
16050.0,1843,17228.922399
16425.0,2196,17260.872932
12125.0,1611,17285.589017
16325.0,2060,17328.324747
15325.0,1501,17350.996717
15500.0,1767,17379.175065
12250.0,1605,17406.187495
16300.0,2188,17440.947991
17125.0,2305,17476.03323
825.0,1422,17498.090445
15800.0,2013,17528.554486
16100.0,2130,17561.747075
15625.0,2193,17595.856638
16000.0,2124,17630.605772
8675.0,1284,17650.732253
16400.0,2137,17684.4389
15800.0,1690,17723.46628
17275.0,2391,17762.162621
16300.0,2285,17797.405782
16400.0,1997,17828.759212
12475.0,1411,17849.994252
16125.0,2087,17881.387719
15850.0,2000,17913.115044
12800.0,1755,17940.424334
12125.0,1301,17959.072935
16625.0,2335,17995.792187
16025.0,1966,18027.184017
15725.0,1977,18059.490571
19900.0,2490,18099.453028
16700.0,2115,18148.077565
800.0,831,18160.522573
11700.0,1600,18185.534539
16525.0,1879,18214.175005
475.0,648,18222.701332
8025.0,1046,18237.574252
7725.0,991,18253.682973
8225.0,1128,18272.665013
16625.0,2335,18309.057206
15900.0,1766,18337.672186
15575.0,1722,18365.468288
16600.0,1995,18396.284056
16800.0,1976,18426.159353
8025.0,1034,18441.297619
16250.0,1943,18472.009893
15825.0,1928,18501.889819
4525.0,830,18514.925065
19625.0,2490,18569.087339
12500.0,1660,18595.962304
8450.0,1070,18612.393406
15825.0,2177,18646.305387
12200.0,1810,18674.977454
8575.0,1131,18691.694378
15600.0,1748,18717.61228
8675.0,1304,18737.978587
16325.0,2025,18768.98846
20125.0,2503,18809.495023
16625.0,2360,18847.595207
16350.0,2035,18878.857257
16375.0,2095,18912.780884
12700.0,1768,18939.966605
16575.0,2053,18992.404389
16300.0,1988,19023.606956
16350.0,2166,19057.296353
16600.0,1873,19085.951786
12225.0,1570,19111.068026
16625.0,1930,19141.199716
16175.0,2257,19177.561528
16050.0,2000,19207.806074
15550.0,1866,19238.630753
16050.0,2197,19275.276372
16625.0,2269,19309.630212
12300.0,1791,19336.441791
15825.0,1756,19364.664833
19800.0,2500,19419.413186
12350.0,1902,19447.787417
825.0,597,19455.883149
16050.0,1976,19487.65553
15125.0,1828,19515.966436
20125.0,2871,19559.730472
20125.0,2632,19602.063907
15900.0,2338,19639.244825
15450.0,1622,19666.168525
19850.0,2269,19704.541144
15625.0,1788,19733.513432
15525.0,1758,19760.580042
20000.0,2633,19801.105994
16325.0,2087,19850.908638
20275.0,2768,19896.322772
15500.0,1822,19923.094831
16725.0,2096,19953.75299
21150.0,2935,19997.032777
20300.0,2563,20037.200262
16400.0,2287,20073.497611
15600.0,1828,20102.201528
16075.0,2007,20134.794458
4325.0,972,20150.212492
20225.0,3041,20194.707242
20300.0,2916,20259.931911
16700.0,2026,20292.744542
19775.0,2892,20337.807088
12150.0,1610,20362.798369
8125.0,1060,20379.682106
19875.0,2865,20426.162036
8650.0,1381,20447.788747
20525.0,2724,20490.667012
12800.0,2088,20521.54192
16250.0,1887,20551.806007
16425.0,2131,20587.063285
20025.0,2723,20631.869062
12775.0,1536,20664.994673
5850.0,1113,20682.765133
19475.0,2218,20716.164893
21050.0,2961,20763.095035
19925.0,2670,20804.103955
16575.0,2304,20839.995047
19550.0,2436,20878.979643
19975.0,2500,20919.452557
19825.0,2426,20958.366999
12775.0,1771,20986.49163
15700.0,1717,21010.3845
15950.0,1886,21038.895614
16925.0,2266,21092.773273
16625.0,2041,21123.569302
8125.0,1228,21142.134948
625.0,434,21149.173355
625.0,434,21156.119471
625.0,434,21162.556086
625.0,434,21168.709475
0.0,281,21172.204485
11725.0,1605,21198.171177
12400.0,1756,21226.84131
12800.0,2056,21260.048593
20125.0,2770,21301.871186
8150.0,1188,21319.799316
8550.0,1083,21336.566833
16100.0,1998,21367.011285
16050.0,2223,21403.085414
12250.0,1800,21428.673053
19900.0,2607,21470.453151
12650.0,1667,21513.791149
4300.0,601,21522.864639
15850.0,1843,21551.244353
20475.0,2477,21588.397609
19875.0,2731,21628.854854
12050.0,1498,21650.124598
19950.0,2855,21694.044977
20200.0,2588,21733.761943
15875.0,2036,21765.771047
19900.0,2405,21803.559757
12275.0,1617,21828.764513
17225.0,2517,21868.782385
8450.0,1075,21885.639006
16025.0,2006,21927.537639
15675.0,1866,21956.681705
20550.0,2909,22002.036689
8375.0,1225,22020.895329
300.0,738,22032.699423
4925.0,933,22047.831972
16375.0,2018,22080.824013
16925.0,2187,22115.991616
14925.0,1720,22142.567935
12550.0,1658,22167.661208
15550.0,1808,22195.44367
12600.0,1672,22221.143319
15575.0,1717,22246.827138
16150.0,1786,22274.552701
20125.0,2612,22331.807205
20100.0,2876,22377.512527
16350.0,2155,22410.695022
20000.0,2621,22453.267063
16175.0,2045,22484.390887
19900.0,2887,22529.954136
20400.0,2416,22567.13125
16325.0,2570,22604.611383
20200.0,2760,22649.024429
19925.0,2459,22686.848761
15900.0,2036,22717.725638
19650.0,2559,22771.181637
20200.0,2699,22814.760869
19400.0,2323,22851.480627
20225.0,2951,22898.347071
16025.0,1982,22930.029534
20800.0,3025,22978.297527
12200.0,1383,22997.734119
20100.0,2613,23036.584559
19475.0,2550,23077.148819
20475.0,2965,23124.724597
11850.0,1441,23164.317783
16725.0,2197,23198.334776
19150.0,2437,23235.481743
16025.0,1956,23265.815755
15675.0,1794,23291.666043
16775.0,2120,23323.723239
15350.0,1977,23354.366027
11700.0,1367,23374.911816
11475.0,1388,23397.045501
15000.0,1617,23420.65365
21675.0,3074,23468.710539
19500.0,2433,23507.461956
19975.0,2836,23569.344087
15750.0,1908,23599.296822
20000.0,2545,23639.522315
16275.0,2156,23672.759598
15825.0,2198,23704.494057
15975.0,2061,23737.074697
19950.0,2446,23776.003129
19375.0,2535,23817.131585
12150.0,1332,23837.625951
16125.0,2172,23870.238352
19875.0,2736,23911.256979
20125.0,2850,23955.680405
20500.0,2436,24011.942875
16075.0,1777,24038.634484
15725.0,1893,24069.513548
20175.0,2517,24109.810282
16450.0,2055,24141.980258
16050.0,2076,24176.105664
19250.0,2233,24211.349853
20125.0,2552,24250.830816
20250.0,2403,24288.773787
15550.0,1631,24314.87236
20525.0,2772,24356.077108
20625.0,2715,24412.073763
15825.0,2032,24442.451857
20125.0,2686,24484.375019
20400.0,3071,24533.583449
15800.0,1981,24561.967635
20650.0,2885,24607.849845
15625.0,1928,24638.389848
20000.0,2426,24677.748868
8600.0,1126,24694.842803
19075.0,2298,24730.840997
20350.0,2722,24774.973683
16050.0,2001,24819.92543
15800.0,2020,24850.970114
15825.0,2075,24884.475241
20575.0,2687,24926.812304
15775.0,1955,24958.600245
16275.0,2362,24994.980494
15825.0,2130,25027.71235
20200.0,2869,25070.722623
8525.0,1090,25086.663329
19700.0,2618,25128.109971
20225.0,2593,25168.392129
20050.0,2621,25206.061331
20125.0,2495,25262.833025
19925.0,2325,25298.187357
20125.0,2594,25337.51279
20300.0,2948,25382.784428
20625.0,2649,25423.910912
16350.0,2340,25460.170648
20575.0,3012,25508.610178
20375.0,2661,25550.55403
20575.0,2691,25592.678562
19800.0,2526,25653.496107
15800.0,2106,25686.844168
15725.0,1941,25714.330616
20050.0,2502,25753.865064
21250.0,3013,25800.429454
16325.0,1961,25832.119696
20575.0,2560,25870.601271
20050.0,2652,25913.04319
20125.0,2518,25952.706265
19125.0,2381,25989.026368
15450.0,1538,26014.167647
19125.0,2452,26069.163047
15800.0,2041,26102.006428
15650.0,1975,26131.286317
20175.0,2740,26176.377575
15725.0,1872,26205.948681
19650.0,2421,26243.244299
19975.0,2556,26283.45417
19225.0,2294,26318.783631
23725.0,2967,26364.751842
19375.0,2244,26398.904002
16575.0,2056,26431.5004
20025.0,2560,26489.484335
20150.0,2751,26532.218207
23675.0,2947,26574.127277
24275.0,3373,26622.968871
15825.0,2002,26653.064393
20700.0,2651,26696.858876
20225.0,2691,26737.577894
19975.0,2552,26777.150655
8225.0,1234,26796.258557
20275.0,2861,26838.918198
16300.0,2066,26871.043401
19150.0,2402,26926.501228
16350.0,2066,26958.447108
20325.0,2607,26998.520515
15450.0,1516,27021.964528
20725.0,2878,27066.702269
19875.0,2507,27104.179926
19950.0,2543,27143.837171
15525.0,1756,27170.983133
20750.0,3407,27225.018706
16250.0,1951,27252.750807
15525.0,1763,27281.588289
19800.0,3148,27347.65941
15600.0,1791,27373.857206
20575.0,2978,27419.971728
19975.0,2522,27459.939909
16000.0,1919,27488.601185
20200.0,2547,27529.488671
20725.0,2883,27574.962879
20275.0,2509,27612.533
19775.0,2669,27653.315466
20150.0,2646,27694.514815
16050.0,2195,27749.420847
15900.0,2546,27790.801462
19275.0,2291,27826.551186
19850.0,2707,27869.333999
16325.0,2065,27902.419069
20225.0,2796,27944.979239
20950.0,2756,27985.428306
20875.0,3078,28033.402093
15800.0,2177,28067.763114
16025.0,1835,28095.04125
20025.0,2950,28161.799232
19050.0,2392,28196.957953
24350.0,3451,28250.832474
24425.0,3041,28299.06896
16250.0,2153,28331.812163
19475.0,2455,28366.790488
16125.0,2381,28400.382385
15675.0,2081,28432.794567
19650.0,2747,28476.234011
12275.0,1526,28498.081848
16325.0,2162,28548.603358
20125.0,2635,28590.886954
20050.0,2614,28631.040907
20725.0,3054,28678.844133
20050.0,2631,28717.560134
15775.0,1942,28749.048021
19800.0,2605,28790.546983
15900.0,2281,28827.093203
8525.0,1143,28844.993302
19275.0,2190,28877.484564
19375.0,2295,28912.324051
12000.0,1466,28935.091827
15800.0,2240,28990.091009
15575.0,1715,29016.381884
19925.0,2452,29054.826706
20100.0,2505,29093.129983
23925.0,2903,29136.170666
22950.0,3095,29185.822764
20150.0,2520,29224.673196
16300.0,2073,29256.032581
20650.0,2753,29298.987822
24675.0,3182,29348.425117
20275.0,2920,29416.865866
16675.0,2305,29451.406971
20525.0,2675,29492.352878
20275.0,2237,29525.816561
20200.0,2668,29567.233699
19250.0,2757,29608.496861
16825.0,2222,29644.514015
20200.0,2573,29685.213767
20425.0,2667,29727.395438
15775.0,1943,29755.281298
15700.0,1895,29804.826418
16000.0,1891,29832.474032
20800.0,3005,29878.844526
20075.0,2370,29914.418292
15850.0,1888,29942.69295
15625.0,1706,29967.694137
16300.0,2008,29996.804268
24100.0,3031,30045.182663
19575.0,2417,30082.506167
8525.0,1191,30099.282984
19875.0,2716,30140.552641
19225.0,2426,30177.618107
11975.0,1333,30213.004122
23725.0,2921,30256.939574
20150.0,2603,30296.566451
19450.0,2385,30334.196949
20250.0,2842,30377.948952
15550.0,1795,30405.856313
4775.0,730,30416.981613
15725.0,1932,30446.484714
20450.0,2991,30494.753662
16400.0,1987,30526.016698
20225.0,2877,30568.860373
20450.0,2723,30627.732104
24750.0,3373,30682.570971
19125.0,2670,30726.511698
8950.0,1552,30750.705236
17525.0,2676,30790.561984
19075.0,2250,30825.233528
19075.0,2216,30858.320143
16325.0,2157,30890.278006
20750.0,2795,30934.885408
16275.0,1964,30964.771943
16675.0,2096,30998.306855
20475.0,2535,31054.486334
20225.0,2763,31094.104481
20050.0,2560,31134.84376
16125.0,2007,31165.557687
20700.0,2807,31209.247861
24250.0,2852,31253.094677
20125.0,2497,31290.353194
19175.0,2258,31326.508228
20200.0,2664,31366.645131
19400.0,2760,31411.943885
21175.0,3283,31475.255312
20075.0,2518,31513.30695
20200.0,2537,31551.760079
23700.0,3222,31600.242239
20075.0,2565,31639.747464
20625.0,2595,31679.207499
20200.0,2728,31718.745172
13050.0,1951,31748.569789
19400.0,2348,31785.471036
20250.0,2910,31848.709288
17075.0,1945,31878.534879
20175.0,2837,31922.350703
23575.0,2998,31969.515162
15900.0,1937,32001.306886
20125.0,2543,32040.064032
16100.0,1968,32070.068264
24350.0,3230,32123.04881
19650.0,2675,32164.951659
20125.0,2629,32206.981673
20100.0,2420,32245.503835
16125.0,2308,32298.483104
20275.0,2289,32334.650235
20475.0,3030,32380.143467
12075.0,1397,32401.958537
20725.0,2590,32439.986555
15800.0,2007,32470.426853
15600.0,1673,32495.449
19900.0,2514,32536.09604
20150.0,2495,32576.866137
16300.0,1994,32607.532065
20675.0,3202,32656.890452
16375.0,2033,32709.827632
20375.0,2865,32754.232832
19425.0,2868,32798.608114
15625.0,1812,32826.560736
20500.0,2485,32863.443454
20250.0,2714,32904.546708
20475.0,2523,32942.591069
15575.0,1808,32972.549454
15575.0,1786,33000.175161
15625.0,1835,33030.252009
5025.0,995,33044.845576
16150.0,2280,33097.302678
15750.0,1972,33127.21112
15975.0,1695,33153.100077
20200.0,2797,33195.457023
20275.0,2845,33239.12824
7975.0,1123,33257.627369
12175.0,1326,33278.15318
20075.0,2468,33317.746725
20475.0,2596,33359.653492
20125.0,2457,33398.802103
19800.0,2941,33445.256267
20250.0,2834,33490.346233
19700.0,2448,33552.050839
20225.0,2570,33592.484335
19500.0,2891,33637.672578
19850.0,2656,33677.509775
19800.0,2520,33717.174022
15625.0,1741,33743.844805
20175.0,2480,33782.713395
20125.0,3018,33830.842496
20225.0,2710,33873.736206
20225.0,2751,33914.009854
20525.0,2495,33970.848272
15850.0,1743,33996.719995
15675.0,1868,34025.291173
20750.0,2812,34071.983696
19975.0,2399,34109.189602
19325.0,2542,34149.115563
20050.0,2568,34188.467983
20125.0,2501,34227.287574
20175.0,2572,34268.408583
23650.0,3088,34314.369536
15825.0,1980,34364.922272
19450.0,2776,34409.099791
19325.0,2608,34450.963394
20300.0,2748,34494.852172
20650.0,2744,34538.3559
19975.0,2835,34582.8597
16325.0,2247,34616.498241
20375.0,2605,34658.431269
19525.0,2486,34698.409059
19825.0,2593,34738.31065
16350.0,2041,34786.350103
20150.0,2488,34824.76733
20575.0,2628,34867.468168
23200.0,3025,34915.392088
15775.0,1980,34947.419904
16300.0,1897,34978.338539
19325.0,2448,35016.766116
20700.0,2812,35061.261173
8050.0,1186,35077.21057
20225.0,2778,35118.665185
15975.0,1950,35148.305044
24075.0,2890,35212.599506
20125.0,2465,35249.782674
23925.0,2906,35292.896226
16300.0,1941,35321.344184
20175.0,2623,35360.671072
15825.0,2123,35391.367836
19800.0,2665,35431.317335
20300.0,2773,35475.749813
20650.0,2842,35519.370472
20825.0,2840,35565.716751
15925.0,2202,35614.928525
19350.0,2422,35654.578641
20050.0,2391,35692.337393
16375.0,2295,35729.854036
20350.0,2890,35775.272273
19925.0,3183,35825.324952
24625.0,3595,35881.82528
23600.0,3056,35928.124804
24225.0,3423,35981.084485
15725.0,1788,36029.880653
20250.0,3046,36076.976361
15500.0,1846,36105.434133
8200.0,1487,36127.416295
20300.0,2661,36169.762846
20600.0,2645,36207.341351
20625.0,2885,36249.214067
14525.0,1642,36274.56569
20375.0,2950,36320.552456
19800.0,2305,36356.895082
15875.0,2157,36390.824016
20150.0,2558,36447.554152
20075.0,2488,36488.932537
20275.0,2677,36530.087373
15400.0,2148,36561.649406
19700.0,2745,36606.091318
11800.0,1525,36631.336319
23475.0,3031,36680.582613
19350.0,2341,36717.61595
15950.0,2153,36750.627
20175.0,2516,36789.39299
24525.0,2905,36836.901308
16625.0,2057,36885.87156
20100.0,2451,36921.199051
20125.0,2682,36963.683911
15050.0,1697,36991.148512
20400.0,2723,37033.674209
20475.0,2651,37074.817929
20500.0,2887,37119.365081
20325.0,2820,37166.086881
19950.0,2348,37201.387119
20075.0,2502,37240.487448
20400.0,2597,37297.649901
20050.0,2485,37334.732838
20100.0,2692,37376.456883
12025.0,1545,37400.747613
21075.0,3010,37446.672476
24050.0,3461,37501.663894
20300.0,2690,37543.099141
20200.0,2134,37577.956524
20325.0,3188,37626.268143
20800.0,2962,37690.3529
20725.0,2901,37735.143183
19400.0,2490,37773.740468
20325.0,3045,37821.485929
20150.0,2792,37862.618597
19900.0,2673,37905.146373
20775.0,2868,37948.080689
24300.0,2995,37994.470888
24175.0,3556,38050.496786
20550.0,3121,38121.081061
16125.0,2045,38153.233739
19275.0,2661,38194.777544
20150.0,2871,38240.202173
24400.0,3790,38301.155746
8950.0,1335,38322.736418
16225.0,1817,38348.149244
16375.0,2112,38380.518838
20500.0,2661,38423.755049
20225.0,2532,38462.857325
19675.0,2644,38525.335638
20250.0,2723,38567.584965
8650.0,1378,38588.285048
19875.0,2633,38629.916698
24000.0,3192,38682.360901
20075.0,2463,38720.903867
23575.0,3040,38769.161396
25150.0,3515,38824.384315
20175.0,2669,38868.771654
19650.0,2452,38906.665552
20750.0,2775,38970.495737
16050.0,1825,38998.241967
28675.0,4238,39060.221294
23500.0,3216,39111.899309
16275.0,2044,39145.231841
8900.0,1467,39167.135355
20175.0,2592,39208.400549
24150.0,3012,39257.903877
24300.0,3200,39308.735739
15575.0,1727,39335.732841
20125.0,2545,39398.366218
20550.0,2765,39443.799704
8125.0,1087,39461.47832
8225.0,1446,39485.156133
19900.0,2598,39523.257521
20275.0,2814,39566.88595
20250.0,2652,39607.930758
11675.0,1377,39630.160657
8225.0,1365,39652.152624
15700.0,2032,39685.393036
12325.0,1886,39714.139813
16300.0,1871,39742.831874
20200.0,2452,39797.474754
28125.0,3785,39856.612762
20275.0,2745,39899.365947
4250.0,788,39911.513786
16325.0,2221,39946.832878
16250.0,1920,39976.17802
16775.0,2718,40019.104888
20775.0,2846,40062.427333
20225.0,2781,40108.08568
23825.0,3162,40159.361462
20275.0,2780,40222.608406
23800.0,3296,40277.269349
15800.0,1636,40302.328767
20450.0,2468,40341.962303
20300.0,2864,40385.129387
23975.0,3258,40435.558182
24375.0,3200,40486.981861
19725.0,2386,40524.013617
23500.0,2987,40573.691401
24250.0,3132,40637.596922
20550.0,2742,40679.045887
24100.0,2982,40726.916748
19400.0,2452,40764.654812
21025.0,2681,40804.193469
20250.0,3102,40850.589912
19900.0,2646,40892.128433
21075.0,2727,40935.917048
21450.0,2884,40982.045811
24550.0,3565,41055.29285
20150.0,2522,41093.344031
24575.0,3258,41144.658166
24125.0,2857,41189.829953
20075.0,2717,41231.170032
24350.0,3531,41284.275828
20125.0,2487,41322.224687
24050.0,3135,41369.349485
19375.0,2328,41405.424058
23900.0,3124,41472.484252
24650.0,3548,41528.337936
19675.0,2313,41564.712767
20775.0,2837,41606.440108
20350.0,2323,41642.369994
24500.0,3171,41693.331323
4875.0,1109,41709.0797
20050.0,2463,41746.444381
21075.0,2696,41790.136223
20075.0,2608,41833.102391
20000.0,2375,41889.46616
20875.0,3206,41943.012577
20250.0,2902,41986.854436
24025.0,3072,42032.823497
20725.0,3156,42084.419902
19725.0,2567,42124.943696
19900.0,2461,42164.519562
24025.0,3053,42213.594443
20725.0,2643,42253.354235
16700.0,2160,42311.992238
19250.0,2363,42347.116582
20150.0,2448,42382.112615
20200.0,2775,42424.459616
20775.0,2868,42468.34428
24075.0,3027,42515.219973
24400.0,3037,42564.855119
20700.0,2640,42608.061859
15100.0,1478,42629.935466
16225.0,1848,42658.014907
20525.0,2960,42724.292292
25000.0,3389,42777.894093
24350.0,2866,42822.092639
17425.0,2285,42857.799491
24900.0,3627,42916.73264
20175.0,2635,42957.666293
20125.0,2616,42997.857669
20025.0,2609,43039.284584
19975.0,2574,43079.98439
20175.0,2631,43146.363686
23400.0,2870,43194.058989
20175.0,2452,43230.26125
19225.0,2296,43266.046779
8900.0,1578,43291.587747
17075.0,2059,43321.901042
20800.0,2705,43365.652706
24250.0,3076,43412.352176
24125.0,3273,43463.987655
15675.0,1780,43492.312239
21275.0,2875,43536.734155
24375.0,3155,43608.433931
24050.0,3097,43658.218561
20100.0,2500,43698.173837
19825.0,2303,43735.605665
20075.0,2545,43775.426515
20575.0,2825,43820.916083
20400.0,2552,43860.221775
20000.0,2520,43899.235742
27675.0,3770,43959.521768
20325.0,2873,44024.659201
24975.0,2978,44074.453078
20750.0,2852,44118.802639
24700.0,3041,44165.744594
20300.0,2797,44210.466855
24550.0,3480,44263.883253
21000.0,2544,44304.4492
24500.0,3404,44357.015745
23525.0,3077,44425.174077
21000.0,2690,44468.47393
20150.0,2457,44506.838735
23875.0,3081,44555.907265
20175.0,2548,44594.409232
24600.0,3483,44647.772853
23600.0,2827,44691.719197
23700.0,3152,44740.125922
20725.0,2795,44784.588384
19900.0,2255,44840.890495
20200.0,2633,44879.872926
20275.0,2825,44926.844796
24950.0,3057,44975.149298
16100.0,1940,45007.278019
27650.0,3685,45065.914348
20725.0,2663,45109.180146
20325.0,2673,45152.96543
20100.0,2461,45192.385392
19800.0,2752,45236.519377
21325.0,3131,45307.577144
20325.0,2942,45353.386875
25200.0,3506,45410.596461
24050.0,3093,45457.88868
19250.0,2528,45498.331146
15250.0,2071,45528.515649
12750.0,1536,45552.919585
24350.0,2893,45599.806707
20100.0,2630,45641.996419
23550.0,3025,45709.375471
20225.0,2537,45749.366503
24100.0,3505,45803.308891
20225.0,2613,45844.158626
23900.0,3265,45895.186505
23825.0,3388,45948.519256
20775.0,2813,45992.041259
15750.0,1948,46021.895615
20750.0,2685,46062.536548
24000.0,3113,46135.560851
24150.0,3568,46193.544164
20175.0,2653,46234.017632
23950.0,2900,46280.320974
20775.0,2716,46324.015868
16275.0,2081,46356.215272
21175.0,3210,46407.601444
20025.0,2816,46451.899552
20200.0,2623,46492.042056
23675.0,3073,46559.787698
800.0,398,46564.713958
23925.0,3022,46610.18946
20175.0,2567,46652.697429
12125.0,1393,46674.946688
24500.0,3242,46726.016721
20300.0,2761,46770.247295
20275.0,2867,46815.367731
28100.0,3740,46873.21952
16625.0,1960,46903.288689
24450.0,2916,46971.921694
20500.0,2493,47010.295246
23675.0,2945,47056.82265
20575.0,2620,47097.535388
20400.0,3041,47147.596387
24200.0,3180,47196.605346
4325.0,741,47207.142089
24800.0,3043,47256.822713
19925.0,2428,47296.130548
24300.0,3331,47349.198734
20075.0,2504,47409.809701
20800.0,2883,47454.737513
20100.0,2468,47494.243862
21100.0,2928,47539.415115
22950.0,2796,47581.814219
23850.0,3096,47633.297453
25150.0,3493,47688.477488
20100.0,2541,47730.378609
24425.0,3049,47777.368877
11975.0,1321,47816.192439
20200.0,2815,47860.909291
23875.0,3131,47910.686203
24425.0,3530,47967.679404
23800.0,3036,48016.515049
20525.0,2423,48052.262864
27425.0,3413,48106.000467
24075.0,3031,48154.201471
15825.0,2072,48186.337279
11825.0,1626,48226.523192
4875.0,1312,48247.773988
8125.0,1102,48263.517376
15075.0,1702,48291.464333
8175.0,1366,48312.684933
8175.0,1138,48330.746315
16150.0,1968,48361.146286
24700.0,3343,48414.724793
21275.0,2858,48462.626202
24400.0,3053,48513.471497
24700.0,3562,48569.19021
15600.0,2078,48602.525894
23775.0,3226,48671.811674
20300.0,2735,48711.205939
24450.0,3181,48759.451705
20150.0,2553,48798.687586
17100.0,2095,48831.829327
24075.0,3487,48888.723509
24350.0,3333,48942.865004
20350.0,2700,48984.426334
20850.0,2977,49031.225275
24625.0,3249,49105.146392
16600.0,1933,49134.877282
16625.0,2598,49176.623072
24775.0,3408,49233.688362
24250.0,3737,49293.617808
24050.0,3061,49341.06796
20075.0,2575,49381.366216
25000.0,3275,49433.924506
20750.0,2692,49473.3397
16550.0,1909,49529.204643
24200.0,3219,49579.014829
25250.0,3422,49633.633214
24900.0,3339,49687.766803
28375.0,3354,49739.927335
11900.0,1206,49757.243452
28500.0,3962,49821.034453
24775.0,3602,49878.695142
27850.0,3560,49954.282452
21125.0,3181,50006.085869
14975.0,1735,50035.331018
25200.0,3403,50085.719399
24525.0,3090,50136.092918
20575.0,2985,50180.480072
20850.0,3095,50228.555006
20600.0,2618,50272.221204
15675.0,1957,50303.190372
15825.0,2107,50359.276427
19675.0,2557,50399.095152
24500.0,3276,50449.297146
28850.0,3626,50509.267374
19400.0,2700,50551.560217
20700.0,2525,50588.287469
16400.0,2035,50620.818565
24325.0,3188,50672.843188
20225.0,2943,50719.081858
19725.0,2635,50782.698227
24250.0,2918,50828.741242
24150.0,3066,50879.114667
19900.0,2640,50920.580911
23300.0,3046,50968.409123
20050.0,2398,51007.222319
24150.0,3239,51059.304648
19425.0,2602,51101.354826
23650.0,2960,51149.017506
28550.0,3821,51231.163681
24425.0,2925,51276.954913
24500.0,3109,51323.669623
9150.0,1250,51343.539912
23825.0,3111,51391.014293
20250.0,2583,51430.138266
12525.0,1580,51454.998395
29075.0,3709,51515.035752
21025.0,2586,51555.614334
21125.0,2745,51597.851177
15825.0,1966,51649.232927
20175.0,2572,51688.232903
24175.0,3240,51740.576072
24250.0,3249,51792.253501
19400.0,2527,51830.820994
20525.0,2635,51873.245993
15825.0,2118,51904.887145
20175.0,2694,51947.142971
24625.0,3014,51994.204469
24150.0,3157,52066.974076
24650.0,3366,52122.060607
24025.0,2916,52168.0183
20350.0,2761,52209.078099
24275.0,2797,52252.132467
16575.0,1958,52282.012308
23725.0,3037,52330.663372
16600.0,2144,52363.627301
25400.0,3316,52414.517969
15600.0,1687,52438.337263
25000.0,3412,52514.132001
28300.0,3852,52576.713676
24325.0,3125,52626.853345
24300.0,3468,52680.488855
24575.0,3095,52729.691515
15825.0,2032,52761.744927
24150.0,3033,52810.432103
20650.0,2615,52852.400827
24375.0,3442,52927.533141
23575.0,3075,52974.983774
28200.0,3873,53035.867747
20275.0,2833,53079.509153
28500.0,3861,53137.372349
28100.0,3639,53196.58296
24175.0,3018,53244.197131
20225.0,2634,53285.192912
23600.0,2966,53355.160589
15800.0,2456,53395.770379
20800.0,2875,53440.741817
23825.0,3069,53489.521672
16725.0,2230,53522.614722
24325.0,3242,53574.100476
20975.0,2621,53615.80173
25425.0,3757,53675.598195
19225.0,2394,53713.689833
28225.0,3702,53794.210062
20725.0,2675,53837.074259
23950.0,2970,53885.274544
16300.0,1956,53915.37992
24400.0,3546,53971.793037
28075.0,3575,54026.590809
28850.0,3544,54084.049343
20225.0,2748,54124.553916
19950.0,2367,54186.261647
15850.0,2076,54218.746317
24425.0,3365,54274.585976
4875.0,1023,54290.718525
20650.0,2813,54336.641185
20750.0,2861,54381.795055
625.0,422,54387.92969
350.0,450,54394.632449
20200.0,2740,54438.486285
8350.0,1045,54454.785677
27925.0,3679,54515.569254
24725.0,3368,54570.823011
19800.0,2616,54631.044756
23800.0,3163,54678.837111
24800.0,3549,54734.85436
24675.0,3430,54788.011878
25875.0,3401,54840.489337
28150.0,3748,54898.288251
19825.0,2537,54937.498873
25650.0,3157,54985.227203
24325.0,3093,55057.664437
19150.0,2259,55092.504214
24300.0,3373,55146.194226
24850.0,3193,55199.072299
24850.0,3350,55250.785758
27800.0,3498,55307.042028
28975.0,3768,55366.070274
28100.0,3772,55451.828651
24325.0,3136,55502.501064
15650.0,1779,55529.72502
24275.0,3258,55581.720925
24150.0,3082,55627.82591
24350.0,3161,55675.162217
25125.0,3331,55729.955593
24400.0,3232,55781.272828
24550.0,3037,55830.616998
29375.0,3800,55908.996707
20775.0,2886,55955.680099
19375.0,2596,55994.338375
16725.0,2287,56030.270354
24150.0,2960,56078.003676
24400.0,3268,56130.932176
15750.0,1865,56160.347239
19600.0,2698,56200.348714
8625.0,1365,56220.518861
24400.0,3320,56298.78339
23900.0,3376,56352.210515
19225.0,2340,56388.761936
20825.0,2745,56432.381046
28150.0,3465,56488.28426
24275.0,3161,56539.984808
28450.0,3690,56593.940784
24350.0,3325,56647.801436
28825.0,3791,56730.275192
24425.0,3345,56780.682372
24175.0,2971,56825.314837
20450.0,2733,56870.43285
24875.0,3504,56927.906038
24950.0,3573,56984.375078
24425.0,3041,57034.853394
23675.0,3073,57084.241531
29325.0,4190,57170.613214
24775.0,3213,57224.245001
15400.0,1848,57254.306291
24800.0,3408,57308.278601
20225.0,2632,57348.07124
28375.0,3873,57409.926822
23600.0,2755,57451.265891
21100.0,2760,57495.646519
24050.0,2926,57562.933594
15400.0,2095,57597.734749
25050.0,3348,57648.803582
20725.0,2692,57689.211038
24175.0,3202,57738.145338
20550.0,2858,57782.535582
24750.0,3270,57832.866342
20800.0,2805,57878.064021
23800.0,2982,57926.010429
24125.0,3156,57998.906065
16725.0,2156,58031.798965
19475.0,2480,58070.80624
29650.0,4281,58140.812746
24925.0,3337,58192.838431
25725.0,3203,58244.379017
27675.0,3752,58304.283655
28325.0,3915,58363.684356
23825.0,2950,58429.598962
20525.0,2977,58475.654793
28900.0,3830,58534.738514
23650.0,2934,58582.178203
28125.0,3823,58643.512522
27950.0,3522,58698.001428
27975.0,3685,58754.111121
28525.0,3666,58834.732366
24425.0,3042,58882.325328
28700.0,4070,58946.699591
26025.0,3736,59006.686023
16775.0,2453,59043.824833
24525.0,3347,59096.725173
24900.0,3188,59147.124744
24275.0,3453,59197.953113
12200.0,1526,59245.065345
16225.0,2065,59277.26933
28425.0,3504,59334.037002
23325.0,2878,59377.185387
24475.0,3071,59427.822505
23275.0,3166,59476.941289
23175.0,2603,59520.120488
19875.0,2426,59557.542666
29175.0,3881,59618.327023
29025.0,3758,59702.760081
16325.0,2318,59739.446096
24800.0,3578,59793.62641
24525.0,3009,59841.705516
24900.0,3237,59893.973521
24650.0,3152,59943.252207
15450.0,1712,59970.148243
28550.0,3555,60023.808172
27825.0,3682,60100.845082
24275.0,2963,60148.469127
28525.0,3585,60206.062528
24700.0,3517,60260.015584
15650.0,1808,60288.197383
28875.0,3558,60344.354291
23350.0,3283,60396.773296
27625.0,4077,60457.136449
28900.0,3720,60540.83847
28000.0,3453,60594.806682
24875.0,3443,60648.292507
15700.0,1920,60676.177548
20775.0,2791,60718.344741
20300.0,2344,60755.10264
12675.0,1666,60780.676157
20175.0,2697,60822.933018
20725.0,2792,60866.371799
25325.0,3362,60939.397102
15650.0,1912,60969.999597
19075.0,2367,61006.877619
17000.0,2345,61043.899148
25200.0,3357,61094.452424
20350.0,2430,61134.609442
24700.0,3631,61192.416866
27875.0,3825,61251.97308
28475.0,3386,61305.468803
24750.0,3263,61374.65117
24700.0,3097,61424.010492
24750.0,3098,61470.53609
28475.0,3440,61525.261526
23975.0,2688,61565.805886
28425.0,3838,61627.380333
24650.0,3296,61678.273798
16150.0,1907,61707.79168
28575.0,4086,61797.709453
20225.0,2575,61836.486796
28400.0,3513,61891.607787
19150.0,2250,61926.772297
15675.0,2060,61957.95461
24725.0,3363,62010.694504
24950.0,3223,62062.069576
23550.0,3104,62109.438155
24800.0,3230,62159.494319
27900.0,3501,62237.293672
15575.0,1866,62266.304836
8600.0,1477,62289.337712
24350.0,3233,62340.150959
24675.0,3140,62388.79143
25025.0,3605,62444.465588
16050.0,1921,62475.053844
27975.0,3638,62528.911748
28500.0,3627,62610.514587
25050.0,3160,62661.985191
25175.0,3219,62712.299298
24000.0,2771,62756.748623
24700.0,3266,62806.88012
28025.0,3477,62863.080211
27850.0,3200,62915.508708
27975.0,3448,62966.646322
24200.0,2920,63035.386957
27900.0,3722,63096.250809
23525.0,2840,63141.627774
21075.0,2786,63184.241548
16125.0,2177,63216.046187
28575.0,3618,63273.981254
16375.0,2068,63305.830316
27700.0,3717,63363.880611
24675.0,3170,63411.849475
25250.0,3203,63480.063492
8575.0,1304,63499.793259
23925.0,3351,63551.897798
23725.0,3063,63600.548936
25125.0,3102,63648.993257
27850.0,3318,63699.663548
28050.0,3622,63756.661601
16300.0,1890,63786.358075
23475.0,2792,63830.144472
28475.0,3656,63907.252722
16350.0,1976,63937.858851
20650.0,2532,63978.261067
29175.0,4297,64047.706456
12150.0,1295,64068.049463
25150.0,3486,64123.47388
27975.0,3910,64186.271266
27825.0,3548,64242.338769
25225.0,3251,64308.134957
27825.0,3722,64364.155438
17200.0,2036,64396.390812
24675.0,3347,64450.329823
19350.0,2550,64490.479183
23975.0,3230,64539.218986
21125.0,2880,64583.956313
15925.0,2453,64622.635973
24625.0,3269,64673.29969
16400.0,2156,64732.426625
23950.0,3460,64785.606431
23700.0,2993,64832.904732
24400.0,3146,64883.010355
28775.0,3895,64944.46523
28475.0,3667,65003.224477
28225.0,3634,65060.22924
24650.0,3307,65137.989627
27825.0,4208,65204.892803
28300.0,3620,65261.189389
24600.0,3105,65309.344021
28500.0,3979,65370.225842
28500.0,3486,65424.018739
19550.0,2628,65464.798443
28500.0,3802,65526.226817
27950.0,3486,65609.710821
20700.0,2816,65653.413876
28000.0,3572,65708.494808
27725.0,3550,65764.111356
28500.0,3622,65821.097301
28700.0,4583,65891.738598
28400.0,3440,65943.762191
24300.0,3051,66015.25484
24725.0,3201,66064.461421
20100.0,2322,66099.626364
28725.0,3932,66163.628784
24475.0,3141,66211.662468
24600.0,3466,66266.590177
28500.0,4013,66327.35481
8575.0,1286,66346.658264
24450.0,3021,66417.462106
27925.0,3486,66472.779675
24175.0,3090,66520.218145
23675.0,2945,66564.10569
19950.0,2726,66603.705967
24000.0,2792,66647.285618
29150.0,4280,66713.254746
28475.0,3841,66772.019469
24150.0,2932,66840.423183
28225.0,3791,66897.887978
28575.0,3701,66957.345799
28600.0,3678,67014.264306
29025.0,4425,67084.75852
28500.0,4003,67145.813089
19600.0,2350,67181.567779
23750.0,3088,67251.713508
24125.0,3166,67301.152739
28650.0,4072,67366.817775
16125.0,1941,67396.615672
28600.0,3600,67454.939303
16325.0,2058,67487.048484
28575.0,3760,67545.547347
28525.0,3756,67601.946695
20525.0,2598,67654.532713
27975.0,3735,67712.976771
27750.0,3840,67775.665474
16000.0,2043,67806.328038
28625.0,3592,67861.305945
8900.0,1297,67881.3241
25725.0,3318,67931.886805
24450.0,2953,67976.499035
19900.0,2445,68014.069316
24625.0,3015,68090.626915
27975.0,3397,68142.35075
24950.0,3325,68192.282666
24425.0,3380,68246.030967
28000.0,3722,68308.032559
24350.0,3210,68359.590705
24825.0,3211,68409.732854
25050.0,3109,68458.577925
28175.0,3661,68541.494406
21250.0,2856,68586.778527
28125.0,3730,68642.824859
28950.0,3707,68697.315366
28450.0,3511,68749.845916
28425.0,4166,68817.931413
28600.0,3699,68874.025131
24700.0,3136,68943.177436
25475.0,3400,68995.604836
24575.0,3290,69047.07382
28575.0,3478,69098.818147
24900.0,3068,69145.473875
25675.0,3460,69196.804068
28600.0,3972,69257.551516
24025.0,2714,69325.912765
28450.0,3548,69381.710155
4175.0,668,69390.676267
27500.0,3311,69439.102829
23650.0,2977,69485.625126
27950.0,3446,69536.012652
28350.0,3364,69585.431085
28475.0,3732,69641.837473
28400.0,3438,69696.901007
24050.0,2946,69771.77286
28500.0,3700,69825.311224
24650.0,3062,69871.65847
28475.0,3558,69926.194912
28475.0,3504,69976.322077
13075.0,1947,70005.786545
27625.0,3838,70064.936959
15825.0,2070,70095.336628
16825.0,2110,70149.44318
29025.0,3841,70206.712374
28500.0,3701,70261.827173
28725.0,3905,70321.566468
24450.0,3331,70372.753917
28575.0,3555,70426.726818
24450.0,3192,70475.578608
28500.0,3677,70559.650387
27650.0,3551,70611.629376
28225.0,3513,70666.740802
28500.0,3602,70723.171598
28550.0,3703,70779.539393
20600.0,2886,70821.935773
24975.0,3242,70870.217013
15950.0,2758,70909.022723
28350.0,3416,70983.015046
28475.0,3861,71041.441314
29000.0,3788,71100.599344
20875.0,3291,71152.057366
25175.0,3626,71212.102309
27650.0,3840,71272.120362
27700.0,3500,71327.18727
28425.0,3656,71409.05543
24550.0,3223,71460.285066
28625.0,3691,71516.653337
8925.0,1427,71537.512224
24925.0,3171,71585.849294
27975.0,3668,71639.478686
15675.0,1997,71669.269476
24050.0,2902,71714.533328
8950.0,1771,71741.07684
28075.0,3537,71813.550957
24300.0,3180,71860.823819
28475.0,3845,71915.966954
16125.0,1942,71945.922163
21125.0,2723,71985.557938
28200.0,3582,72038.987152
29175.0,3992,72098.168521
27975.0,3932,72156.328232
28525.0,3762,72238.729943
28025.0,3628,72291.838622
20250.0,2745,72335.079248
28625.0,3805,72393.260894
25225.0,3539,72445.646321
29125.0,4075,72507.522995
28475.0,3558,72563.337865
29075.0,3900,72638.354723
20225.0,2495,72675.308884
28600.0,3932,72731.651416
28700.0,3762,72789.150369
33350.0,4073,72851.071396
29275.0,3545,72905.54978
24700.0,3001,72949.730297
28575.0,3366,73026.686594
20600.0,2550,73065.878869
24325.0,3171,73112.916612
16000.0,2008,73143.259824
23875.0,3087,73188.831347
24775.0,3032,73233.683063
28500.0,3642,73291.509808
28575.0,4013,73351.05686
27675.0,3650,73433.902629
28600.0,4286,73501.15355
28450.0,3847,73558.917086
23600.0,2906,73602.812837
28400.0,3336,73651.135038
16300.0,1986,73682.033091
25350.0,3219,73729.092217
27775.0,3537,73783.999829
28450.0,3478,73859.755213
23725.0,2796,73901.287958
20250.0,2831,73942.734696
28350.0,3911,74001.967634
15325.0,1469,74023.699022
16125.0,1997,74055.397922
15450.0,1777,74081.955796
12125.0,1373,74103.249491
8725.0,1365,74121.874078
15550.0,1763,74148.524165
25375.0,3463,74200.692624
15400.0,1642,74249.761508
28525.0,3522,74304.546988
24150.0,2925,74346.721368
16325.0,2078,74376.239665
28900.0,4068,74437.071995
12350.0,1562,74459.721665
20700.0,2388,74497.055402
28075.0,3602,74553.52195
29050.0,4155,74640.284906
28000.0,3538,74690.189511
16400.0,2191,74722.10179
28100.0,3516,74773.585873
24675.0,3235,74820.727403
29000.0,4045,74880.34687
12425.0,1675,74905.88503
28375.0,3443,74958.181293
28325.0,3769,75040.27797
19275.0,2390,75074.313703
28500.0,3629,75128.790107
24725.0,3182,75173.075545
24675.0,3133,75218.658738
15850.0,1836,75247.252142
28500.0,3470,75298.74088
27925.0,3552,75347.245188
28150.0,3952,75408.044241
28050.0,3595,75477.622843
28050.0,3482,75530.715816
27275.0,3558,75584.803337
8025.0,1077,75600.64794
20725.0,3165,75646.578496
28775.0,3953,75705.275279
24575.0,3011,75749.006122
28025.0,3412,75796.372654
28650.0,3952,75885.048478
28175.0,3666,75939.689248
28550.0,3481,75986.201421
24750.0,3235,76033.178878
28175.0,3666,76081.156628
28950.0,3382,76125.476582
28775.0,3956,76184.067903
28250.0,4015,76260.480579
24575.0,3225,76308.368186
19975.0,2815,76350.766139
28750.0,3868,76407.534733
27975.0,3678,76463.937664
28175.0,3665,76516.992211
27250.0,3402,76567.854542
28075.0,3731,76640.457636
24725.0,3297,76688.280144
28550.0,3747,76743.64165
27975.0,3585,76795.59396
29175.0,4097,76855.36999
28250.0,3650,76909.022233
16450.0,2236,76942.182646
24025.0,3003,77001.892551
15825.0,1918,77028.847436
28600.0,3482,77078.427983
29200.0,3710,77131.364198
19925.0,2622,77169.899265
28425.0,3876,77223.644008
28225.0,3745,77278.587698
24250.0,2927,77321.784101
20425.0,2692,77379.646587
28575.0,3897,77434.707845
27100.0,3496,77486.795708
27625.0,3560,77539.604033
27625.0,3498,77588.957723
28975.0,3692,77638.177738
28875.0,3648,77688.641575
29100.0,3403,77757.174757
29375.0,3868,77813.317834
24625.0,3097,77860.277367
27600.0,3682,77914.532838
23950.0,3012,77955.397644
21050.0,2903,77999.582972
29050.0,4073,78058.358987
28775.0,3958,78118.33901
28200.0,3445,78191.635312
19575.0,2285,78225.66652
29100.0,3742,78281.091803
9100.0,1632,78304.384332
8525.0,1180,78321.274506
25225.0,3270,78369.267921
19275.0,2451,78404.761384
28425.0,3635,78456.242962
16425.0,2187,78487.486183
23775.0,2998,78550.847921
24125.0,3353,78600.343427
16825.0,2523,78637.95809
28625.0,3738,78690.486078
16525.0,1901,78715.908737
28125.0,3542,78766.592897
15900.0,2043,78797.086603
28125.0,3656,78850.848836
28975.0,3620,78904.332458
16400.0,2136,78957.31203
28825.0,3890,79015.48579
28750.0,3547,79066.031582
27875.0,3558,79114.553451
28075.0,3713,79168.591954
15825.0,2135,79200.441965
23625.0,3002,79245.244479
28075.0,3427,79294.009654
16400.0,2013,79341.62283
28875.0,4005,79398.522678
28625.0,3511,79447.500314
24725.0,3301,79493.305968
28025.0,3377,79541.344474
28975.0,4073,79599.79837
28850.0,4525,79664.623945
28525.0,3305,79731.226291
29325.0,3887,79783.10097
28250.0,3383,79827.881282
28525.0,3671,79880.406842
28650.0,3872,79933.554131
25250.0,3194,79976.886761
29175.0,3955,80037.061096
28300.0,3437,80105.072983
20225.0,2691,80140.729147
28275.0,3752,80192.575665
23750.0,3511,80240.581285
28550.0,3435,80289.818991
28575.0,3492,80334.857928
25275.0,3167,80378.81122
28100.0,3509,80449.38624
28225.0,3973,80507.591814
28150.0,3491,80556.363188
28625.0,3535,80606.281207
28650.0,3525,80654.041346
28450.0,3873,80711.331909
28775.0,4177,80770.416304
24100.0,3030,80833.654727
28775.0,3932,80887.862877
28150.0,3631,80940.338956
12150.0,1460,80961.359992
28050.0,3567,81014.319862
28725.0,4023,81070.699736
28325.0,3802,81123.386378
28625.0,3651,81175.099304
29025.0,3603,81238.061255
28575.0,3608,81289.665678
28200.0,3603,81342.218477
28500.0,3915,81393.267062
16375.0,1976,81421.211076
28050.0,3394,81467.071523
20150.0,2712,81504.726787
28625.0,3553,81551.863307
19750.0,2502,81608.778663
28575.0,3551,81658.538597
27875.0,3372,81706.914059
28375.0,3345,81751.575003
28425.0,3378,81800.848791
15575.0,1800,81827.010125
9425.0,1148,81841.395747
28375.0,3415,81886.62297
25300.0,3548,81947.578889
27850.0,3319,81992.32614
28875.0,3507,82040.625329
28575.0,3377,82086.22605
16350.0,1991,82114.922368
28525.0,3521,82166.272221
28475.0,3514,82211.806695
27350.0,3204,82256.072114
16200.0,1932,82280.576376
8575.0,1151,82312.705833
16200.0,1901,82339.435128
25275.0,3166,82383.347907
28250.0,3555,82430.256977
16325.0,1990,82454.851628
12175.0,1382,82471.914919
28450.0,3350,82518.53223
28500.0,3444,82568.828288
27950.0,3441,82616.554676
28625.0,3340,82680.481654
20325.0,2665,82714.915626
27875.0,3332,82761.475308
27850.0,3222,82808.686415
27850.0,3444,82858.143801
28925.0,3374,82903.481007
27875.0,3345,82950.037839
8425.0,1323,82967.85515
28125.0,3806,83019.817391
