#{"t_start": 1707597673.8089046, "env_id": "ALE/Assault-v5"}
r,l,t
189.0,822,19.269119
252.0,768,29.302642
273.0,1719,54.495031
273.0,1023,69.174598
252.0,887,80.069504
441.0,1247,95.6612
189.0,735,106.070503
399.0,1345,124.383323
525.0,1507,145.252203
651.0,1963,171.682421
420.0,1507,192.453779
546.0,2371,224.087599
630.0,2161,251.452687
714.0,1671,272.976967
651.0,1765,297.32282
672.0,1995,325.142021
651.0,1698,347.732897
546.0,1922,383.09791
756.0,1805,409.054129
735.0,2018,436.192891
651.0,1763,458.211653
651.0,1910,485.246456
630.0,1940,509.958528
693.0,1889,534.712078
651.0,1914,559.393472
682.0,1763,584.205121
399.0,1185,600.504452
672.0,1685,622.917644
504.0,1283,640.564498
787.0,1795,665.638835
735.0,1526,687.610987
651.0,1529,706.306378
714.0,1605,736.786533
672.0,1639,757.834659
724.0,1572,778.672863
693.0,1654,799.854375
714.0,1514,820.31462
672.0,1449,839.271356
724.0,1378,858.274056
692.0,1483,879.016542
702.0,1957,904.87946
713.0,1554,925.770351
849.0,1797,950.797634
817.0,1478,969.941741
796.0,1378,988.308232
787.0,1740,1011.943962
807.0,1426,1032.203735
776.0,1267,1049.849866
1110.0,2081,1087.701999
1025.0,2113,1116.805791
818.0,1556,1138.521105
919.0,1642,1159.449425
795.0,1287,1177.934377
2064.0,3681,1225.11287
817.0,1442,1244.860713
723.0,1411,1264.001979
1047.0,1857,1288.490716
794.0,1343,1305.707386
703.0,1506,1326.148127
1079.0,1921,1352.348238
1379.0,2465,1382.149199
988.0,1961,1409.394523
1609.0,2945,1467.215694
910.0,1545,1487.881397
743.0,1574,1509.461295
929.0,1703,1532.678904
795.0,1430,1550.121676
733.0,1346,1568.223782
734.0,1316,1584.405284
1947.0,2977,1626.865202
724.0,1236,1643.40163
2631.0,4226,1704.203459
2987.0,4381,1766.031687
2525.0,3715,1830.840614
2947.0,4526,1892.975587
1400.0,2305,1922.343701
2442.0,4194,1979.226661
2094.0,3330,2024.628149
827.0,1452,2044.569338
2282.0,3619,2092.902013
3005.0,4653,2156.49873
827.0,1577,2199.776624
2651.0,4099,2253.238045
3099.0,4674,2315.81219
1350.0,2145,2343.934443
877.0,1487,2363.636773
949.0,1700,2387.266776
2904.0,4519,2449.618293
1981.0,2690,2485.75359
2703.0,4098,2551.305459
2168.0,3233,2596.580615
1452.0,2433,2630.28037
2862.0,4484,2690.105596
1457.0,2305,2720.693052
1840.0,2721,2758.256881
888.0,1605,2780.455123
693.0,996,2793.433211
755.0,1414,2813.382572
692.0,1287,2830.711348
1405.0,2431,2863.362904
857.0,1350,2894.905206
713.0,1253,2911.322234
878.0,1391,2929.143179
2895.0,4456,2988.633123
2609.0,3779,3038.306571
1024.0,1857,3064.74785
929.0,1513,3083.011115
3089.0,4707,3146.637814
2935.0,4396,3207.996505
1162.0,1825,3233.116599
1773.0,2624,3287.647674
1779.0,2593,3323.308194
3326.0,4746,3389.254216
2234.0,3490,3435.438316
796.0,1765,3459.930988
878.0,1544,3480.227668
2409.0,3363,3523.907349
2996.0,4215,3580.837813
2588.0,3779,3648.475379
1813.0,2880,3688.892175
3545.0,4804,3749.516778
2832.0,4068,3805.963112
2821.0,4263,3860.681742
2317.0,3299,3904.730675
2629.0,3746,3974.667405
3184.0,4227,4032.144979
723.0,1287,4048.362571
2955.0,4169,4104.526103
1927.0,2978,4142.913744
2995.0,4391,4202.866277
3266.0,4229,4259.782126
660.0,1380,4278.445269
1917.0,3104,4341.1156
775.0,1669,4364.348342
3081.0,4899,4429.687382
3222.0,4775,4495.348692
868.0,1572,4516.839921
784.0,1443,4537.114384
814.0,1514,4556.904412
1819.0,3137,4601.075454
724.0,1228,4617.982059
2337.0,3554,4664.872674
1136.0,1889,4707.918012
1990.0,3008,4749.952875
2358.0,3683,4800.325768
2211.0,3265,4844.796878
3068.0,4773,4911.663409
899.0,1508,4932.223019
2010.0,3552,4979.275255
1603.0,2721,5016.129423
2945.0,4163,5084.49865
1401.0,2241,5115.680424
714.0,1314,5133.553479
919.0,1736,5157.457386
898.0,1737,5180.835574
898.0,1736,5204.647601
2941.0,4013,5259.738183
1498.0,2689,5296.666015
3295.0,4611,5360.489637
2685.0,3522,5406.354398
1863.0,2817,5466.653641
1146.0,2017,5495.22973
2419.0,3554,5543.404944
1979.0,3136,5584.902766
1430.0,2337,5615.247946
2791.0,3816,5665.079158
1382.0,2113,5693.390201
3398.0,4931,5762.054906
2249.0,4129,5839.956145
919.0,1442,5858.012831
2316.0,3651,5906.091786
3596.0,5188,5976.635826
825.0,1954,6000.257412
1966.0,3201,6044.474639
2925.0,4579,6106.01218
4513.0,6273,6207.303825
868.0,1568,6229.058959
889.0,1414,6248.678008
1816.0,2529,6284.630034
2567.0,3810,6335.941984
1666.0,2754,6372.479909
1602.0,2433,6405.543891
1668.0,2625,6442.813558
2945.0,4136,6499.337023
2475.0,3555,6556.544051
1349.0,2177,6586.103097
1624.0,2273,6617.555244
713.0,1285,6636.039114
1592.0,2625,6673.444607
941.0,1665,6695.993542
932.0,1857,6721.093132
2924.0,4358,6781.40113
1668.0,2496,6815.745477
3223.0,4707,6904.549759
2989.0,4260,6963.964889
2517.0,4035,7020.23786
2085.0,3233,7062.734066
962.0,1601,7083.773719
2893.0,4100,7137.961639
2871.0,4419,7193.520597
2443.0,3554,7265.165717
2117.0,3008,7306.285815
858.0,1544,7325.162493
2065.0,2913,7362.226313
2996.0,4429,7420.758058
1969.0,2882,7460.224173
3070.0,4424,7522.380442
869.0,1445,7541.089369
1643.0,2497,7575.71717
1536.0,2369,7623.283873
1666.0,2145,7650.931756
3697.0,5127,7720.534027
3618.0,4996,7788.936334
713.0,1317,7806.266334
1330.0,1953,7833.378467
1340.0,1761,7857.888272
1528.0,2305,7888.854247
2903.0,4231,7946.140087
2282.0,3377,8018.641338
1211.0,1985,8045.421856
3120.0,4770,8109.529622
2966.0,4259,8167.796323
1938.0,2656,8205.289314
2820.0,4034,8261.446384
2912.0,3916,8315.180526
3348.0,4899,8402.787368
2882.0,4167,8459.849117
723.0,1318,8477.29656
2221.0,3281,8524.006714
2904.0,4199,8582.598546
2461.0,3651,8634.033771
2945.0,4003,8686.331331
776.0,1227,8718.198845
3111.0,4393,8778.304729
2641.0,3778,8826.396928
1665.0,2304,8857.780748
2137.0,2817,8897.689902
2219.0,3330,8942.597905
2396.0,3778,8993.989602
2848.0,4067,9045.605432
1369.0,1921,9089.470488
3181.0,4355,9149.678066
1716.0,2567,9183.440277
2398.0,3747,9232.07684
1971.0,3136,9275.030553
828.0,1320,9291.384719
3310.0,4466,9352.086281
2797.0,4387,9410.183153
2736.0,4067,9484.42488
723.0,1186,9500.744443
2802.0,4103,9557.945754
3039.0,4547,9619.261586
1246.0,2145,9648.670317
2451.0,3523,9696.783569
806.0,1378,9715.788525
887.0,1635,9737.319827
1664.0,2592,9769.625195
693.0,1283,9814.976803
703.0,1571,9834.652499
829.0,1446,9854.4925
1464.0,2017,9879.700255
4147.0,5585,9956.377879
3614.0,5001,10024.328298
2850.0,3939,10076.158091
682.0,1315,10092.757245
1447.0,1921,10116.498492
3500.0,4964,10204.343961
3192.0,4589,10263.865882
2011.0,3200,10308.083581
4430.0,6193,10390.65407
4434.0,5601,10468.739481
1034.0,1729,10491.711355
1854.0,2432,10551.794007
3431.0,4931,10617.480466
2871.0,3974,10670.669764
1654.0,2433,10702.773689
2483.0,3459,10749.953902
2507.0,3330,10797.120753
918.0,1681,10817.977491
2798.0,3843,10870.029046
3598.0,4836,10956.939666
2704.0,3907,11010.611069
919.0,1667,11030.760128
1213.0,2049,11057.755134
1553.0,2304,11087.665438
972.0,1703,11110.057095
2651.0,3711,11159.678038
3099.0,4419,11221.288708
2945.0,4073,11305.92369
1284.0,2305,11338.644712
1661.0,2721,11375.557713
796.0,1361,11393.052966
2853.0,4037,11449.31519
2283.0,3491,11497.617791
2986.0,3907,11549.820597
3171.0,4230,11605.092154
3535.0,4869,11693.212422
2807.0,4034,11749.196315
3059.0,4195,11805.554911
3380.0,4450,11864.664728
827.0,1411,11882.981358
4419.0,6225,11968.462462
1580.0,2209,12016.773567
1423.0,2081,12043.564063
2650.0,3618,12089.903703
3214.0,4485,12151.834636
4407.0,5793,12228.692172
2138.0,3105,12269.521375
1928.0,2817,12307.983854
776.0,1317,12324.213745
1938.0,2880,12381.77775
3088.0,4262,12439.785118
3709.0,4739,12505.655778
1171.0,1761,12528.993651
848.0,1383,12548.264651
1737.0,2401,12580.771161
4441.0,5697,12658.377688
3543.0,4674,12744.550435
3510.0,5091,12812.878581
2714.0,3650,12861.755206
3049.0,4419,12921.711725
3287.0,4483,12982.778943
2934.0,4386,13040.460781
682.0,1061,13054.066257
2849.0,4034,13131.346497
3389.0,4867,13199.00192
2517.0,3298,13244.561741
3369.0,4530,13308.039243
1296.0,1953,13334.919188
2411.0,3490,13382.49029
1844.0,2721,13420.640174
818.0,1348,13437.322984
2832.0,4042,13511.286616
3485.0,4965,13579.550854
2703.0,3939,13634.177295
1200.0,2017,13661.561211
3264.0,4519,13725.53608
2705.0,3938,13778.42064
868.0,1508,13799.440025
2388.0,3235,13868.743949
2253.0,3266,13912.595966
3016.0,4068,13970.325457
3088.0,4559,14033.922278
2495.0,3555,14082.285475
2201.0,3075,14124.854706
2852.0,3842,14176.879462
829.0,1349,14212.098461
703.0,1157,14227.259699
1980.0,2689,14263.768927
2801.0,3811,14317.041792
1003.0,1697,14339.848382
2119.0,3200,14383.756104
2754.0,4067,14439.624035
3837.0,4897,14503.465616
919.0,1413,14522.633288
2988.0,4228,14604.977252
817.0,1540,14625.550284
3605.0,4962,14692.29553
2882.0,3874,14744.093011
2000.0,2913,14781.449872
3298.0,4393,14842.569058
2074.0,2944,14882.201843
3203.0,4708,14970.766093
1987.0,3105,15010.321226
858.0,1379,15027.932166
4489.0,5505,15105.138084
2052.0,3265,15147.854612
786.0,1220,15163.322523
1552.0,2560,15199.22958
3254.0,4662,15266.046896
1570.0,2417,15316.939245
1391.0,2273,15347.576026
908.0,1494,15367.713082
1678.0,2182,15396.163895
3402.0,4841,15463.132901
1371.0,2158,15492.610851
2652.0,3586,15542.68475
3007.0,4142,15599.496595
1874.0,2784,15635.922607
2934.0,4014,15700.901364
2799.0,3746,15750.018454
868.0,1672,15774.542009
3160.0,4067,15828.541865
2149.0,3009,15869.871536
703.0,1157,15885.66857
3237.0,4163,15941.788729
2757.0,4227,16000.605425
3307.0,4291,16076.633534
1172.0,1761,16100.238807
1573.0,2304,16130.674216
2545.0,3363,16176.53685
744.0,1287,16193.822037
2818.0,3778,16247.002262
2013.0,2721,16283.125375
2448.0,3331,16328.124559
3228.0,3906,16410.284859
2915.0,4034,16463.112485
1425.0,2145,16492.875869
2997.0,4291,16549.700353
2944.0,4229,16608.529673
4957.0,6129,16692.603973
2301.0,3587,16763.996436
1946.0,2880,16801.375124
2025.0,3104,16844.041124
3656.0,5258,16913.35238
3230.0,4779,16978.656358
754.0,1325,16994.731264
2396.0,3170,17038.748804
1686.0,2337,17071.027042
2181.0,2979,17128.624569
3330.0,4047,17183.430749
1958.0,2753,17220.063455
910.0,1444,17238.914446
1715.0,2657,17274.478488
1792.0,2368,17307.481042
3017.0,4195,17364.82845
744.0,1190,17378.938105
3136.0,4399,17440.261459
2498.0,3522,17505.524683
2924.0,4194,17563.186651
3048.0,4163,17620.977931
1492.0,2337,17652.922328
3048.0,4002,17704.913393
2997.0,4205,17760.282225
2967.0,4285,17819.887863
682.0,1282,17856.785832
2032.0,3137,17897.247368
2997.0,3811,17948.919358
2769.0,3875,18003.087543
1309.0,1825,18027.330176
1171.0,2113,18056.264433
3244.0,4751,18123.807344
1635.0,2401,18156.656804
1517.0,2273,18187.580669
3235.0,4421,18270.80413
2893.0,3748,18321.446456
1653.0,2370,18354.372185
724.0,1283,18371.058819
1097.0,1793,18394.002931
3588.0,4786,18460.124894
2455.0,3267,18504.75225
1108.0,1537,18525.320863
3246.0,4358,18615.31409
1515.0,2465,18648.7093
2946.0,3779,18699.481399
2149.0,2945,18738.487827
3317.0,4580,18800.318176
949.0,1731,18822.813145
2954.0,4227,18878.484771
2545.0,3203,18922.213366
3423.0,4566,19002.338472
3371.0,4643,19064.952052
734.0,1231,19079.164076
3378.0,4484,19141.118226
2894.0,3843,19194.265581
713.0,1283,19211.447251
1256.0,2113,19237.094912
2945.0,4004,19293.6753
1347.0,2177,19345.608989
3018.0,4354,19405.474364
2506.0,3842,19455.928137
2996.0,4372,19519.195487
1641.0,2913,19557.757946
2378.0,3171,19599.713061
1140.0,1825,19624.237262
3257.0,4395,19706.492257
2924.0,3838,19755.746123
889.0,1318,19770.845567
2557.0,3715,19819.053083
2883.0,4002,19872.07322
4125.0,5313,19942.644193
3772.0,4802,20007.847136
3026.0,4421,20088.065594
2974.0,4132,20145.995535
3390.0,4773,20211.626228
2009.0,3010,20254.631563
889.0,1640,20277.623274
2983.0,4200,20336.593959
1371.0,2017,20363.664437
3379.0,4070,20442.167661
4123.0,5201,20514.526432
2199.0,2817,20552.231765
2150.0,2768,20589.866393
2412.0,3363,20635.039127
1770.0,2721,20671.104873
2934.0,3660,20721.50636
2401.0,3074,20761.726724
3266.0,4420,20850.700933
3047.0,4386,20909.95913
3294.0,4551,20972.406875
1266.0,1953,20997.476586
1906.0,2657,21032.643691
2470.0,3491,21080.631345
1454.0,2113,21109.546813
898.0,1423,21127.854218
4055.0,4721,21218.616495
1077.0,1665,21243.121008
1615.0,2145,21271.088201
4810.0,6065,21352.949466
776.0,1345,21370.322849
1518.0,2177,21398.762659
3037.0,4261,21455.434789
3193.0,3880,21531.131177
3486.0,4520,21592.31382
1803.0,2369,21624.88325
3204.0,4302,21683.208732
3090.0,3880,21734.492582
3006.0,3682,21786.114874
2053.0,2689,21822.143707
1393.0,2081,21849.544017
3419.0,4583,21937.722133
1791.0,2625,21974.132088
3110.0,4674,22038.878944
2898.0,4450,22098.493362
3359.0,5000,22167.365038
483.0,835,22178.081551
3515.0,4453,22239.992786
2336.0,3267,22304.486245
2788.0,3894,22358.043693
1527.0,2305,22387.802627
2860.0,4163,22444.444837
3134.0,3879,22497.760521
1770.0,2721,22533.967894
3575.0,4681,22597.948358
2955.0,3809,22678.326411
2986.0,4136,22732.279316
2832.0,3715,22782.726408
3442.0,4452,22843.730367
3091.0,3880,22894.317286
2233.0,2979,22934.300641
3387.0,4534,23023.989603
2797.0,4067,23080.362646
3109.0,4010,23136.307386
2984.0,4003,23191.66437
3335.0,4399,23254.081867
1028.0,1695,23278.353132
3048.0,4169,23334.641672
1813.0,2465,23393.612298
1865.0,2561,23428.684047
2832.0,3395,23476.030148
3668.0,4647,23539.010215
3070.0,4262,23599.525929
2925.0,3875,23654.663271
1224.0,1793,23680.182405
2744.0,3555,23728.549995
3040.0,4030,23804.820102
1949.0,2784,23843.267156
3079.0,4070,23901.033568
1915.0,2624,23937.977643
1824.0,2464,23971.139691
3231.0,4463,24031.505238
2052.0,2753,24069.453993
3316.0,4162,24150.130152
1569.0,2337,24183.191753
2044.0,3073,24222.998283
3432.0,4419,24283.976529
1801.0,2721,24320.582171
3994.0,5201,24390.28954
3173.0,4132,24443.115406
3089.0,4163,24522.08094
3157.0,4738,24584.558466
3160.0,4291,24643.401844
1297.0,2049,24670.481143
2873.0,3783,24720.677286
3285.0,4416,24777.537722
2434.0,3235,24820.584859
3648.0,4522,24902.51454
3245.0,4325,24962.177673
2935.0,4003,25013.835988
745.0,1220,25029.100246
745.0,1444,25048.441631
2832.0,3939,25100.698953
1783.0,2433,25133.109321
807.0,1260,25150.390393
3677.0,4546,25230.812403
3142.0,4167,25287.695521
817.0,1508,25306.043484
3205.0,4067,25359.59778
2075.0,2689,25392.897167
2954.0,3921,25446.228687
2243.0,3043,25486.75337
724.0,1156,25501.08665
2997.0,3874,25553.991507
3255.0,4261,25628.747786
3536.0,4419,25690.564216
1603.0,2304,25721.509541
3048.0,4388,25781.061933
3005.0,4068,25836.693351
3769.0,5251,25909.191797
3113.0,4133,25987.048182
3051.0,3780,26039.865913
2534.0,3715,26090.48931
2705.0,3682,26139.819913
3481.0,4714,26204.73523
3147.0,4391,26262.171783
2944.0,4040,26347.31708
1653.0,2465,26379.620791
2987.0,4163,26434.285666
899.0,1458,26454.548712
2998.0,4067,26509.305181
2056.0,2977,26550.24497
2706.0,3555,26597.72327
3092.0,4099,26652.987676
3316.0,4260,26737.200674
1549.0,2241,26766.468296
3090.0,3781,26817.705291
3763.0,5073,26885.672245
818.0,1347,26902.740487
1978.0,3009,26945.512393
3039.0,4290,27004.824131
3153.0,4013,27080.908516
971.0,1441,27099.199542
796.0,1380,27116.422108
2986.0,4098,27173.068071
3318.0,4195,27229.747855
859.0,1384,27248.542667
3161.0,4102,27303.871015
734.0,1119,27318.919724
3978.0,5009,27389.439636
2285.0,3267,27456.104561
3320.0,4070,27510.431093
3909.0,5265,27582.833389
2914.0,4002,27637.164182
1382.0,2049,27664.56903
2977.0,3849,27716.751257
3277.0,4156,27792.856111
2389.0,3331,27837.956223
703.0,1442,27857.130243
5716.0,5794,27936.5954
3257.0,4296,27997.622855
1391.0,2145,28027.340738
4980.0,5713,28107.696556
889.0,1284,28124.57809
765.0,1283,28168.486914
3503.0,4519,28231.490446
3140.0,4291,28290.722992
4255.0,4945,28358.546422
3111.0,4002,28412.27082
2411.0,3395,28458.913552
3606.0,4714,28540.340769
2798.0,3523,28586.027017
2433.0,3042,28626.449607
786.0,1348,28643.781636
2923.0,4227,28701.264235
3070.0,4038,28755.488228
797.0,1349,28773.303005
2874.0,3664,28821.728756
3288.0,4405,28914.198271
889.0,1395,28933.789336
3518.0,4747,28996.563614
3101.0,3747,29046.934025
3649.0,4517,29106.775769
3070.0,4131,29165.379698
3658.0,4699,29229.066125
3049.0,3971,29307.112568
692.0,1166,29322.888024
1340.0,1985,29348.728904
2819.0,3747,29400.343021
796.0,1379,29418.680579
2116.0,2880,29458.367481
3349.0,4549,29522.353082
1885.0,2785,29557.399477
2125.0,2785,29594.19579
898.0,1444,29635.975996
3162.0,4075,29689.886975
2924.0,3811,29741.045801
3377.0,4580,29802.05617
3070.0,4037,29855.886162
2140.0,2753,29892.083219
3370.0,4645,29955.344434
1792.0,2529,30013.443298
1655.0,2465,30048.000247
3827.0,4785,30111.859967
3610.0,4419,30171.097688
3132.0,4102,30227.898137
2873.0,3908,30280.762458
3206.0,3876,30335.058712
3060.0,3746,30411.843032
4247.0,5169,30480.536402
2915.0,3694,30527.086497
3089.0,4214,30586.372878
3196.0,3875,30636.510214
1351.0,1729,30659.382064
3268.0,4231,30738.593352
2903.0,3938,30791.227884
4324.0,5585,30867.904878
2518.0,3459,30911.809559
2896.0,3491,30959.590268
1940.0,2657,30994.600759
4013.0,4801,31062.060775
3224.0,4302,31152.151752
2663.0,3139,31196.691131
1769.0,2497,31232.367853
3110.0,3948,31286.300611
890.0,1262,31302.034966
3336.0,4323,31362.631443
2453.0,3042,31403.280508
2084.0,2784,31438.522274
1729.0,2305,31490.368728
3162.0,3971,31546.36679
2945.0,3811,31600.705401
1049.0,1569,31621.553205
3297.0,4323,31679.202528
682.0,1155,31694.222365
2389.0,3299,31737.603329
2349.0,3011,31780.092499
3388.0,4771,31871.710897
4390.0,5409,31942.114637
3268.0,4035,31996.339973
2139.0,2657,32033.97453
2357.0,3106,32076.589634
3039.0,3750,32129.310366
1969.0,2816,32167.892377
3070.0,3907,32241.237826
4330.0,4881,32310.19173
682.0,1187,32325.154835
1070.0,1729,32347.366372
3372.0,3847,32398.493243
3235.0,4419,32453.880488
2621.0,3395,32500.803333
3027.0,3990,32575.495095
2012.0,2593,32609.330155
3265.0,4227,32668.874686
3566.0,4151,32726.804729
3717.0,4673,32791.58776
3142.0,3779,32841.872951
2024.0,3072,32883.96643
2945.0,4003,32961.930471
3164.0,3542,33009.249969
1182.0,1761,33033.49064
2748.0,3555,33084.741967
3369.0,4421,33146.396368
3172.0,4354,33207.344347
1393.0,1729,33228.265085
2999.0,3718,33278.653786
3036.0,3845,33357.519261
2177.0,3073,33400.177085
3375.0,4487,33462.958439
2400.0,3331,33509.075508
868.0,1444,33528.564538
3728.0,5118,33598.681064
3234.0,4196,33656.856884
1937.0,2784,33719.883826
3632.0,4771,33785.259819
2975.0,4227,33841.970543
1729.0,2177,33869.130517
4115.0,5233,33937.569511
3383.0,4356,33996.469063
2924.0,3815,34076.829433
1947.0,2464,34112.064901
3049.0,3971,34166.180898
2587.0,3362,34212.492578
1939.0,2529,34245.191544
837.0,1187,34261.435636
2997.0,3588,34311.143207
2347.0,3170,34356.663239
3402.0,4597,34444.160916
807.0,1414,34460.748743
3069.0,3875,34514.069087
3047.0,4131,34571.417888
3351.0,4068,34628.853625
3505.0,4547,34692.446193
2391.0,3619,34741.796291
2093.0,2977,34784.664824
1561.0,2113,34825.003959
2967.0,4055,34882.407353
3056.0,4208,34941.483497
3453.0,4579,35003.286156
1620.0,2113,35030.791488
3087.0,4453,35088.611228
3017.0,4226,35146.671159
2161.0,2689,35205.838153
2914.0,4233,35263.127977
3224.0,3971,35319.395639
2934.0,3779,35371.794984
682.0,995,35384.292584
682.0,965,35397.748259
3347.0,4401,35457.354235
3628.0,4893,35542.314841
3017.0,4259,35601.239834
3504.0,4628,35667.304054
898.0,1295,35683.179914
1854.0,2816,35719.973855
3019.0,3848,35775.912214
4125.0,4977,35839.79619
1875.0,2305,35871.197757
3326.0,4740,35961.518493
1740.0,2718,35998.634771
2924.0,4035,36055.016154
3057.0,4164,36109.599128
2788.0,3810,36161.510349
2171.0,3056,36203.001909
1223.0,1825,36226.888453
744.0,1223,36242.943373
962.0,1601,36278.89094
2954.0,3793,36327.85304
2705.0,3586,36377.230424
3080.0,3621,36425.863155
3379.0,4387,36484.363632
3359.0,4382,36545.536849
2873.0,4134,36603.217574
3451.0,4515,36688.339246
3078.0,3909,36742.420156
4140.0,5329,36816.159282
1224.0,1633,36838.329275
1916.0,2977,36879.870248
3128.0,4515,36942.73053
2065.0,2913,36981.815495
2010.0,2721,37041.356979
4486.0,5537,37119.02565
1706.0,2401,37152.920722
3231.0,4293,37214.136496
3519.0,4804,37277.856481
3067.0,4387,37340.948729
1246.0,1889,37395.38732
2946.0,3916,37449.622879
3537.0,4324,37506.449114
1341.0,1953,37532.065817
3648.0,4773,37595.180886
2988.0,4132,37651.576821
3619.0,4581,37714.302255
2976.0,3974,37793.950702
2610.0,3618,37842.880451
797.0,1250,37860.524781
776.0,1029,37874.505958
2473.0,3683,37925.931796
2671.0,3394,37971.212359
3069.0,3939,38025.690428
2281.0,3105,38069.413546
2325.0,3106,38134.179703
734.0,1187,38149.114774
3192.0,4035,38203.411786
3265.0,4005,38258.437201
3566.0,4422,38318.447426
2170.0,2785,38356.92022
3088.0,3909,38407.857888
3430.0,4547,38468.605432
5841.0,6577,38590.008255
3568.0,4419,38651.341804
2398.0,3234,38693.500958
3232.0,3938,38746.352718
3268.0,4195,38805.222613
1928.0,2241,38835.016859
2359.0,3107,38901.622401
2999.0,4038,38956.316889
2076.0,2689,38990.499264
4417.0,5297,39063.585821
5270.0,6225,39146.22569
3950.0,4817,39215.209229
3099.0,4324,39300.836501
3961.0,4721,39366.933852
3266.0,4259,39424.988958
3059.0,4102,39480.053821
3080.0,3619,39530.075238
3493.0,4518,39587.429068
4401.0,5361,39679.054971
3141.0,3907,39730.178807
839.0,1317,39748.579818
2160.0,2753,39787.321602
1141.0,1825,39810.812348
5138.0,6113,39892.715285
2367.0,3107,39935.110403
4107.0,5457,40032.670774
3923.0,4785,40097.870239
1665.0,2337,40130.23414
2452.0,3107,40172.623909
2914.0,3780,40226.970353
2679.0,3555,40275.045414
3188.0,4483,40364.773353
4370.0,5409,40436.356795
3810.0,4963,40502.657687
4599.0,5329,40577.756226
3283.0,4389,40635.893665
4055.0,4721,40724.021857
3183.0,3683,40774.597908
4822.0,5601,40851.524522
2735.0,3395,40893.63635
3020.0,3556,40940.60352
3100.0,4003,40993.962004
765.0,1318,41011.992087
1002.0,1633,41034.106421
3120.0,4003,41116.44013
1622.0,2305,41146.05642
2778.0,3778,41196.930378
3452.0,4328,41255.074682
1790.0,2753,41291.263114
4681.0,5617,41368.003484
4497.0,5393,41464.778306
3329.0,4172,41521.21002
2912.0,3779,41574.616328
3698.0,4611,41637.378813
4655.0,5697,41712.85125
3515.0,4199,41765.99503
827.0,1254,41781.963679
3294.0,4389,41869.514286
3296.0,4291,41926.385207
1562.0,2145,41956.389932
3563.0,4484,42019.676921
3213.0,4068,42072.872246
2620.0,3235,42114.68918
3553.0,4581,42200.373609
2105.0,2817,42237.125801
2002.0,2625,42272.554182
2975.0,3687,42323.278925
949.0,1669,42342.886848
3349.0,4326,42403.602319
2356.0,3011,42445.283299
3191.0,4227,42499.588098
3005.0,3620,42580.998763
2348.0,2915,42621.707982
3388.0,4232,42680.488457
4254.0,5441,42753.699882
3756.0,4707,42817.995247
3171.0,4419,42879.680172
3225.0,4003,42959.027499
3536.0,4615,43022.176915
1904.0,2752,43058.129521
3031.0,4361,43117.532053
3007.0,3589,43163.123736
838.0,1219,43178.615691
859.0,1252,43195.720101
3519.0,4654,43259.620559
2084.0,2785,43329.189727
1720.0,2145,43357.712843
4649.0,5217,43428.466006
4382.0,5553,43504.580556
2093.0,2944,43545.657525
3608.0,4803,43611.6836
3400.0,4517,43690.10968
1813.0,2784,43724.694971
2839.0,3555,43774.112473
2997.0,3843,43826.715345
817.0,1187,43842.855229
3792.0,5059,43911.912218
3551.0,4868,43981.095085
1895.0,2721,44053.329126
2934.0,3940,44105.303743
3574.0,4488,44166.255685
1318.0,1953,44191.251694
4848.0,6033,44275.202406
3729.0,4835,44339.683023
3026.0,3721,44389.633572
5029.0,6257,44511.061152
3535.0,4197,44571.45423
3069.0,3781,44625.120152
3606.0,4675,44689.284763
5330.0,6545,44777.415247
3317.0,4273,44865.057266
4217.0,5473,44939.813131
3328.0,4355,44999.414259
4606.0,5777,45077.953965
1663.0,2401,45110.62872
2915.0,3941,45198.155308
3027.0,4325,45256.732156
3997.0,4961,45326.183493
3576.0,4322,45385.856364
2737.0,3459,45432.324836
3993.0,5329,45502.854788
968.0,1668,45524.240012
755.0,1349,45567.224306
3245.0,3924,45620.273242
5503.0,5840,45698.090321
3770.0,4678,45762.976352
3565.0,4259,45822.177781
3204.0,4227,45879.130718
2313.0,3139,45947.772496
661.0,1126,45962.50782
3490.0,4645,46026.024009
3048.0,3943,46080.132579
3471.0,4580,46142.747627
2966.0,4100,46198.387082
2378.0,3395,46244.954934
6278.0,7249,46365.877694
3058.0,3942,46418.756688
3442.0,4322,46474.870305
1685.0,2465,46507.935141
3027.0,4105,46561.489627
3626.0,4708,46626.020714
2399.0,3398,46690.449474
3225.0,4197,46748.217016
2976.0,3973,46801.284176
4904.0,5729,46881.566165
3236.0,4230,46939.492962
5627.0,6209,47048.989784
1677.0,2369,47081.289615
3182.0,4133,47135.396179
2987.0,3813,47189.425445
3153.0,4005,47244.109099
4077.0,5073,47311.281795
2716.0,3555,47358.995368
3919.0,5121,47457.164236
848.0,1319,47474.242107
2168.0,2817,47510.582231
1441.0,2145,47539.238157
2749.0,3458,47586.320001
1866.0,2625,47621.010271
2401.0,3106,47663.426372
4542.0,5633,47767.938512
3287.0,3842,47821.615293
2966.0,3878,47875.00312
2997.0,3683,47923.284342
3399.0,4453,47986.640289
2600.0,3331,48031.180485
3484.0,4387,48090.261247
3370.0,4195,48172.564472
4263.0,5345,48247.113614
1979.0,2752,48283.540082
2984.0,4297,48342.764209
3357.0,4547,48404.8257
5156.0,6465,48518.400567
3856.0,4785,48583.225502
5062.0,6209,48666.276994
2296.0,2947,48706.802926
2718.0,3331,48751.923108
4404.0,4929,48821.363316
3402.0,4231,48909.30518
2891.0,4036,48966.099005
3348.0,3971,49019.768515
3171.0,4067,49074.154998
4922.0,5985,49155.838213
4198.0,5185,49227.750475
929.0,1481,49277.848739
5266.0,6832,49365.231988
3749.0,4899,49429.783376
3741.0,4678,49493.256708
2316.0,3331,49540.153961
2975.0,4023,49593.366582
3514.0,4138,49680.347934
1484.0,1953,49706.426599
1883.0,2625,49741.377175
2545.0,3427,49788.648104
2820.0,3330,49831.495921
4947.0,5649,49909.060457
3398.0,4355,49965.774402
3007.0,3655,50036.952568
1937.0,2752,50076.125034
3184.0,4036,50128.681559
2599.0,3247,50175.123307
3639.0,4550,50237.435225
859.0,1155,50253.630146
4111.0,5009,50318.768294
4803.0,5889,50429.099952
2559.0,3362,50474.091347
2935.0,3686,50520.938932
5966.0,6641,50612.408244
4706.0,5265,50685.733455
3609.0,4482,50763.968342
6602.0,7379,50863.722754
3887.0,5217,50935.64584
2737.0,3363,50983.674067
4023.0,4721,51049.430328
2139.0,2881,51112.364163
4454.0,5313,51182.419637
5335.0,6497,51274.093889
878.0,1444,51293.967316
2019.0,2785,51330.261825
4083.0,5153,51402.684757
4385.0,5137,51507.28
4261.0,5009,51576.556842
888.0,1252,51593.252244
3028.0,3748,51644.675367
807.0,1189,51660.983841
2738.0,3331,51705.123306
3141.0,4103,51761.246422
3656.0,4738,51823.503532
4382.0,5169,51918.276347
3898.0,4849,51982.932993
3485.0,4515,52042.390879
2589.0,3363,52089.28071
3655.0,4241,52147.945089
5784.0,7089,52265.024373
3183.0,3780,52317.394583
4988.0,5361,52390.756985
3307.0,4098,52445.521929
6312.0,6993,52539.767998
4142.0,5041,52638.741622
2369.0,3266,52684.989357
878.0,1574,52703.518115
2118.0,2817,52743.384385
4705.0,5697,52818.048863
755.0,1155,52831.916249
4682.0,5505,52907.29651
5797.0,6656,53029.122707
744.0,1220,53045.371782
3266.0,4068,53101.522817
4672.0,5521,53174.080372
1162.0,1697,53194.458056
3069.0,4166,53250.367482
4981.0,5937,53358.031751
3513.0,4486,53418.887566
5540.0,6528,53509.944769
1024.0,1313,53528.453989
3070.0,3651,53576.33606
3906.0,4753,53642.978238
3049.0,3973,53728.344377
4223.0,4897,53794.838274
3195.0,3686,53843.225201
3972.0,5222,53915.341929
3596.0,4931,53984.354363
3108.0,4357,54044.340892
2844.0,3363,54113.769514
3896.0,4817,54179.821333
4332.0,5265,54254.782645
2285.0,2883,54291.648262
3216.0,4036,54343.687641
4849.0,5905,54447.602515
983.0,1345,54465.108174
3257.0,4231,54521.974771
1362.0,1857,54546.80343
4018.0,4593,54608.249995
3523.0,4355,54668.027401
3092.0,3824,54717.130696
4708.0,5217,54814.204289
5232.0,5840,54897.172217
2873.0,3682,54948.352581
3370.0,4131,55006.153115
3853.0,4609,55070.176316
5760.0,6321,55156.245502
4210.0,5281,55251.468484
3383.0,3907,55301.912329
4235.0,4897,55367.537947
3615.0,4388,55429.680397
3454.0,4099,55485.584885
2893.0,3845,55553.723153
1918.0,2625,55588.20075
4304.0,5345,55661.858796
3049.0,3939,55716.032498
4314.0,5489,55791.92468
3997.0,5121,55861.878377
3813.0,4801,55954.763928
3378.0,4229,56015.656251
1411.0,2113,56045.12904
4393.0,5569,56120.683304
4094.0,4929,56185.911591
3569.0,4101,56242.138092
5954.0,6689,56361.936629
3256.0,4036,56413.80282
5128.0,5937,56495.022628
5421.0,6095,56577.6905
6240.0,6945,56702.478114
5078.0,5744,56778.334677
3070.0,3653,56828.967748
2703.0,3522,56877.91783
3027.0,3460,56926.222041
3183.0,4234,56983.738406
4137.0,5057,57079.874828
4924.0,5777,57156.907714
3399.0,3941,57208.997912
1865.0,2305,57237.837522
3039.0,3588,57286.82027
6266.0,6561,57377.182724
2905.0,3429,57452.29055
2842.0,3602,57500.606052
3223.0,4040,57558.338356
5355.0,6593,57644.039477
5189.0,5585,57722.147083
4404.0,4785,57817.993374
848.0,1251,57834.074982
5354.0,6576,57922.335484
5577.0,5793,58001.108313
3596.0,4516,58062.011929
2010.0,2721,58100.076323
1939.0,2913,58165.262949
3843.0,4833,58231.496283
3640.0,4427,58293.388223
3296.0,4067,58349.269282
2476.0,3203,58390.068818
3346.0,4261,58448.111761
4003.0,5105,58543.039894
4175.0,5377,58616.814458
3329.0,4226,58674.280362
6218.0,6705,58768.096251
3933.0,4689,58831.693879
5578.0,6529,58950.032562
3196.0,3684,58996.819259
2895.0,3651,59049.512559
4230.0,5377,59122.432606
3295.0,3971,59176.110061
4102.0,5409,59280.329431
5174.0,6097,59364.720662
5051.0,5553,59440.28849
4960.0,6001,59524.942669
5054.0,5649,59605.012724
3142.0,3879,59695.093592
3347.0,4358,59755.102241
2923.0,3525,59804.256337
4384.0,4913,59869.826651
3278.0,3591,59919.6046
1017.0,1569,59940.977182
3276.0,4039,59997.236937
3080.0,3907,60079.117108
4349.0,5153,60150.287906
3410.0,4241,60207.525602
3813.0,4962,60275.984817
1510.0,2017,60302.242032
3411.0,4198,60357.268257
3006.0,3780,60435.834546
4447.0,5217,60506.834929
3629.0,4547,60567.668528
4293.0,5297,60638.120581
5339.0,6497,60723.776024
5443.0,6142,60847.345444
5096.0,6081,60928.404101
5164.0,6113,61012.107376
2946.0,3685,61062.734386
2957.0,3651,61111.154897
6151.0,6897,61226.928153
4226.0,4929,61294.879622
6616.0,6834,61387.148844
6899.0,7555,61489.777519
2316.0,3298,61566.357363
3379.0,4227,61626.107215
2724.0,3043,61668.188564
3790.0,4961,61735.726912
3206.0,4006,61792.213492
4158.0,5137,61862.607251
1633.0,2240,61920.650297
4588.0,5537,61991.296183
1297.0,1825,62016.417289
1540.0,2177,62046.050011
4084.0,5185,62117.232956
2389.0,3319,62162.720086
5777.0,6239,62248.387565
5213.0,5793,62354.456574
1288.0,1889,62379.703486
2652.0,3395,62423.053226
4589.0,5585,62499.90536
1589.0,2209,62529.609826
3537.0,4265,62588.269341
2896.0,3694,62668.701471
3805.0,4561,62730.650286
3194.0,3938,62782.426029
2631.0,3362,62827.623636
5926.0,6416,62913.414844
5304.0,6177,63031.558327
3004.0,3716,63081.993725
3320.0,4163,63138.645043
3709.0,4645,63203.006617
2619.0,3811,63256.914072
3184.0,3940,63312.631897
4800.0,5633,63425.738823
3870.0,5009,63494.653508
2401.0,3330,63542.559309
4980.0,5825,63624.845572
4839.0,5681,63705.626929
3255.0,4003,63761.802807
2978.0,3875,63845.627881
3553.0,4228,63903.102789
3797.0,4657,63969.572407
4788.0,5537,64045.280981
4904.0,5745,64127.154054
3382.0,4067,64209.0331
3329.0,3683,64259.428611
2956.0,3429,64306.668395
3017.0,3621,64353.8384
6716.0,7331,64453.999117
4796.0,5553,64573.249033
879.0,1219,64590.128956
2621.0,3042,64631.838719
3296.0,4166,64684.556977
1633.0,2209,64713.551699
3421.0,4581,64777.560903
5173.0,6064,64859.096611
3080.0,3939,64940.212875
2140.0,2897,64980.79667
3399.0,4420,65040.631963
4025.0,4753,65105.603349
3695.0,4838,65170.4012
3782.0,4771,65235.573285
3040.0,3554,65309.257705
3184.0,3778,65361.013252
3016.0,3846,65414.307375
3994.0,5105,65483.960874
3151.0,3876,65536.834166
3370.0,4068,65591.785644
2957.0,3686,65641.521302
3265.0,3971,65721.575916
2843.0,3203,65763.112088
5255.0,5857,65843.838109
1510.0,1921,65870.503815
3193.0,3815,65924.400367
672.0,1094,65938.686223
5670.0,6305,66056.097072
4346.0,5137,66125.453933
4232.0,4689,66188.80824
3142.0,3941,66241.208386
3202.0,3972,66293.963215
3775.0,4641,66357.328205
3367.0,4386,66447.24455
5365.0,6610,66537.367809
3380.0,4261,66594.148332
1169.0,1633,66615.899303
3635.0,4612,66677.214342
1750.0,2273,66708.450978
3918.0,4785,66801.107402
4169.0,4785,66866.747485
5519.0,5777,66945.592346
3636.0,4579,67007.452573
4908.0,5089,67075.814604
4997.0,6065,67190.00206
3131.0,4134,67248.372836
1644.0,2178,67278.189603
3163.0,3813,67330.220222
2694.0,3203,67375.143099
6200.0,6448,67460.654395
3248.0,3843,67511.383344
3142.0,3973,67598.686117
4640.0,5633,67677.719476
4766.0,5521,67755.15041
2424.0,3171,67797.549195
3204.0,4005,67853.76808
3503.0,4420,67944.254867
2577.0,2978,67985.926478
3686.0,4900,68050.197134
3109.0,4197,68107.777768
5169.0,5840,68185.94986
2987.0,3781,68235.771754
6442.0,7154,68360.262064
3953.0,4833,68425.009982
4402.0,5185,68496.988672
2914.0,3564,68545.942257
2043.0,2784,68581.230026
3388.0,4262,68664.008228
5111.0,6241,68745.571322
4251.0,4961,68813.432206
5316.0,5728,68890.590385
3009.0,3427,68934.053962
4398.0,5025,69039.850697
2989.0,3781,69090.682225
3090.0,3715,69139.910655
2568.0,2946,69176.57629
4597.0,5553,69247.935926
4967.0,5793,69322.621678
3245.0,4143,69397.781455
2105.0,2689,69433.951131
2422.0,3170,69476.132849
2955.0,3908,69525.470879
4670.0,4977,69592.50029
3359.0,4067,69646.962343
5104.0,5921,69757.849982
3421.0,4003,69811.361078
5261.0,6368,69893.141377
3419.0,4579,69955.553603
3982.0,4929,70021.065743
3182.0,3785,70070.740944
3794.0,4721,70159.304133
4978.0,5537,70233.33232
3786.0,4785,70295.190388
3543.0,4452,70355.484102
2873.0,3427,70400.412589
1741.0,2433,70434.447695
3668.0,4516,70519.563179
6175.0,6785,70612.651953
4244.0,4881,70680.223825
2791.0,3460,70728.103345
868.0,1285,70743.908954
3380.0,4260,70799.424915
3553.0,4366,70891.095107
4960.0,5537,70965.926676
4696.0,5393,71040.185211
2391.0,3075,71079.268911
3893.0,4977,71145.042536
4843.0,5313,71233.786525
3553.0,4453,71292.969658
2956.0,3685,71345.08522
880.0,1188,71360.003238
4743.0,5505,71434.28453
6058.0,6256,71518.520248
3000.0,3554,71601.97375
6392.0,6720,71688.62363
2946.0,3779,71738.678668
5855.0,6177,71822.40437
4119.0,4945,71888.800802
1257.0,1729,71911.828185
734.0,996,71924.926434
5526.0,6465,72034.313421
4918.0,5745,72110.719124
3707.0,4421,72166.4267
5333.0,6177,72247.484708
3586.0,4453,72334.936632
3348.0,4067,72387.345717
4843.0,5265,72454.667622
3361.0,3974,72509.179042
5165.0,5665,72585.015304
3022.0,3555,72631.968614
5260.0,5680,72741.263625
4202.0,5409,72811.771777
4414.0,4641,72875.195821
3588.0,4555,72935.663563
3379.0,4163,72993.85953
2935.0,3459,73071.617378
2893.0,3619,73116.830893
4414.0,5249,73184.777549
1098.0,1633,73204.778042
3960.0,4945,73269.084507
3070.0,3685,73317.729544
2987.0,3459,73364.196904
4725.0,5521,73462.354271
1444.0,2177,73488.742388
2822.0,3524,73531.872555
3142.0,3524,73576.957165
2955.0,3784,73628.967892
3719.0,4615,73690.271153
