#{"t_start": 1707597673.9256473, "env_id": "ALE/Centipede-v5"}
r,l,t
2854.0,846,19.571517
1340.0,646,29.092576
773.0,638,38.332561
2532.0,744,49.719739
1690.0,881,62.759115
914.0,622,72.292699
551.0,522,79.879273
1105.0,502,87.74262
2013.0,747,100.104096
1335.0,574,108.879087
4144.0,762,120.204035
4569.0,1197,138.657229
2596.0,684,149.508622
2377.0,1012,163.977059
2290.0,615,173.886472
1795.0,699,185.109416
846.0,670,196.010865
1887.0,643,205.513928
5399.0,808,217.76742
3456.0,687,228.296604
2552.0,880,242.243075
1701.0,572,251.781849
3913.0,1138,270.37597
7039.0,1034,287.530143
1983.0,553,295.936755
2047.0,714,306.224296
1056.0,501,314.073014
2143.0,682,324.563166
1570.0,776,337.679563
1696.0,717,348.602631
3585.0,904,364.025661
2017.0,907,378.050663
5420.0,893,392.973078
6625.0,995,408.488583
6139.0,864,427.14803
1357.0,571,436.281963
5901.0,1372,458.553784
1008.0,600,467.563225
3124.0,843,481.632163
2710.0,712,491.925837
3572.0,766,502.989644
2987.0,735,515.128199
2636.0,659,524.728717
2086.0,610,534.593134
4036.0,1216,553.393772
5317.0,836,567.046564
3140.0,757,577.855175
1747.0,938,592.849905
3517.0,991,608.158409
2109.0,994,625.228286
2770.0,737,637.216594
2290.0,729,648.553473
2009.0,570,657.208556
1465.0,561,665.733613
3780.0,1151,685.766933
1995.0,509,692.327622
2999.0,804,706.382505
1782.0,609,715.798326
4126.0,694,726.718974
2498.0,781,738.868615
3147.0,692,748.413696
2854.0,788,759.861961
4931.0,812,773.22272
2152.0,833,785.232881
2222.0,762,797.919945
2282.0,815,811.027955
3010.0,777,824.241196
2855.0,599,833.236173
4776.0,1030,855.879492
1772.0,516,863.631904
7362.0,1661,889.016666
2854.0,990,904.297343
2166.0,824,915.919846
1689.0,828,928.053961
1906.0,783,938.634844
1653.0,607,947.666534
2594.0,650,957.071915
4423.0,1103,974.254998
945.0,640,985.033724
5012.0,1083,1002.065877
1783.0,535,1009.958222
3842.0,1116,1027.629322
8302.0,1568,1051.396214
2919.0,925,1065.215457
1704.0,664,1075.354496
2279.0,826,1088.504087
5205.0,910,1102.275653
2514.0,702,1113.182745
2839.0,676,1123.736552
6219.0,949,1139.34733
4228.0,766,1150.784975
2523.0,766,1162.316947
1315.0,567,1170.983386
3496.0,752,1182.691502
2819.0,897,1197.226891
1803.0,648,1206.743659
2535.0,889,1221.265445
1789.0,750,1232.099422
4885.0,872,1246.13302
3631.0,1158,1267.801417
2204.0,516,1275.656484
796.0,497,1283.733568
3846.0,981,1299.562229
4163.0,799,1312.347596
985.0,317,1317.922963
4483.0,759,1329.993373
1574.0,508,1338.05745
5257.0,867,1351.89559
5269.0,1221,1371.75116
3111.0,1067,1388.015729
1876.0,553,1396.773058
2511.0,754,1408.049667
4552.0,1135,1427.232744
3898.0,881,1440.924139
3625.0,723,1452.984761
2466.0,846,1465.836131
1104.0,465,1472.516818
3296.0,936,1488.334169
4183.0,959,1502.968941
2876.0,880,1517.40827
2052.0,527,1524.969229
3057.0,882,1539.627255
1730.0,587,1548.987727
4729.0,958,1564.91785
3209.0,898,1578.636904
1778.0,692,1589.23674
4916.0,1293,1610.721348
901.0,451,1618.213213
1410.0,406,1624.166615
4524.0,974,1640.721884
4529.0,1009,1657.217124
4051.0,752,1668.073154
2361.0,759,1679.103823
6599.0,1600,1711.293798
2187.0,669,1721.245872
2751.0,777,1733.595532
1998.0,624,1742.656248
5025.0,1346,1764.988879
7218.0,1294,1786.439117
5354.0,1141,1804.296565
5431.0,1152,1822.929659
3701.0,891,1838.130538
13322.0,1893,1868.409309
2389.0,723,1878.582507
6669.0,1528,1902.083266
3002.0,612,1910.684436
4741.0,1284,1931.92976
6416.0,1476,1956.619084
1573.0,610,1965.411647
7592.0,1180,1982.905582
3110.0,703,1993.952897
2723.0,739,2006.330203
5878.0,1144,2023.80819
3432.0,838,2036.790398
1889.0,708,2047.495509
4804.0,877,2060.557922
6712.0,955,2075.638821
2658.0,751,2086.799189
2591.0,571,2095.487512
2672.0,640,2111.045824
3465.0,761,2122.120864
2217.0,535,2129.57198
2795.0,691,2139.211143
5365.0,1094,2156.503072
7165.0,1327,2178.130828
4400.0,921,2191.544591
8015.0,1327,2213.427657
2827.0,946,2226.436334
2093.0,586,2235.705181
5147.0,1188,2253.669439
2634.0,618,2262.971238
2226.0,611,2272.309631
7355.0,1296,2293.560187
4582.0,1420,2315.707823
3585.0,1236,2333.864136
3091.0,775,2346.114215
4980.0,1225,2365.36408
3961.0,753,2378.022802
5063.0,1071,2394.979344
4385.0,660,2405.335096
2775.0,562,2413.138508
912.0,585,2422.750087
2722.0,1565,2446.008555
2303.0,818,2458.904227
1821.0,577,2467.138585
2306.0,892,2481.069989
2970.0,1073,2498.018969
2205.0,684,2507.038918
4274.0,1059,2530.230457
2297.0,606,2539.398481
5462.0,1071,2555.963485
3177.0,1056,2572.208493
3782.0,1191,2591.23381
837.0,389,2596.214881
4368.0,1354,2616.625281
2044.0,1086,2633.458889
3773.0,767,2643.431424
6407.0,1188,2661.497896
1681.0,560,2669.703688
4062.0,922,2683.553265
4379.0,1194,2702.287465
3146.0,877,2717.167649
2598.0,791,2728.972678
11213.0,1591,2753.842997
2095.0,739,2765.111356
3632.0,908,2779.1221
4710.0,1168,2797.298733
6098.0,1206,2816.196296
3989.0,989,2830.960868
2811.0,1072,2848.360401
6677.0,1316,2869.133933
1455.0,758,2881.69966
2629.0,913,2894.799428
3728.0,1116,2912.590337
4671.0,1112,2938.279243
3980.0,721,2949.430577
5514.0,1303,2970.688694
11432.0,1726,2999.12665
4206.0,833,3011.415362
4087.0,792,3024.792737
4006.0,1052,3042.475003
4126.0,1214,3062.635037
959.0,550,3071.235462
4180.0,919,3085.13206
3548.0,1097,3102.362608
1818.0,657,3112.594314
2217.0,641,3121.978557
4866.0,956,3136.801725
5608.0,1001,3152.072956
5397.0,1216,3171.320476
3996.0,829,3183.362184
1104.0,578,3192.170466
1590.0,681,3203.445152
7700.0,1345,3222.861793
4993.0,1014,3238.438982
2349.0,849,3251.621587
6379.0,1220,3269.683544
6850.0,1345,3291.068099
3994.0,957,3305.484721
3712.0,714,3315.945803
6343.0,1257,3335.115674
5726.0,1146,3359.009653
5009.0,1081,3374.795676
2089.0,890,3389.614339
4067.0,1202,3407.529055
5360.0,1291,3428.13943
4621.0,1390,3450.238204
4730.0,1194,3468.241717
12117.0,1746,3495.494912
1999.0,1012,3510.646864
2100.0,990,3526.5958
7757.0,1466,3549.322721
1545.0,584,3558.190781
6487.0,1368,3580.649457
2291.0,659,3590.625823
4787.0,953,3605.917193
8447.0,1278,3626.293605
3623.0,948,3640.490144
3723.0,791,3651.545279
3895.0,1002,3666.601433
5439.0,1273,3687.493638
11454.0,2221,3721.580788
2871.0,793,3732.835616
16566.0,2411,3781.801331
2000.0,820,3793.058821
12269.0,1670,3818.46465
7936.0,1591,3841.869375
5181.0,1200,3861.817517
6968.0,1338,3882.354038
3874.0,810,3894.893303
4688.0,1007,3909.931827
3182.0,1014,3925.320936
7252.0,1265,3945.236588
4862.0,745,3956.370364
4489.0,865,3970.211545
5107.0,1453,3992.384267
2530.0,716,4003.23574
4633.0,935,4018.066298
9531.0,1544,4043.264471
3527.0,1045,4058.549458
13118.0,2033,4090.82645
9524.0,1353,4111.92304
3294.0,659,4122.277072
2506.0,707,4133.714753
2530.0,929,4149.249077
5259.0,680,4159.827602
5673.0,1406,4189.911664
2574.0,753,4200.858692
5812.0,916,4214.300906
8245.0,1208,4233.301738
3100.0,820,4247.421195
5595.0,822,4259.529112
2648.0,720,4271.798138
12387.0,1867,4299.722338
4336.0,943,4313.714681
5675.0,1044,4330.257181
7903.0,1384,4352.771959
4283.0,828,4364.69381
5317.0,1023,4380.408625
12757.0,1861,4410.157408
3766.0,987,4425.016271
1201.0,663,4435.818347
9965.0,1289,4456.608775
3278.0,823,4469.242218
9948.0,1481,4493.639711
7000.0,765,4505.947438
3957.0,945,4519.071716
3120.0,701,4530.296281
7708.0,1283,4549.941893
4755.0,1041,4565.465257
3648.0,1235,4590.934739
3676.0,579,4600.514101
6828.0,1039,4615.988293
3799.0,898,4629.94655
2737.0,536,4637.182003
2520.0,644,4645.680351
6707.0,1146,4663.508407
4510.0,1005,4679.105761
4097.0,771,4692.33372
2629.0,721,4703.731755
9546.0,1788,4732.495669
6269.0,1376,4752.910657
4798.0,906,4767.22224
1343.0,444,4773.447536
4199.0,842,4787.455367
3279.0,656,4797.063223
8995.0,1465,4821.352432
3951.0,768,4832.694774
3845.0,806,4846.241007
3809.0,947,4859.35825
2790.0,683,4870.99196
6639.0,1397,4892.277637
2297.0,589,4900.410242
5168.0,1037,4916.965491
3968.0,780,4930.00683
5880.0,982,4945.133025
4251.0,1362,4965.503328
4187.0,897,4979.274497
3805.0,909,5001.043026
2223.0,649,5011.551421
5568.0,667,5021.811058
2754.0,640,5031.666979
6479.0,1091,5048.551452
4455.0,1172,5065.237118
2774.0,947,5080.814304
5524.0,966,5096.394205
2530.0,702,5107.131429
2291.0,563,5115.201735
3820.0,702,5125.391015
5940.0,824,5138.263617
5091.0,878,5152.422847
3421.0,734,5164.795691
7845.0,1047,5181.596335
5377.0,822,5193.627043
6612.0,839,5206.917524
3153.0,569,5215.836964
3788.0,632,5225.207916
6684.0,906,5239.566252
6530.0,1180,5258.180412
5834.0,700,5268.130805
4698.0,759,5279.444201
4768.0,1096,5297.133178
3595.0,750,5308.478359
6690.0,971,5324.652822
5267.0,1088,5341.140253
5702.0,891,5354.9396
6700.0,1031,5372.011831
7249.0,1118,5390.323164
3800.0,599,5400.182173
5326.0,967,5423.825591
5837.0,955,5438.449714
5257.0,984,5454.286483
6861.0,1106,5471.767483
6608.0,994,5488.29232
3523.0,975,5503.035071
6773.0,773,5513.939743
7034.0,1179,5530.724868
5650.0,972,5546.98364
2703.0,768,5559.563746
2469.0,637,5568.860507
4565.0,1012,5584.026621
8924.0,1321,5604.6516
4289.0,964,5619.387673
3955.0,836,5632.787396
4263.0,682,5644.466494
15516.0,1900,5674.098614
12946.0,1805,5703.78617
8642.0,1552,5727.934306
2667.0,685,5737.586419
4249.0,764,5749.632779
4228.0,658,5759.05394
12271.0,1457,5781.922577
7233.0,974,5797.181193
3005.0,523,5805.338962
5568.0,1042,5821.536957
5718.0,1082,5847.015326
7852.0,1077,5863.883055
5594.0,1014,5879.777713
5852.0,1260,5899.961777
6559.0,1084,5917.241661
1905.0,603,5926.864554
4986.0,1159,5945.009921
4352.0,739,5957.731788
2983.0,691,5967.991247
3925.0,774,5980.0025
5528.0,1231,6000.002748
4490.0,1047,6015.807573
4219.0,723,6026.598485
3047.0,756,6039.155925
13365.0,1426,6060.345981
6936.0,990,6075.156642
2732.0,693,6085.077146
2664.0,780,6097.781933
8840.0,1531,6121.895663
4662.0,918,6135.415595
5962.0,703,6147.024982
3758.0,750,6158.946324
6113.0,945,6173.91856
7534.0,996,6190.481137
4086.0,958,6205.544692
6184.0,970,6221.136387
5604.0,847,6234.970683
4432.0,770,6246.873327
5065.0,648,6262.862783
2783.0,612,6271.873906
6088.0,696,6281.312607
1873.0,509,6288.466379
7184.0,1225,6307.848319
12806.0,1727,6334.433519
8131.0,1147,6351.976313
1926.0,621,6361.753305
3749.0,1092,6378.785744
12155.0,1729,6405.014276
11369.0,1186,6423.845301
5063.0,1271,6442.920581
7048.0,770,6455.861685
4397.0,1063,6473.711042
5256.0,953,6489.142615
3654.0,789,6500.259777
1890.0,554,6508.6066
3544.0,698,6520.030737
4512.0,938,6535.842382
5026.0,1017,6552.215001
14881.0,1535,6575.533492
4308.0,763,6587.744446
3691.0,829,6601.235022
2445.0,1011,6617.955379
4858.0,975,6632.599787
2150.0,686,6642.849595
5382.0,961,6656.891706
2207.0,600,6666.26514
3718.0,729,6683.621108
1640.0,581,6691.52919
6955.0,996,6705.782103
4767.0,782,6717.250174
5219.0,708,6728.247847
3700.0,756,6740.193945
8477.0,907,6754.815685
7483.0,1184,6772.598658
9644.0,1283,6792.407421
5718.0,853,6806.166673
4052.0,754,6817.212623
10674.0,1423,6839.564927
4766.0,1208,6857.292858
7750.0,1206,6875.564658
3595.0,919,6890.755374
5383.0,1347,6911.225212
7295.0,724,6921.034679
1669.0,597,6929.008253
2948.0,781,6940.502792
2324.0,579,6949.165225
4159.0,838,6961.724061
3012.0,663,6971.070729
10641.0,1454,6993.350482
5144.0,936,7007.601045
2220.0,893,7020.390196
4916.0,1102,7037.384825
3441.0,833,7050.809915
7395.0,1193,7068.573777
5384.0,1022,7092.119825
5808.0,1335,7115.096889
8419.0,1521,7139.100348
4604.0,1103,7157.54791
2591.0,751,7169.375308
3355.0,941,7184.847249
7789.0,1403,7207.377903
3125.0,820,7219.846976
5595.0,1301,7240.693907
6058.0,1089,7258.025463
6306.0,944,7273.153558
7016.0,1562,7298.908286
13338.0,2013,7331.394008
7293.0,1010,7346.490221
2338.0,668,7356.82599
5556.0,892,7371.410691
5482.0,1202,7390.221523
5872.0,1198,7408.952048
5967.0,1088,7426.337508
8917.0,1080,7443.632649
7076.0,882,7457.570653
6410.0,852,7470.189174
5939.0,903,7485.260737
4108.0,861,7506.422022
3593.0,1025,7522.613424
5541.0,1012,7537.670097
6091.0,993,7552.676113
5775.0,883,7566.66519
5701.0,1029,7583.58228
3950.0,957,7597.927958
2966.0,829,7609.773034
3267.0,803,7622.727838
8423.0,1388,7645.67312
6738.0,1048,7662.975176
7301.0,1342,7685.34042
4093.0,849,7697.318057
15655.0,1702,7723.260405
10529.0,1118,7740.879194
2938.0,619,7749.581572
4208.0,641,7759.637614
4591.0,1014,7775.952288
3095.0,815,7786.784344
4643.0,897,7800.863664
7992.0,1541,7826.152421
3588.0,671,7835.416394
2390.0,792,7848.435981
6399.0,843,7860.716974
3212.0,684,7871.237738
3420.0,858,7885.566392
13201.0,1621,7911.177317
8130.0,893,7931.219076
6249.0,957,7946.275319
6244.0,827,7960.160399
6316.0,903,7975.035436
865.0,386,7980.17767
2513.0,606,7989.703607
8932.0,1537,8014.120008
2803.0,744,8024.868332
18758.0,2640,8065.839401
11253.0,1521,8087.80492
5037.0,780,8100.504071
6322.0,1085,8115.965172
8250.0,1053,8132.557152
5236.0,890,8146.623187
15242.0,1625,8172.90597
4321.0,942,8185.994486
4687.0,1026,8200.843223
4936.0,1211,8220.959157
5474.0,720,8230.931636
7203.0,1078,8248.441889
3994.0,738,8259.262478
5557.0,974,8274.29733
12166.0,1486,8297.924883
8102.0,1460,8321.774489
2689.0,626,8338.488542
4322.0,760,8348.616246
4081.0,792,8360.399922
5275.0,864,8372.783966
4984.0,1073,8388.917422
4073.0,794,8400.722728
6285.0,757,8410.647654
14940.0,1449,8433.266233
5324.0,644,8442.609529
8996.0,1305,8463.288387
3931.0,907,8477.57103
13895.0,2025,8507.375802
6125.0,1078,8524.548334
5693.0,813,8537.391636
5996.0,1149,8556.304806
5787.0,992,8571.950005
7079.0,963,8587.430772
3827.0,671,8597.899075
7019.0,1616,8622.891679
3971.0,752,8633.99861
6511.0,1074,8651.045725
2433.0,778,8661.980487
5215.0,1095,8677.953483
1896.0,547,8685.944487
7491.0,1544,8709.990436
9994.0,1191,8728.434108
5259.0,1146,8753.392898
4680.0,679,8763.254394
7534.0,995,8778.0394
2823.0,702,8788.573754
9075.0,1120,8806.52266
7424.0,852,8819.450439
7227.0,939,8833.152171
12826.0,1422,8855.590593
3525.0,697,8865.56488
9210.0,1464,8890.140191
14056.0,1679,8917.842138
3072.0,1242,8939.292686
8074.0,1050,8956.394191
3812.0,854,8969.051103
6265.0,1149,8985.158914
5825.0,993,9001.441275
6305.0,1014,9017.92072
3754.0,956,9032.547319
4463.0,993,9048.249101
7364.0,1406,9069.497499
7047.0,1008,9084.943406
6856.0,1049,9100.867391
8515.0,1652,9127.721285
7245.0,849,9141.504017
14294.0,1798,9177.00896
4281.0,817,9189.591458
5858.0,960,9204.059653
7172.0,1294,9224.568152
5294.0,1069,9242.22018
7794.0,1234,9261.274727
2617.0,540,9269.556098
7151.0,1273,9289.582157
5191.0,977,9305.089318
5139.0,825,9317.162257
14830.0,1679,9341.843499
14608.0,1844,9369.852909
3381.0,574,9378.38935
10457.0,1481,9401.014639
3861.0,825,9413.650546
5027.0,842,9427.26587
9359.0,1265,9447.669565
4688.0,1096,9465.642015
2234.0,657,9475.555588
11651.0,1715,9501.703722
8598.0,1181,9521.232338
5674.0,1186,9539.288933
8778.0,968,9553.969611
6936.0,959,9578.390175
3636.0,724,9588.318922
6727.0,1178,9606.077974
6422.0,1199,9623.841924
7500.0,1112,9640.395342
5917.0,908,9654.551897
4551.0,950,9668.508198
7544.0,953,9683.444765
8586.0,1067,9698.645424
4039.0,911,9711.539516
5662.0,1079,9727.703429
6103.0,1402,9749.129596
6413.0,1432,9771.1275
6555.0,1137,9787.321776
3817.0,584,9795.826002
2643.0,884,9809.59208
3241.0,895,9823.819692
6257.0,1011,9839.91584
8688.0,1051,9856.166377
4290.0,869,9868.514678
8045.0,1239,9888.921595
3160.0,854,9901.491166
9490.0,1964,9929.960998
16754.0,2320,9974.482783
9053.0,1526,9996.707549
5344.0,1077,10014.061249
6865.0,1454,10035.34118
4066.0,758,10048.072643
8968.0,1223,10066.898789
9571.0,1415,10089.980568
12008.0,1416,10110.180194
3309.0,875,10122.279404
6301.0,1359,10140.829215
2924.0,977,10154.400405
6430.0,1014,10169.569974
2378.0,1060,10186.225987
6948.0,1127,10203.687981
7055.0,1154,10220.9613
5687.0,894,10235.188027
5173.0,944,10249.043059
6387.0,1202,10267.504976
6971.0,1214,10284.571335
6303.0,1092,10301.668172
6378.0,766,10314.757144
14449.0,1753,10343.160167
3019.0,918,10357.804651
4105.0,796,10374.314204
4476.0,1036,10390.422867
6777.0,937,10406.504496
1770.0,473,10414.019569
3277.0,802,10425.589828
5642.0,885,10439.127025
3689.0,758,10450.208269
5612.0,911,10465.087746
6741.0,1316,10485.488157
7193.0,1346,10506.376057
6676.0,1231,10525.626603
7906.0,1266,10544.029822
7037.0,1148,10560.191536
5432.0,1014,10576.461507
4597.0,950,10590.879885
6069.0,1230,10610.541116
4406.0,736,10620.608587
6583.0,1082,10635.930204
13361.0,1416,10658.996712
14793.0,2246,10695.216236
14241.0,1842,10722.957895
8262.0,1509,10747.199864
9341.0,1365,10768.448534
3905.0,1063,10792.503036
8585.0,1407,10814.689879
9757.0,1145,10831.781157
4227.0,1210,10850.156842
13691.0,1699,10878.293662
4080.0,711,10890.204845
5967.0,1140,10907.614044
7239.0,723,10918.354502
4732.0,825,10930.962904
11685.0,1689,10957.410107
7747.0,1318,10977.19648
15596.0,2088,11009.407094
7180.0,1542,11034.212184
5756.0,1200,11053.207788
3924.0,784,11066.597775
2977.0,556,11075.250151
5501.0,762,11087.54352
8336.0,1029,11103.899746
17045.0,2106,11137.321985
2775.0,695,11146.470027
4062.0,1072,11162.404474
9438.0,1114,11179.970857
7500.0,1200,11208.694473
7004.0,1015,11225.088424
5123.0,844,11237.563097
7258.0,1396,11259.26982
6080.0,1075,11275.914365
1717.0,700,11286.609473
7608.0,1056,11301.673223
5798.0,701,11312.724089
5433.0,1104,11331.116464
12661.0,1563,11355.228761
20667.0,2653,11396.089854
4388.0,1081,11411.373645
8934.0,1272,11430.907335
8105.0,1343,11452.509907
6462.0,698,11462.692778
2106.0,932,11476.285976
5059.0,1088,11493.251798
12106.0,1379,11513.668098
15118.0,1867,11544.659815
2721.0,723,11555.159659
8034.0,1276,11575.246136
7362.0,906,11589.543733
6892.0,1212,11620.656663
5760.0,713,11632.712738
2824.0,1142,11651.062599
4199.0,881,11664.256177
9795.0,1567,11690.309735
5605.0,1019,11706.560646
5231.0,955,11721.743542
5485.0,640,11731.346758
4827.0,992,11747.218732
5310.0,947,11761.171245
9824.0,1325,11781.626073
9233.0,1334,11803.536448
4774.0,1016,11819.756276
19026.0,2118,11854.747045
7166.0,1433,11877.164267
9420.0,1263,11895.779446
3497.0,947,11910.352281
16952.0,2265,11945.51459
8667.0,1145,11962.464614
6942.0,1094,11980.028273
17281.0,1963,12013.117334
7229.0,821,12025.372169
4472.0,718,12044.303738
2544.0,779,12056.519856
13745.0,1901,12087.02726
11420.0,1657,12112.707633
4861.0,1008,12128.880973
5255.0,1092,12144.955546
5318.0,1073,12161.921828
13836.0,1616,12186.693044
2013.0,768,12198.274534
4041.0,1077,12214.666197
9382.0,1267,12235.036818
6729.0,878,12248.269097
8282.0,1208,12267.629473
6024.0,804,12279.255846
4902.0,594,12288.511884
5812.0,1038,12304.487326
8814.0,1165,12323.391158
7155.0,1136,12342.77552
5580.0,735,12353.449903
6394.0,1120,12370.278546
4629.0,868,12383.302213
6864.0,922,12395.757021
3651.0,884,12410.018152
9682.0,1287,12430.489596
8775.0,1474,12460.207735
15409.0,2199,12492.801529
9079.0,1550,12516.960181
12214.0,1714,12542.769389
5062.0,940,12556.36627
12621.0,1766,12584.313088
3177.0,690,12595.003858
6412.0,923,12608.76348
5693.0,832,12620.733879
9946.0,1236,12640.551007
3692.0,761,12652.982267
13481.0,2030,12684.211863
5573.0,1080,12701.30288
7303.0,1083,12718.541019
5688.0,1039,12735.193441
3462.0,946,12748.533304
7744.0,1289,12769.787106
8063.0,1240,12787.735601
5360.0,705,12798.128447
8939.0,1313,12819.451496
2845.0,1112,12836.05802
4552.0,1169,12862.35926
5280.0,757,12874.879542
4928.0,953,12888.964073
5242.0,897,12901.986076
7119.0,1151,12919.722816
5684.0,1107,12936.427025
4172.0,636,12946.443415
9133.0,1015,12963.157417
5812.0,782,12976.855368
8207.0,928,12991.738236
5519.0,896,13006.041435
2407.0,492,13012.575637
6668.0,842,13025.880875
6195.0,814,13038.011302
6396.0,813,13050.64268
6830.0,879,13062.829584
9431.0,1249,13083.425021
7429.0,1140,13101.663976
7682.0,806,13113.574284
4356.0,914,13128.745967
5979.0,989,13144.356835
18009.0,2241,13178.83016
3344.0,592,13187.59394
4080.0,625,13196.470378
3843.0,836,13210.378957
14245.0,1632,13235.74729
4379.0,654,13245.328327
2618.0,802,13255.688481
7254.0,1145,13284.347142
7675.0,1346,13304.44319
4615.0,902,13319.513343
5599.0,933,13335.053098
7107.0,1345,13355.669449
5047.0,1059,13372.028715
6960.0,1230,13391.781974
8958.0,1383,13415.241662
6153.0,1196,13434.748567
5695.0,1077,13452.389477
4283.0,664,13461.761153
5319.0,649,13472.89851
6353.0,1012,13488.985153
2851.0,609,13498.149163
7284.0,987,13511.918017
2615.0,768,13524.758075
13259.0,1273,13545.059311
5028.0,689,13555.777202
3357.0,777,13568.023874
5607.0,1028,13584.072435
5986.0,1137,13602.575886
3481.0,798,13616.380002
8734.0,1335,13637.733412
5820.0,872,13652.268383
6490.0,1400,13673.905043
8125.0,1389,13702.501951
8118.0,1162,13719.947402
6180.0,989,13734.905798
16483.0,2332,13771.595702
3907.0,713,13783.384962
5329.0,1012,13798.56968
5770.0,1302,13820.02826
7386.0,1105,13838.642432
3525.0,839,13851.965258
7543.0,1147,13870.825553
7348.0,1404,13892.409068
15127.0,1688,13919.944693
7834.0,1341,13940.643883
9991.0,1209,13957.950625
3471.0,564,13966.358266
1719.0,500,13974.152439
2867.0,1079,13990.581389
6978.0,890,14005.220062
5746.0,782,14016.835943
5088.0,759,14028.806746
3561.0,797,14040.955041
5187.0,1106,14058.335201
2582.0,874,14072.134606
7532.0,1281,14091.533669
7787.0,1280,14118.50973
6720.0,987,14133.447694
6555.0,1261,14151.477714
3466.0,1073,14167.878533
4737.0,1077,14184.262488
5457.0,887,14196.816933
7514.0,1047,14212.745315
4563.0,934,14227.858098
7329.0,992,14242.20825
3868.0,955,14256.71583
11977.0,1427,14278.561343
4787.0,866,14292.513946
2723.0,659,14302.007459
3263.0,669,14312.012013
5500.0,1066,14328.379639
4903.0,1406,14349.940371
4999.0,973,14366.126469
12247.0,1744,14393.337469
14891.0,2269,14427.938571
3887.0,1135,14445.12242
7560.0,1130,14462.734526
6667.0,1060,14479.581005
10757.0,1655,14505.595563
18667.0,2231,14549.784763
5695.0,959,14564.169355
5214.0,1225,14583.22552
4586.0,1004,14598.21208
8642.0,970,14613.561267
6917.0,1014,14629.047313
7979.0,824,14641.229194
4286.0,827,14653.400744
6699.0,1274,14674.416275
12887.0,1705,14700.497082
4864.0,875,14714.703404
4801.0,1005,14730.752686
5542.0,1217,14749.370524
5542.0,1217,14768.010684
7324.0,1241,14788.375274
6257.0,995,14804.570922
3629.0,772,14816.494331
9070.0,1241,14835.056139
9180.0,1007,14850.501374
15490.0,1997,14882.482472
5650.0,907,14896.705578
4436.0,769,14908.856797
3360.0,801,14922.28362
5095.0,773,14944.299063
6278.0,1159,14961.480825
5690.0,819,14974.352901
4420.0,767,14985.632619
9864.0,1241,15003.26547
5985.0,818,15016.452726
6736.0,1331,15038.431502
7348.0,1022,15053.343068
5917.0,962,15068.619316
8801.0,1316,15089.064175
6132.0,1402,15109.322017
9693.0,1101,15126.725381
4145.0,810,15138.996564
16595.0,2070,15171.379452
5385.0,599,15180.689533
3734.0,995,15197.10834
14053.0,1557,15221.434522
3975.0,696,15231.213116
9810.0,1302,15251.758341
16815.0,2074,15285.268019
9068.0,999,15301.306694
4240.0,662,15311.247768
2258.0,553,15319.864805
16719.0,2049,15359.291749
4976.0,917,15373.239703
16293.0,2116,15406.209208
9341.0,1016,15422.068772
3994.0,935,15436.56631
5585.0,999,15451.028002
9373.0,1809,15480.392107
5715.0,758,15491.98657
3601.0,613,15501.657958
4521.0,689,15513.593174
7187.0,828,15526.770014
2577.0,711,15537.58185
7344.0,1070,15554.543472
8926.0,1200,15574.271519
3819.0,815,15586.568256
11682.0,1636,15612.041255
2679.0,601,15620.879231
5412.0,1084,15637.528559
2916.0,893,15649.982646
5443.0,1651,15674.102723
13866.0,1910,15704.397192
4431.0,778,15715.11203
11337.0,1539,15738.824569
8567.0,1437,15771.375004
7877.0,950,15787.016051
1967.0,741,15798.410998
3030.0,636,15806.924294
10957.0,1944,15836.546101
2405.0,730,15848.14017
7032.0,1380,15870.550994
6837.0,778,15882.45754
8346.0,1411,15904.629209
6014.0,636,15913.67648
13634.0,1757,15939.108222
11843.0,1908,15968.261126
6041.0,1102,15985.370997
7720.0,1229,16004.362474
11123.0,1584,16027.782216
4375.0,860,16040.963154
13695.0,1959,16069.795974
4741.0,728,16081.670624
2299.0,579,16090.091381
9519.0,1044,16105.992235
4436.0,1065,16122.258458
5289.0,1064,16137.737243
18580.0,2104,16178.169085
9482.0,1758,16204.938053
7808.0,1281,16224.623556
8567.0,1357,16245.504969
2905.0,609,16253.855578
7091.0,699,16263.778371
7058.0,888,16277.46555
9703.0,1177,16295.273792
9217.0,1073,16312.227327
7276.0,783,16323.940658
1783.0,700,16334.885318
7269.0,1273,16354.393276
3584.0,557,16362.287366
11556.0,1192,16380.027582
3093.0,854,16393.15676
6330.0,862,16406.313927
7974.0,1231,16425.519159
17531.0,2180,16459.809034
921.0,582,16468.546996
1365.0,668,16478.454996
6182.0,1334,16499.686236
9426.0,828,16510.60604
5099.0,782,16522.904675
4667.0,766,16534.711918
5626.0,1341,16557.182065
11200.0,1323,16586.420454
8867.0,1464,16608.592869
3055.0,650,16617.430265
9445.0,1367,16639.865983
6627.0,701,16650.776029
9570.0,1273,16671.644371
7044.0,947,16685.771854
3634.0,550,16693.974882
10518.0,1320,16714.434498
8052.0,1107,16732.610348
1992.0,486,16740.673078
19326.0,2431,16778.64816
4949.0,1109,16796.180702
8781.0,1286,16816.272647
2385.0,657,16824.974692
6076.0,1052,16841.622295
1493.0,561,16850.019655
7127.0,1136,16867.448078
4352.0,1027,16883.489663
2855.0,708,16894.678025
6100.0,964,16910.621201
4442.0,1160,16927.843635
5590.0,854,16941.09019
4821.0,813,16953.109575
4853.0,951,16967.051788
9065.0,1195,16986.631568
6726.0,1260,17013.45087
4781.0,854,17026.269768
15232.0,2181,17059.696395
3341.0,952,17074.033063
4522.0,765,17086.259096
5647.0,882,17099.130599
6991.0,1093,17116.496426
4665.0,955,17132.202158
5155.0,712,17143.181261
5166.0,1236,17162.58058
8622.0,1334,17182.960219
3577.0,899,17196.799549
9176.0,1484,17218.749423
9260.0,1081,17236.456281
6505.0,1148,17252.550723
2979.0,663,17262.633481
8082.0,863,17275.854406
7152.0,1461,17297.983512
7937.0,815,17311.113155
5042.0,971,17325.763511
14017.0,1570,17348.688743
7583.0,1276,17368.79267
3731.0,623,17378.268172
12904.0,1569,17410.531014
2122.0,769,17423.118914
9265.0,1181,17440.552124
7792.0,1344,17460.683996
7208.0,1043,17476.024108
9330.0,1479,17499.642615
6093.0,830,17512.428284
16230.0,1790,17538.950455
6681.0,949,17554.358953
5334.0,937,17567.228925
15590.0,2257,17603.743457
7241.0,1536,17627.818561
18486.0,2206,17661.568824
11207.0,1499,17684.790389
5758.0,698,17695.562824
2242.0,584,17703.763824
8566.0,1521,17727.125885
4573.0,1043,17743.263014
8829.0,1096,17760.729299
3220.0,648,17769.471452
4356.0,905,17782.554604
1859.0,477,17788.912396
8178.0,945,17812.037056
10525.0,1727,17838.392916
16539.0,2192,17872.926436
9758.0,1715,17900.642225
3949.0,845,17915.133383
7446.0,1417,17937.485576
11773.0,1756,17965.266124
5587.0,1361,17985.354026
3190.0,838,17997.885661
18142.0,2051,18029.446094
9467.0,1295,18050.125368
1713.0,630,18059.51271
5683.0,1396,18082.204283
1497.0,638,18091.581947
6608.0,1101,18109.072094
6210.0,1337,18130.375758
8747.0,1168,18149.890111
12399.0,1592,18174.724401
2607.0,672,18184.692567
14094.0,1566,18210.962547
4771.0,1047,18237.741462
9014.0,1016,18254.017478
7306.0,1408,18277.105903
9442.0,1914,18307.995536
6459.0,1562,18332.604807
4309.0,887,18345.749503
7447.0,1227,18365.449989
15341.0,1867,18394.802351
5313.0,821,18408.278682
9965.0,1346,18430.423458
7177.0,1011,18445.872251
13391.0,1243,18464.645524
5048.0,1219,18483.404544
3711.0,1005,18498.133308
4661.0,857,18509.445964
8904.0,1334,18529.334427
4721.0,1070,18545.407432
3064.0,614,18554.816225
5577.0,904,18568.968582
7733.0,982,18583.577179
3405.0,788,18596.763234
8843.0,1126,18615.230808
6390.0,1082,18631.869951
5671.0,1152,18657.206113
7014.0,815,18670.407412
16263.0,2140,18704.886212
3243.0,698,18715.909672
3947.0,857,18729.620108
13271.0,1507,18752.783341
7900.0,896,18767.19465
3914.0,1246,18786.50394
4860.0,895,18800.474831
8458.0,1209,18819.280811
6929.0,1212,18840.223253
7869.0,1050,18855.808541
18280.0,1950,18885.577019
8131.0,1076,18901.882775
4690.0,1177,18921.538918
14267.0,2288,18958.73308
3505.0,1332,18978.142126
14908.0,1676,19004.023492
3952.0,760,19015.371195
3563.0,573,19023.176534
11812.0,1385,19045.250285
7355.0,1183,19071.989123
4486.0,671,19081.5724
5766.0,873,19094.522049
3937.0,636,19103.127734
7369.0,1255,19122.154974
3017.0,643,19131.151371
4778.0,1128,19150.288145
3215.0,685,19161.449626
6405.0,1429,19184.400372
4321.0,947,19198.349285
4168.0,703,19210.351014
15434.0,2263,19244.694137
11901.0,2188,19278.780267
11606.0,2127,19312.11114
7507.0,946,19326.770096
18199.0,2285,19361.505213
6315.0,837,19374.096642
7677.0,1200,19392.458297
7963.0,1307,19412.527589
4719.0,921,19425.729968
7608.0,950,19440.114433
3794.0,1008,19456.838409
3013.0,691,19476.111439
3193.0,592,19485.879919
19103.0,2051,19517.191317
13712.0,1359,19538.83971
7723.0,1176,19555.775104
3214.0,947,19570.468068
3158.0,568,19579.171472
13942.0,1845,19609.118481
5807.0,1226,19626.516427
16679.0,1934,19659.185547
7326.0,997,19674.340637
5043.0,717,19684.145957
5635.0,950,19699.173153
4845.0,1087,19716.403763
5319.0,1047,19731.095639
2027.0,981,19746.011452
2093.0,720,19755.493538
2081.0,748,19767.481828
8223.0,1126,19785.041682
3855.0,868,19797.764039
4691.0,646,19807.454211
3868.0,911,19821.58591
6954.0,1099,19840.112224
6974.0,839,19853.804677
2664.0,527,19862.194704
17349.0,2133,19904.11633
3297.0,554,19912.235202
8683.0,984,19926.53449
2803.0,859,19938.66387
4206.0,808,19951.753195
6381.0,846,19964.673265
9618.0,1051,19981.144071
3436.0,795,19994.451603
19483.0,2065,20025.100229
4031.0,951,20040.246341
1810.0,635,20050.12631
2959.0,1098,20067.580431
8884.0,1385,20089.040667
8422.0,915,20102.793842
6431.0,928,20115.310585
3546.0,811,20127.894988
5182.0,1394,20150.109413
6096.0,947,20163.961734
14654.0,1805,20192.298906
1208.0,467,20197.721517
5640.0,1158,20215.648226
6529.0,715,20225.161681
5082.0,952,20239.363895
7780.0,840,20252.457977
16036.0,2214,20295.57119
6965.0,1238,20315.759709
11929.0,1638,20341.79758
4812.0,1188,20358.20661
8054.0,1205,20375.818821
11942.0,1633,20400.860517
3503.0,973,20416.154342
8689.0,818,20429.157954
2775.0,587,20438.487194
7794.0,950,20453.930241
19010.0,1953,20485.067044
12490.0,1696,20512.902542
21114.0,2444,20551.69238
7275.0,1342,20574.041986
7298.0,1310,20593.346024
7025.0,958,20608.617199
12814.0,1776,20635.706811
5328.0,1201,20655.286961
5667.0,755,20666.269716
3982.0,846,20679.292084
14214.0,1992,20719.560921
5447.0,1108,20736.463548
5254.0,1087,20753.574452
6148.0,1119,20770.744428
14515.0,2022,20803.45504
2588.0,832,20817.91047
7216.0,1159,20836.23179
5164.0,1337,20855.850503
5533.0,789,20866.735532
9629.0,1296,20885.200712
6953.0,1266,20905.624461
2202.0,629,20914.622657
11624.0,1407,20937.586198
6495.0,1109,20955.700491
5162.0,1230,20974.853177
8553.0,1136,20991.466129
6837.0,1354,21011.444893
7807.0,1318,21029.311246
4951.0,1378,21050.952191
11915.0,2078,21082.192357
14941.0,1848,21122.372961
11925.0,1614,21147.955971
16207.0,1599,21172.063699
3791.0,787,21183.128157
4795.0,933,21197.360293
7225.0,1283,21218.989797
5668.0,836,21231.764776
1926.0,790,21244.972826
3819.0,1222,21263.861136
4073.0,846,21277.959504
9373.0,1398,21299.594078
7940.0,1352,21321.110968
6470.0,1337,21340.842059
3549.0,686,21351.142363
6810.0,1316,21371.953796
8914.0,893,21386.677497
1342.0,564,21394.148106
13211.0,1882,21422.69703
3561.0,736,21434.081306
4501.0,717,21444.251232
14101.0,1589,21469.822039
6315.0,964,21484.84677
3999.0,648,21495.402918
7341.0,1130,21513.301802
11477.0,1503,21547.458428
5951.0,896,21561.443249
9906.0,1399,21582.456874
6097.0,951,21597.232357
6068.0,985,21613.414427
9405.0,1621,21638.646712
4422.0,1011,21653.365627
2422.0,623,21662.650894
3519.0,970,21678.102017
3229.0,1135,21695.343469
15013.0,1849,21725.152564
23951.0,3281,21777.080741
5051.0,838,21790.214638
2039.0,637,21799.844697
7499.0,1394,21821.964197
4233.0,1345,21841.882426
6707.0,1144,21860.013927
9018.0,1475,21882.01923
5705.0,1545,21906.365849
6896.0,1152,21923.852116
5423.0,1127,21951.711241
5843.0,849,21964.093637
9280.0,1166,21982.051876
7925.0,1133,21999.835723
5076.0,921,22015.021124
4524.0,1227,22033.477499
8524.0,1036,22049.876688
6279.0,1520,22073.903635
8052.0,1060,22089.775736
7716.0,1450,22112.37884
8500.0,1345,22133.091044
17197.0,1843,22159.666777
15758.0,2088,22190.495275
15007.0,1985,22220.587622
5071.0,730,22231.881983
8596.0,1450,22255.388795
7225.0,1176,22274.65711
4007.0,881,22288.437346
4144.0,683,22298.389737
4407.0,722,22308.800402
13865.0,1730,22337.751378
6124.0,1299,22367.230365
2677.0,531,22374.388736
3617.0,559,22382.772169
4379.0,833,22396.970606
9156.0,1197,22415.000531
11026.0,1424,22436.32729
4103.0,1244,22456.660769
12257.0,1657,22482.43702
6187.0,1078,22500.158982
8397.0,1265,22519.702852
15538.0,1864,22547.573388
7536.0,1207,22566.442636
8425.0,1187,22583.894365
5188.0,954,22599.182876
4161.0,913,22613.891585
5238.0,1185,22632.211446
3844.0,853,22646.127733
4343.0,837,22659.155251
5864.0,881,22672.815428
6899.0,1075,22689.759346
6496.0,1013,22704.773877
11074.0,1610,22731.440913
5573.0,1232,22750.688355
7828.0,762,22761.979019
17570.0,1855,22801.174511
15043.0,1679,22827.227719
6345.0,1011,22843.523535
7547.0,1259,22861.895222
6208.0,757,22874.247375
2836.0,713,22885.151306
5120.0,826,22898.638728
4217.0,1100,22915.974638
9916.0,1313,22936.361693
5923.0,1424,22958.016254
14119.0,1962,22987.204032
8922.0,1339,23006.926178
14499.0,1675,23032.511077
14499.0,1905,23064.150038
5990.0,930,23078.065719
6196.0,881,23090.384333
7503.0,1332,23112.033013
7919.0,1016,23127.614188
6266.0,1276,23146.481768
5797.0,928,23159.864047
7081.0,1205,23184.497683
9444.0,1488,23207.32884
6591.0,1086,23224.340775
12320.0,1404,23247.332675
4533.0,850,23260.592171
16272.0,1815,23290.008126
14150.0,1434,23312.10865
11071.0,1258,23332.249354
9043.0,1242,23351.087873
6716.0,654,23361.021154
5888.0,1170,23378.740065
7349.0,914,23392.959821
15721.0,1801,23419.950519
16787.0,1998,23450.026653
9654.0,1476,23473.970848
8697.0,1585,23499.766116
4507.0,1024,23514.742301
3400.0,760,23525.754527
12226.0,1170,23544.294198
1486.0,562,23552.789509
3052.0,582,23560.888704
5452.0,775,23571.305914
5244.0,690,23580.793048
18103.0,2286,23623.736969
3026.0,876,23636.236669
6827.0,1208,23656.327489
4882.0,600,23665.403059
4069.0,697,23675.229224
16287.0,2077,23705.560637
1574.0,591,23713.33623
8323.0,1275,23731.350518
6362.0,878,23745.930792
5517.0,1022,23761.236822
4707.0,691,23771.034208
4997.0,762,23782.512503
8222.0,1313,23802.145374
7816.0,1138,23819.202417
3960.0,744,23831.589837
5992.0,889,23844.860763
7068.0,1193,23861.771209
13457.0,1514,23884.081268
7984.0,1266,23903.364282
8394.0,1367,23924.250642
3008.0,781,23937.062012
8817.0,1341,23958.747036
5362.0,1336,23980.432781
7122.0,1343,24009.653734
8421.0,991,24026.041529
8351.0,1202,24045.177593
5388.0,826,24058.663662
16120.0,2370,24096.118253
11754.0,1539,24120.710379
7251.0,1155,24138.751496
8590.0,1294,24158.387857
5536.0,830,24170.20845
8807.0,1020,24185.1919
18149.0,2191,24220.100004
5123.0,868,24233.056114
6031.0,1359,24253.80763
8012.0,1332,24274.142592
5713.0,1242,24294.148169
3189.0,528,24302.723892
8248.0,1217,24320.317966
12857.0,2361,24356.560212
8101.0,1679,24383.997532
12324.0,1914,24418.798906
4663.0,1051,24435.569438
8475.0,1354,24457.280545
15035.0,1838,24485.853971
7407.0,1337,24506.992551
9230.0,1524,24530.609687
5535.0,1015,24543.712984
11278.0,1252,24563.388922
7644.0,1035,24578.980972
8963.0,1074,24594.227894
6407.0,896,24606.829293
8809.0,1117,24624.876708
6884.0,1459,24648.62727
5254.0,1372,24669.700038
9339.0,1393,24690.046365
7616.0,1174,24709.306772
8134.0,1014,24722.682547
9188.0,1013,24739.874113
8032.0,1019,24754.73445
2544.0,509,24762.966766
7211.0,1016,24778.836313
4243.0,1110,24795.801382
8159.0,961,24819.894967
3896.0,874,24834.024273
16970.0,1608,24860.296014
5590.0,1084,24875.569261
7692.0,1205,24893.539234
17521.0,2494,24931.849348
4623.0,908,24945.703085
7559.0,922,24960.724714
14446.0,2192,24995.258429
11810.0,1101,25012.542224
21045.0,2386,25050.615203
13913.0,2394,25087.942939
15546.0,1480,25109.895313
8050.0,1114,25125.75947
4267.0,845,25139.411264
7407.0,948,25154.797838
6889.0,1328,25175.076609
5180.0,696,25186.12683
9898.0,1384,25208.276546
8258.0,1037,25233.057191
5617.0,1143,25251.454771
4318.0,1126,25269.062474
5029.0,756,25279.236791
4969.0,860,25292.426486
7218.0,1108,25309.736134
8288.0,1534,25332.350104
8232.0,1008,25348.368629
4099.0,1008,25364.727827
11632.0,1581,25390.036451
4090.0,751,25401.963697
3036.0,945,25416.572083
15467.0,1868,25444.077023
3200.0,530,25452.356873
5313.0,749,25463.61922
4545.0,708,25473.165198
5870.0,1009,25488.421832
7664.0,1274,25508.189133
7156.0,1277,25527.731541
6853.0,1165,25546.514575
4375.0,961,25561.519455
3914.0,977,25575.887713
4740.0,1040,25591.82029
10339.0,1264,25613.139239
4199.0,1014,25629.882022
7018.0,1011,25655.207605
8222.0,1205,25673.095282
2790.0,787,25683.70487
5605.0,865,25696.497918
6205.0,843,25708.775285
19894.0,2543,25749.306447
5675.0,712,25760.335391
14776.0,1889,25788.817117
17221.0,2177,25821.450286
4891.0,589,25830.148255
7251.0,1635,25856.185325
14831.0,1850,25886.068834
14915.0,1803,25916.513079
15607.0,2107,25952.275243
5417.0,1207,25972.471548
16588.0,1972,26004.384779
2045.0,628,26014.281495
6492.0,1123,26031.739905
16271.0,1791,26071.515061
6500.0,893,26086.409269
12421.0,1793,26112.497122
9770.0,1496,26135.40425
2699.0,696,26145.945374
5573.0,1010,26161.941588
7151.0,1083,26178.135191
16376.0,2136,26212.428585
7899.0,1219,26232.102293
6623.0,1136,26250.375995
13388.0,1805,26281.263704
8506.0,1406,26302.979113
8358.0,1270,26321.929937
5802.0,906,26336.512056
9894.0,1114,26353.818105
9215.0,1362,26374.906224
3960.0,682,26385.997746
4961.0,989,26401.012197
6969.0,1254,26420.269539
4781.0,1311,26440.196529
4969.0,779,26453.37916
5990.0,1172,26483.236317
7097.0,1074,26500.147392
3121.0,676,26510.178728
3349.0,662,26519.068943
3463.0,1025,26534.826389
7129.0,950,26549.114958
7552.0,1145,26566.813856
6752.0,1078,26584.614644
8517.0,1131,26601.153238
4160.0,752,26613.846798
9831.0,1374,26636.017074
5501.0,1138,26654.834153
7425.0,1480,26677.295688
15681.0,2005,26711.105206
16533.0,1832,26740.804243
5993.0,950,26755.208414
8383.0,979,26770.0952
9453.0,1546,26794.544776
12000.0,1338,26815.850589
16287.0,2489,26855.026406
9618.0,1289,26876.765479
9434.0,1127,26905.442228
5363.0,1148,26922.155487
7830.0,1334,26942.545352
19302.0,1970,26974.396049
4013.0,647,26984.425208
8011.0,1073,27000.361868
9293.0,1403,27022.462249
8781.0,1079,27039.04267
6512.0,1155,27056.545033
1440.0,725,27068.106445
7355.0,1079,27085.924576
12536.0,1876,27113.858812
3241.0,657,27123.309854
9444.0,1373,27145.314891
8654.0,951,27159.141398
3161.0,920,27171.302155
14647.0,1982,27202.316702
5052.0,1203,27220.505337
6570.0,1207,27240.850884
25497.0,3737,27299.36646
14176.0,2051,27341.234725
3461.0,800,27353.3124
6700.0,1267,27374.337245
7258.0,883,27387.478951
9418.0,1147,27405.229726
5801.0,773,27417.905336
5993.0,934,27432.680068
5398.0,880,27445.316662
9759.0,1429,27466.676943
7907.0,957,27481.489665
3336.0,1018,27496.763149
9196.0,1563,27519.691873
4764.0,821,27532.673392
12920.0,1820,27560.870841
6752.0,1354,27582.080551
1996.0,587,27590.905752
3320.0,1080,27607.895843
3135.0,877,27622.032774
7685.0,1092,27639.780746
8764.0,1335,27660.360612
8471.0,888,27673.196393
7225.0,875,27686.276136
8546.0,1616,27711.334043
1603.0,706,27731.266869
6163.0,1010,27746.330106
2575.0,823,27758.110387
17029.0,1570,27780.659967
3426.0,730,27792.358779
4577.0,949,27805.971952
2883.0,928,27819.275393
17002.0,2583,27860.740245
5073.0,966,27875.288661
6844.0,1136,27893.203928
14098.0,2123,27923.933633
8611.0,1206,27940.671464
4921.0,574,27949.70562
9987.0,1374,27971.089894
13899.0,1333,27991.524873
9398.0,1209,28011.989877
9954.0,1253,28031.466512
8456.0,1436,28055.202332
8634.0,1077,28072.068591
8044.0,1151,28089.1388
7096.0,1007,28104.298451
4730.0,853,28116.511823
5196.0,946,28140.85926
5998.0,1090,28157.925271
5860.0,1107,28174.586884
14939.0,1737,28201.897525
9581.0,1597,28228.214342
16062.0,1711,28256.030636
19965.0,2213,28290.320429
6401.0,1163,28307.6381
8159.0,1144,28326.481557
7164.0,1146,28344.112207
11499.0,1326,28366.457664
3203.0,752,28377.461658
13363.0,1628,28404.002858
11348.0,1811,28433.496522
14543.0,1887,28463.2472
6038.0,1026,28480.001548
7288.0,1093,28496.307234
4048.0,667,28505.747793
6541.0,1174,28522.82801
5226.0,1205,28552.053035
12359.0,1352,28572.070928
17277.0,2265,28608.150012
5321.0,774,28618.451299
5222.0,697,28628.148475
4099.0,781,28640.635542
6931.0,1551,28665.749265
13673.0,1905,28694.151447
5570.0,695,28705.711845
4490.0,1152,28723.156291
5141.0,1208,28741.805169
7213.0,1307,28763.087263
5712.0,1585,28786.097479
9555.0,1671,28811.843765
7358.0,1293,28831.767293
5099.0,1578,28857.658212
7435.0,945,28871.655602
23945.0,2793,28914.59578
13045.0,1957,28947.543042
5998.0,1029,28976.465036
8715.0,1175,28995.403958
6939.0,1356,29017.690811
3269.0,530,29025.726685
4173.0,743,29037.378091
5004.0,1096,29055.423977
17452.0,2180,29089.118378
6808.0,1761,29115.213175
8504.0,1145,29132.261224
13269.0,1720,29159.618647
7045.0,998,29175.478245
6715.0,716,29186.064101
8956.0,1189,29204.975336
6979.0,1311,29226.213678
15368.0,1663,29252.828117
4331.0,779,29263.842152
13274.0,1578,29289.274382
9153.0,1855,29320.025795
8641.0,1746,29346.892084
9546.0,1252,29365.719673
6316.0,1242,29398.482423
3096.0,733,29409.476727
9399.0,1353,29431.606844
9211.0,1044,29448.311262
24231.0,2866,29494.625829
8939.0,1399,29517.392714
6254.0,1112,29534.159045
3939.0,774,29545.224516
9216.0,1825,29575.765206
4167.0,820,29588.110831
7699.0,1386,29610.812512
6014.0,1142,29627.81423
4778.0,1074,29643.18421
4491.0,1016,29658.405162
7383.0,1404,29680.552622
3190.0,761,29691.130283
7139.0,984,29706.006378
6935.0,1085,29723.52499
6340.0,889,29736.213114
6712.0,755,29748.62931
7385.0,1415,29771.36417
14511.0,2306,29816.550503
5191.0,945,29830.411315
6201.0,1018,29845.375123
7346.0,889,29858.498794
2362.0,747,29870.894467
7347.0,1167,29890.256989
14636.0,1715,29917.536543
17282.0,2041,29950.053302
16129.0,2425,29988.620698
3506.0,621,29997.295963
11930.0,1365,30018.833352
6453.0,809,30031.781719
2565.0,556,30039.573592
9476.0,1867,30069.911944
13686.0,1789,30100.123605
9352.0,1022,30115.815516
22028.0,2709,30157.083747
7161.0,1145,30174.514724
16115.0,1531,30198.570416
6051.0,1050,30224.95674
12607.0,1496,30248.768842
3995.0,860,30260.762353
11974.0,1717,30288.132495
19783.0,2210,30324.595081
7124.0,1149,30343.010254
5484.0,1005,30358.792943
1583.0,432,30364.478734
7653.0,1486,30387.047877
7525.0,1107,30404.383682
16070.0,1878,30433.196271
36463.0,4302,30501.652761
24779.0,2752,30542.957124
14687.0,1828,30573.404967
6084.0,958,30588.726881
13535.0,1899,30618.789297
13352.0,1888,30656.956498
12542.0,2221,30692.109789
7469.0,970,30707.962551
9385.0,1530,30731.897365
12400.0,1406,30753.204381
6668.0,1339,30773.888575
3885.0,677,30784.267768
3508.0,946,30799.018057
4890.0,956,30813.460629
14312.0,2076,30846.365383
9055.0,1206,30863.412888
9761.0,1478,30886.31987
7313.0,1103,30904.152659
11731.0,1781,30931.784381
7823.0,859,30946.202319
7505.0,911,30960.376112
5966.0,1308,30982.163006
8276.0,1014,30998.012191
8756.0,1418,31019.525873
5321.0,753,31031.972971
15197.0,1984,31069.936885
17088.0,2343,31108.035565
8927.0,1017,31122.231577
9803.0,1265,31141.486506
6106.0,880,31155.342689
4880.0,918,31169.688484
22215.0,3240,31224.133812
12894.0,1611,31248.258857
14825.0,2186,31281.287358
8104.0,1143,31298.280751
14930.0,1663,31323.969343
11546.0,1991,31356.915231
7973.0,1545,31382.54991
8637.0,1994,31415.297925
14124.0,2005,31445.192769
7702.0,1029,31474.892591
5102.0,1066,31490.473168
4168.0,1267,31509.780872
8795.0,1206,31527.334694
13592.0,1927,31557.62624
4698.0,825,31569.916669
4489.0,844,31584.263792
12957.0,2099,31616.776598
4103.0,777,31628.076631
6885.0,886,31642.124195
3102.0,697,31652.24352
4780.0,719,31663.452988
10808.0,1444,31686.615525
15632.0,1731,31713.390244
4856.0,1225,31731.901784
20582.0,2176,31764.017739
15981.0,2387,31799.047422
3970.0,809,31811.570467
7643.0,1523,31836.115966
7372.0,1214,31854.753215
7065.0,1216,31882.243665
7990.0,1855,31909.800396
5996.0,1392,31930.42753
5077.0,1148,31949.010532
5637.0,920,31963.244783
2153.0,631,31971.63009
4436.0,1087,31989.026179
8715.0,1216,32009.880148
5135.0,1074,32027.007612
13007.0,1454,32048.753005
5265.0,1204,32066.120123
8555.0,1220,32084.083632
16402.0,2109,32117.235989
8141.0,1229,32136.614978
3687.0,910,32150.085451
8352.0,952,32164.493124
23593.0,2669,32205.39381
21933.0,2792,32251.184784
4204.0,887,32265.502047
16351.0,2035,32308.020548
8204.0,1209,32327.224317
4252.0,1074,32344.72874
13091.0,2139,32379.150328
4961.0,1096,32395.556718
5074.0,992,32411.07227
13824.0,2468,32450.844745
14086.0,1455,32473.906184
9762.0,1387,32496.642742
8480.0,854,32508.984009
4670.0,838,32520.661613
8608.0,1170,32538.040192
7481.0,1358,32559.454933
11387.0,1535,32583.124799
2670.0,787,32594.920928
5173.0,865,32608.646224
17785.0,2203,32643.00217
5988.0,861,32656.313624
6298.0,631,32665.898128
4016.0,707,32676.822273
8448.0,1121,32701.513149
9275.0,1326,32721.499703
16196.0,2012,32751.829514
14515.0,2078,32783.236444
9825.0,1204,32802.604829
4971.0,816,32814.087647
3751.0,770,32826.18519
7862.0,1070,32841.824332
4614.0,1105,32859.328809
5271.0,1147,32877.328613
18692.0,2565,32918.42337
18609.0,1913,32946.716472
7464.0,1233,32966.149237
11440.0,1750,32992.606767
12310.0,1833,33023.197176
7557.0,1358,33044.920773
18010.0,2479,33083.930461
6006.0,1091,33108.973631
3334.0,1031,33124.158487
5872.0,1176,33140.934996
3656.0,686,33150.799787
7828.0,1157,33167.047106
4668.0,575,33175.131387
2795.0,816,33187.229737
6786.0,951,33202.611984
9031.0,1444,33224.341518
9086.0,1360,33245.552228
9261.0,1654,33270.772765
25049.0,3324,33323.530679
7257.0,1203,33341.56585
5916.0,1044,33358.003379
4016.0,669,33367.591764
5349.0,1061,33384.417583
3188.0,795,33395.063083
7537.0,1145,33413.508509
12581.0,1768,33439.887559
1591.0,776,33451.340208
4707.0,1219,33470.067992
2088.0,849,33482.084342
6835.0,1207,33501.205034
19819.0,2876,33557.634169
4747.0,1463,33581.664701
9427.0,1858,33611.791274
3748.0,1009,33626.927789
7088.0,747,33637.629534
5869.0,952,33653.115493
6653.0,1582,33677.823718
8016.0,825,33691.018577
6813.0,1475,33713.668895
7018.0,890,33726.897964
7267.0,1154,33744.972168
12071.0,1727,33772.286014
5775.0,912,33784.735945
6430.0,1117,33801.477056
21457.0,2840,33846.841187
7008.0,1200,33864.304781
5957.0,1202,33883.158139
7821.0,968,33899.249136
13598.0,1746,33934.388438
15057.0,1934,33964.991892
5237.0,929,33979.611192
11534.0,1745,34007.758385
12372.0,1243,34026.730632
16365.0,1565,34050.693731
5282.0,1050,34065.441313
1312.0,453,34072.196974
6307.0,1636,34097.87547
24508.0,3894,34159.340446
5770.0,765,34169.779373
19617.0,2409,34208.577068
1127.0,458,34216.004801
4161.0,1068,34233.070791
2647.0,599,34241.767742
9953.0,1696,34267.669075
3707.0,632,34277.480717
8283.0,754,34287.334866
3961.0,887,34301.403204
6117.0,869,34315.256828
15191.0,2036,34356.494277
12082.0,1056,34373.026527
3363.0,778,34383.259485
8758.0,1518,34405.712874
7710.0,1094,34422.760166
18367.0,2630,34464.153792
3581.0,664,34473.745848
6728.0,1142,34490.59183
4403.0,620,34499.983742
13085.0,2111,34533.999682
4596.0,1039,34550.999367
9172.0,1077,34566.69939
6632.0,1210,34586.974154
7312.0,1015,34602.635895
7964.0,1225,34621.546785
9251.0,1280,34640.924201
6226.0,761,34652.708574
8592.0,1070,34669.438281
3056.0,875,34682.290859
5103.0,824,34695.829598
8878.0,1399,34716.374577
7207.0,1030,34732.390223
3871.0,944,34756.136213
5303.0,897,34770.242698
5271.0,754,34781.519075
8594.0,1248,34801.094571
18664.0,2188,34834.891254
8603.0,1515,34859.699647
6746.0,1182,34878.512213
4058.0,1024,34894.495111
3843.0,891,34907.452846
4942.0,892,34921.635982
7685.0,1070,34939.083743
2465.0,467,34946.024237
7252.0,1222,34965.254014
7142.0,1082,34981.948298
3955.0,990,34996.902524
9294.0,1150,35012.989367
4875.0,1130,35029.828958
6695.0,708,35040.853662
7329.0,1399,35061.512727
5685.0,1124,35078.726152
9512.0,1404,35101.206582
5990.0,776,35112.152373
3572.0,507,35120.713268
7188.0,1517,35144.323649
4411.0,1216,35175.287211
8009.0,848,35188.827761
16206.0,2242,35224.851259
4619.0,897,35239.044224
7574.0,1248,35257.795244
4402.0,1165,35277.290929
23791.0,2934,35325.016628
7625.0,964,35340.309785
5744.0,700,35350.81732
11484.0,1679,35377.335967
12054.0,1897,35407.535684
7151.0,1273,35428.014865
5083.0,871,35440.661518
9447.0,1518,35465.20696
13771.0,1784,35493.740279
3162.0,736,35506.242448
5353.0,1086,35523.950489
7270.0,1191,35543.144562
4096.0,586,35551.915834
9270.0,1429,35581.240089
1965.0,685,35591.100293
4199.0,989,35607.143718
6967.0,993,35623.303822
9530.0,1351,35644.739406
4273.0,805,35657.560372
8824.0,1268,35676.825011
9933.0,1135,35694.588941
5377.0,971,35710.096113
7627.0,1775,35736.409251
13730.0,1972,35769.017914
4724.0,853,35782.292023
9535.0,1366,35802.610638
8021.0,1217,35820.931597
3627.0,1211,35839.482767
9667.0,1528,35863.035315
16989.0,2338,35900.029588
7105.0,1304,35921.01062
6211.0,970,35934.662551
2168.0,633,35944.818593
4322.0,1056,35960.587395
6357.0,1294,35981.024565
8205.0,1247,36013.686977
7610.0,1035,36029.474571
5523.0,1020,36044.125098
15539.0,2032,36076.56922
4184.0,804,36087.468096
9309.0,1376,36109.559336
4658.0,905,36123.076006
4630.0,941,36137.082789
6317.0,879,36151.553513
8612.0,891,36165.254303
2955.0,861,36177.504803
4854.0,955,36193.149047
11387.0,1779,36222.163682
4537.0,1054,36238.854033
6729.0,1461,36263.400381
7498.0,1087,36280.604206
4526.0,946,36294.758403
8006.0,1675,36320.3843
8932.0,1759,36348.556546
17193.0,2188,36383.246154
7621.0,1208,36402.501472
4606.0,817,36426.035884
4581.0,1120,36443.842616
9444.0,1203,36462.876253
2708.0,631,36471.644568
3148.0,853,36484.720093
7874.0,984,36498.104195
9235.0,1364,36518.816929
8044.0,1073,36536.173548
5192.0,1416,36558.586354
4278.0,1192,36577.661438
6959.0,1139,36596.231383
7416.0,1074,36613.157042
6572.0,861,36626.260523
2630.0,947,36638.813798
1657.0,649,36648.076627
7143.0,1105,36665.211324
14195.0,1508,36686.817263
8628.0,1516,36709.365942
14561.0,1901,36737.952156
8904.0,1134,36755.300336
6908.0,1016,36771.843106
8459.0,1316,36791.57847
12325.0,1733,36827.570441
17073.0,2560,36866.322899
8272.0,1478,36888.336017
14328.0,1663,36914.282221
17339.0,2445,36952.579934
3402.0,745,36965.068193
4068.0,848,36978.020247
15654.0,1905,37009.01908
6460.0,1345,37031.104411
14913.0,1966,37064.283142
5041.0,945,37079.172967
6691.0,1047,37095.783586
9235.0,1411,37117.591103
8626.0,1897,37147.193805
12744.0,1974,37177.226553
2094.0,636,37185.738743
16779.0,1837,37212.618632
5986.0,1429,37240.998613
6749.0,951,37255.142539
9541.0,1849,37283.054903
4122.0,782,37295.866631
11877.0,1577,37321.305461
3047.0,683,37331.7328
14734.0,2477,37370.272544
3150.0,844,37383.293694
5429.0,947,37398.758969
7161.0,1133,37416.530522
5982.0,1335,37438.48488
5827.0,1094,37454.519079
5011.0,1171,37471.180708
1046.0,535,37478.757161
5199.0,868,37490.43172
7320.0,1281,37511.001112
4192.0,1203,37530.252577
8219.0,889,37544.210587
6437.0,1267,37563.915091
8335.0,1405,37586.872163
4074.0,885,37599.635887
15790.0,1966,37633.017861
3396.0,982,37659.975663
6117.0,911,37674.675749
4889.0,684,37684.79361
6274.0,1337,37706.775093
9175.0,1267,37727.500509
6417.0,1039,37744.027767
3710.0,892,37757.971848
4193.0,935,37770.732542
6792.0,1006,37786.575541
9002.0,1250,37806.677509
4861.0,980,37821.858974
8169.0,1415,37845.030892
14853.0,2125,37879.517425
6940.0,1154,37897.179575
8702.0,1174,37915.791504
7617.0,1117,37934.241873
17428.0,2501,37974.179404
5527.0,1044,37989.246714
8315.0,1699,38016.378095
5501.0,1091,38033.110934
10349.0,1763,38070.74755
8526.0,1600,38097.677567
3441.0,759,38109.663705
13352.0,2321,38149.532936
10316.0,1542,38172.318098
4955.0,921,38186.753945
3643.0,1157,38204.861579
5077.0,1033,38221.416873
21951.0,2701,38263.36582
8191.0,1164,38282.610778
18101.0,2425,38321.821093
1990.0,621,38330.974306
6399.0,1568,38355.433539
19765.0,1886,38387.205096
17512.0,2673,38429.452334
11518.0,1724,38456.582562
14514.0,1635,38482.634881
5387.0,854,38507.108606
9472.0,1332,38529.404979
11923.0,1665,38554.161621
8294.0,1006,38568.824961
8003.0,1263,38587.188526
18437.0,2084,38620.862278
3721.0,820,38633.295443
7758.0,1228,38652.658014
8935.0,1600,38678.33953
9800.0,1571,38703.663532
23409.0,3221,38754.261089
4259.0,691,38764.681322
15203.0,1890,38795.041797
6953.0,1245,38813.933771
17499.0,2092,38846.375066
22815.0,2654,38888.525704
16808.0,2489,38943.48151
9660.0,1688,38969.504038
12733.0,2163,39001.869371
14307.0,2455,39039.353516
6886.0,838,39052.088073
8027.0,1238,39072.668565
8327.0,1064,39088.93019
8884.0,1274,39108.273691
4839.0,893,39122.068098
9138.0,1283,39142.187605
7576.0,1509,39166.582407
13384.0,1637,39192.187278
7137.0,1508,39215.638792
29227.0,3741,39275.254091
8936.0,1784,39303.010141
8095.0,1189,39332.588057
14907.0,2334,39370.657835
9965.0,1401,39393.126923
5538.0,1059,39409.404361
6706.0,1014,39425.028315
5964.0,1012,39439.527378
6015.0,819,39451.918231
14378.0,2048,39484.37139
22028.0,2562,39525.935194
9329.0,1168,39543.965889
4057.0,1233,39562.780342
17351.0,1828,39592.212526
5797.0,1051,39609.605591
5621.0,1208,39628.333482
8998.0,1009,39645.009263
14741.0,1974,39677.4535
13805.0,1794,39706.451701
5212.0,1019,39723.212464
18222.0,2168,39767.9752
3490.0,751,39779.234697
9607.0,1400,39801.031531
4628.0,1219,39819.955053
11909.0,2387,39857.71508
19509.0,2622,39897.770248
13912.0,1992,39929.122442
7941.0,1490,39951.535084
9512.0,1274,39973.405849
7928.0,824,39985.968048
5760.0,1272,40007.337669
20258.0,2917,40053.775141
18817.0,2528,40092.338302
16329.0,2049,40124.900688
3688.0,1076,40141.999839
8408.0,1342,40172.518864
15810.0,1776,40199.360438
9706.0,1373,40220.914719
7138.0,1018,40236.783607
15363.0,1874,40267.664049
13004.0,1779,40295.24658
17876.0,2151,40331.651112
9092.0,1409,40353.667006
6407.0,1522,40376.694667
9473.0,1084,40393.620024
8971.0,1289,40414.689133
9719.0,1449,40436.312948
8836.0,1208,40454.504793
17549.0,2033,40486.429205
11094.0,2193,40521.216367
18504.0,2306,40559.040009
12651.0,1717,40595.496481
4364.0,855,40608.03151
15035.0,2100,40642.427948
9190.0,1482,40664.544394
11851.0,1643,40689.673423
3978.0,644,40699.482857
4476.0,1082,40715.746771
3943.0,936,40729.238235
4470.0,827,40741.171265
7527.0,1257,40760.242353
8210.0,1198,40779.281503
2940.0,739,40789.410576
8327.0,1083,40806.716891
17048.0,2363,40842.961758
9132.0,1379,40863.636988
6128.0,1581,40888.583543
14652.0,1769,40917.299473
8532.0,1145,40936.029099
2711.0,869,40949.473687
9264.0,1339,40972.227673
13312.0,1918,41013.166022
7532.0,795,41023.769334
14655.0,1777,41052.369682
4159.0,1015,41068.849302
7390.0,1518,41094.494733
5285.0,1250,41112.068187
8627.0,1409,41133.129434
7703.0,1243,41153.512936
8434.0,1272,41173.926911
8181.0,1376,41194.18548
14279.0,1596,41217.166388
8699.0,1342,41239.562896
2902.0,645,41249.639994
12476.0,1675,41275.621077
5662.0,1343,41296.597968
6303.0,1139,41314.043836
3349.0,932,41328.752681
7872.0,904,41343.074682
13515.0,1959,41375.836685
4505.0,950,41391.243697
9023.0,903,41417.405156
5107.0,1462,41439.215187
14416.0,1848,41469.355716
3491.0,920,41484.274967
13007.0,2812,41528.385028
6791.0,1243,41546.662576
11414.0,1725,41574.351543
4508.0,1106,41593.591766
14879.0,1969,41624.11921
13213.0,1933,41654.550606
7236.0,1040,41670.19381
5023.0,1122,41685.864889
9690.0,1655,41711.744761
13045.0,1822,41741.893085
2866.0,684,41752.076806
11209.0,1616,41776.224363
4709.0,808,41787.962228
16059.0,1786,41817.38321
5676.0,978,41844.052349
9496.0,1284,41864.040441
9502.0,1277,41884.578759
7644.0,1162,41903.842482
12196.0,2342,41941.421404
11616.0,2279,41977.065738
7248.0,1011,41992.453237
4867.0,1317,42012.1885
6454.0,1449,42033.712616
22423.0,2712,42074.350264
8860.0,1631,42099.899893
11824.0,2255,42134.413148
6227.0,821,42147.007081
14056.0,2059,42178.872574
9720.0,1457,42201.627589
12504.0,1851,42231.472646
5136.0,941,42254.120398
5709.0,1146,42273.033447
16249.0,2492,42312.79495
8663.0,1379,42335.627028
7004.0,1135,42353.166634
13830.0,1848,42382.443893
6222.0,1087,42399.59929
9639.0,1190,42417.856209
13502.0,1889,42445.3697
7926.0,1142,42462.556004
5568.0,916,42476.754912
8052.0,885,42491.393397
8521.0,1178,42509.026865
18354.0,2593,42549.037375
13832.0,2020,42579.608069
19950.0,2045,42610.771884
6082.0,1213,42629.623615
6707.0,1548,42667.082982
9974.0,1315,42687.755896
5442.0,869,42700.61799
13916.0,2034,42732.841254
8859.0,1082,42749.74484
13733.0,2035,42781.706654
7287.0,1104,42798.13003
8092.0,1218,42816.844684
9262.0,1347,42838.613383
6756.0,1228,42857.232062
16904.0,2530,42898.470624
6631.0,1403,42921.899436
18733.0,2818,42966.796292
3429.0,773,42978.44897
7433.0,1160,42997.107641
12349.0,1690,43022.556876
7360.0,1226,43042.208175
5348.0,990,43058.524358
7947.0,1571,43091.157629
7584.0,1211,43111.408406
6395.0,1713,43137.268399
14267.0,1918,43165.003745
8506.0,1357,43187.264387
8492.0,929,43201.495889
7348.0,1287,43222.510598
6965.0,1161,43240.393372
14023.0,1703,43266.718302
3026.0,695,43277.407222
9845.0,1602,43302.815521
14516.0,2159,43336.509163
8974.0,1193,43355.820187
17273.0,2407,43393.654863
8938.0,1348,43414.495339
6171.0,1406,43436.121205
6442.0,972,43451.086252
8119.0,1100,43466.591606
8530.0,1144,43494.957981
6330.0,1472,43517.220015
17244.0,2023,43548.844096
6212.0,996,43564.740453
8683.0,1437,43587.715219
16905.0,2042,43617.964451
6270.0,1228,43636.195913
3149.0,837,43647.113602
5899.0,1084,43664.797047
6181.0,907,43679.043651
8918.0,1014,43694.911234
2201.0,932,43709.408622
2886.0,798,43721.539642
16818.0,2197,43754.33628
21292.0,3079,43802.045452
4680.0,1088,43817.603154
5888.0,1354,43839.367042
14688.0,1814,43865.391937
6825.0,1016,43880.398261
6997.0,1317,43909.082883
2614.0,925,43921.970359
24829.0,2982,43969.302822
16034.0,2205,44003.645414
2743.0,758,44016.386139
5978.0,811,44029.076674
15615.0,1691,44055.887404
9358.0,1346,44076.571258
15503.0,2959,44120.893612
18928.0,2295,44154.516174
9874.0,1099,44171.721248
14336.0,1839,44199.100626
4476.0,845,44211.89448
8339.0,1140,44230.026425
9207.0,1020,44246.461978
8700.0,1644,44273.006313
6423.0,909,44286.763087
13483.0,1784,44326.660795
3139.0,950,44341.241009
3239.0,926,44355.763854
12058.0,1477,44376.909022
3690.0,1295,44397.106387
16106.0,2300,44433.365953
6779.0,1593,44458.500458
6472.0,1098,44474.640389
5736.0,1187,44492.793191
7470.0,1262,44512.30141
9095.0,1477,44535.756041
10814.0,1919,44565.669088
17277.0,2352,44603.855305
16649.0,2423,44640.785285
9269.0,1362,44662.080205
5222.0,833,44675.772734
5801.0,1048,44692.905693
8789.0,1293,44723.01044
8106.0,1869,44751.818779
5822.0,1429,44773.54531
9062.0,1202,44791.917353
13305.0,1791,44821.659019
5155.0,829,44834.02806
21807.0,2562,44876.1004
7927.0,968,44891.70229
6364.0,1021,44908.76128
7641.0,1263,44927.827948
17239.0,2012,44959.926577
5268.0,1066,44975.426971
4419.0,1246,44995.646693
8480.0,1607,45019.989839
12800.0,2120,45053.007259
6090.0,1102,45068.478262
12458.0,1937,45097.054154
6629.0,1600,45128.727856
3245.0,893,45142.711059
7998.0,912,45156.539616
12514.0,1687,45181.245379
6691.0,856,45193.922277
27342.0,3470,45250.370028
12392.0,1690,45276.821376
18970.0,2153,45310.591037
6667.0,881,45323.459846
15533.0,1823,45350.527025
12694.0,1715,45377.629136
8047.0,1232,45396.369882
5748.0,1120,45414.017768
9741.0,832,45425.745165
3819.0,1265,45444.344954
11447.0,1627,45469.456677
8018.0,1317,45491.552832
11805.0,1810,45519.602352
6738.0,1041,45544.367584
7896.0,1582,45569.8868
12672.0,1520,45593.397513
12210.0,1803,45621.903799
8955.0,1432,45644.972564
17085.0,2066,45678.113844
14337.0,1638,45703.701061
4410.0,664,45713.5162
10982.0,1692,45740.907322
13286.0,1936,45772.432396
17523.0,1925,45803.859284
5111.0,1175,45822.144823
13814.0,2134,45853.326666
5582.0,1143,45870.153419
19726.0,2580,45912.466476
13454.0,1941,45952.370919
7605.0,995,45965.977089
6569.0,1043,45982.748991
5221.0,1187,46000.652041
23894.0,2388,46036.620479
6675.0,1394,46057.32257
5594.0,694,46067.012052
8626.0,1500,46088.842438
5976.0,617,46097.345389
13326.0,2274,46130.762655
17528.0,2213,46164.958026
6483.0,899,46177.880858
7051.0,1087,46195.095495
16548.0,1608,46221.664075
5189.0,952,46237.927441
18678.0,1977,46268.12807
7979.0,1127,46284.332134
8058.0,1108,46301.918868
6112.0,1207,46320.965647
6117.0,946,46336.26627
2673.0,1090,46362.022394
9670.0,1558,46387.057851
12072.0,1966,46417.441201
6265.0,1358,46436.757105
8788.0,1222,46455.686927
13154.0,2050,46487.42837
25412.0,3462,46542.09393
6876.0,1114,46559.921108
9082.0,1403,46582.400437
7845.0,1453,46604.05839
7322.0,1565,46628.999172
17861.0,2399,46666.053293
27261.0,3500,46722.828607
4004.0,1071,46739.687674
5426.0,1031,46755.987292
5959.0,886,46781.973264
18067.0,2272,46817.762931
13810.0,1637,46843.288972
12936.0,1746,46869.429111
13163.0,1728,46895.93811
19573.0,2345,46932.10291
16475.0,2052,46964.609034
14822.0,2252,46998.312325
16084.0,2610,47039.464834
5285.0,1086,47056.336015
4299.0,886,47069.967507
23350.0,3404,47123.611324
6458.0,974,47138.22857
6656.0,1254,47158.147356
12528.0,1900,47197.383219
2248.0,958,47213.111865
13974.0,1852,47241.3262
5489.0,954,47255.147062
5634.0,798,47266.264666
23085.0,2405,47303.643889
17519.0,2222,47335.588634
4925.0,1114,47353.102086
9556.0,1438,47377.128863
8206.0,1339,47397.844877
13966.0,1602,47421.777111
9170.0,1322,47443.099423
14445.0,2070,47475.569672
16269.0,1888,47504.397212
7999.0,1001,47518.427648
4598.0,1083,47535.379546
6356.0,1040,47551.219318
17773.0,2050,47597.627095
14284.0,1843,47627.075509
8580.0,1180,47644.947967
7591.0,1342,47665.230958
5362.0,940,47679.998231
9706.0,2019,47711.838928
11998.0,1650,47737.974424
2441.0,602,47747.215863
7626.0,1398,47769.204975
13704.0,1518,47793.111915
3081.0,703,47803.751365
6197.0,773,47815.762051
5604.0,1307,47837.118808
9489.0,1278,47857.003014
9713.0,1336,47880.083562
5270.0,880,47894.839592
26723.0,3343,47946.152002
8587.0,1455,47968.382111
5857.0,1274,47986.853481
19035.0,2553,48039.246816
28506.0,3034,48085.150187
3796.0,880,48097.786333
9888.0,1460,48119.412957
13636.0,1310,48139.930855
4244.0,1170,48158.605084
27018.0,2458,48197.012216
15060.0,2029,48228.96994
9002.0,1371,48249.836173
6632.0,1083,48265.995156
4020.0,986,48281.364533
18128.0,2185,48315.468809
4390.0,729,48326.729945
9437.0,1089,48343.753263
4519.0,1076,48360.781138
10677.0,1794,48388.810596
11943.0,1671,48428.538766
14841.0,1597,48453.215948
6185.0,1080,48470.029488
9780.0,912,48482.375093
8616.0,1722,48510.539967
13124.0,1804,48536.984648
8023.0,1167,48554.814287
17475.0,1706,48582.916343
7619.0,1796,48609.052477
17434.0,2420,48648.104354
21807.0,2237,48683.2984
6037.0,892,48696.854082
6814.0,1598,48722.50004
15155.0,2201,48757.125185
4531.0,834,48768.544761
5819.0,836,48782.208917
7432.0,1387,48804.704503
13975.0,1932,48845.262658
12517.0,2059,48876.140076
5921.0,1154,48892.859182
13867.0,1814,48921.384034
18137.0,1800,48949.391905
11594.0,1564,48974.23801
22573.0,2930,49020.279461
18335.0,2251,49056.110708
5367.0,1072,49072.395546
8345.0,1431,49094.626558
6961.0,1230,49114.417159
7731.0,1260,49132.972024
15394.0,1712,49160.672719
5168.0,861,49174.331315
8751.0,1701,49199.616472
4048.0,762,49211.783348
16191.0,2307,49260.296453
17271.0,1826,49286.840816
7162.0,1714,49313.019694
15168.0,2004,49344.659252
4992.0,1118,49363.431065
4036.0,1024,49377.081329
16630.0,1834,49406.493839
4983.0,743,49417.947477
4175.0,632,49427.34045
22018.0,2461,49465.796331
15816.0,2079,49498.047334
9395.0,1151,49515.98799
9992.0,1644,49541.507073
18580.0,2091,49573.259875
4803.0,1076,49589.297343
16014.0,2179,49622.77085
13739.0,2781,49676.36863
9685.0,1446,49698.350462
4735.0,857,49711.149525
8521.0,800,49724.316292
5927.0,1082,49741.143213
6590.0,821,49753.462823
8998.0,1027,49770.372424
10852.0,1610,49796.751182
9606.0,1435,49819.370291
24574.0,3071,49868.284516
33787.0,3801,49926.688019
15498.0,2588,49966.108235
25856.0,3333,50017.36194
4899.0,768,50029.041132
9353.0,1859,50056.98879
8759.0,1729,50094.752285
19295.0,2094,50124.420233
14887.0,1930,50155.486417
13731.0,2251,50189.513362
15230.0,1626,50216.735209
8310.0,1410,50237.286734
9824.0,1397,50258.496341
18397.0,2505,50299.180857
7199.0,1159,50318.099089
22217.0,2534,50359.366114
7391.0,1184,50377.729565
13730.0,1929,50407.32615
27891.0,3268,50458.90989
13153.0,1814,50498.46413
12239.0,1666,50523.51807
9022.0,1498,50548.228841
8441.0,1387,50570.491727
18848.0,2543,50610.445375
17514.0,1830,50638.550078
5890.0,886,50651.390768
3987.0,886,50664.27921
6672.0,881,50678.737486
9119.0,1313,50699.1717
14756.0,1598,50724.214192
23849.0,3440,50778.141205
15372.0,2143,50812.325358
17603.0,2259,50849.084149
27010.0,2783,50905.913131
8961.0,1570,50929.696881
5954.0,1486,50951.239074
18098.0,1877,50979.210433
3789.0,815,50992.933354
7241.0,1187,51011.104636
9178.0,1693,51037.037628
7412.0,1460,51058.724008
7384.0,1094,51076.026229
7284.0,1330,51096.343876
4466.0,795,51109.384516
3504.0,821,51121.863442
17410.0,2519,51161.382031
15186.0,2712,51202.66075
18170.0,2033,51235.00152
4726.0,1416,51257.671068
9949.0,1206,51277.322564
16088.0,1496,51299.11947
15378.0,2748,51350.800579
22296.0,2741,51394.765564
13211.0,1604,51420.15372
5804.0,1054,51436.184611
33685.0,4342,51505.393045
5333.0,1318,51526.369893
12369.0,1571,51550.565335
9588.0,1120,51567.921571
8180.0,944,51582.171135
6257.0,1366,51603.116648
16371.0,2407,51639.951052
18090.0,2319,51678.590125
8798.0,1655,51704.543688
12683.0,1525,51742.126369
12805.0,2015,51773.908392
12775.0,1891,51802.222183
9775.0,1551,51826.886664
5884.0,746,51837.585635
16757.0,2186,51873.604677
7574.0,1011,51889.161986
7133.0,1271,51909.384648
3769.0,557,51917.859808
5231.0,1206,51935.628149
9429.0,1350,51956.402288
4726.0,874,51969.538889
4976.0,1094,51986.521676
8417.0,1675,52013.259313
9357.0,1172,52032.825479
11627.0,2086,52066.769327
8556.0,1703,52093.229126
19025.0,2294,52127.94454
3413.0,1000,52152.387697
14047.0,2384,52190.481127
3533.0,786,52203.826919
13185.0,1531,52228.940239
12636.0,1868,52257.93099
5024.0,627,52267.425231
27137.0,3232,52318.531779
6511.0,876,52332.273905
13669.0,1759,52360.873471
8737.0,1131,52377.745088
28877.0,3522,52432.350415
6741.0,1637,52457.943031
4079.0,1220,52476.885258
13669.0,1772,52503.259935
11948.0,1623,52529.211177
8236.0,1286,52561.558179
5090.0,1109,52579.348904
12836.0,1603,52604.242056
5178.0,1203,52622.931232
2908.0,630,52632.202563
4688.0,894,52646.953258
6708.0,1307,52667.381931
7330.0,895,52682.396593
8517.0,1081,52699.125112
16070.0,2400,52738.425252
7333.0,1055,52753.205752
6506.0,1189,52773.240124
9567.0,1458,52795.283795
13708.0,1619,52819.311144
20724.0,3304,52872.641808
13661.0,1491,52893.95268
6619.0,1016,52908.175575
12727.0,1474,52929.71774
13016.0,2075,52961.178994
7516.0,1310,52996.037673
3958.0,899,53008.876296
6641.0,1148,53026.725898
8163.0,1212,53047.278245
7414.0,726,53057.900559
12233.0,1378,53079.305228
9652.0,1275,53098.3523
2075.0,476,53105.30383
5402.0,1183,53124.065807
18914.0,2528,53166.191477
13009.0,2244,53202.485698
17048.0,2298,53236.99203
9338.0,951,53249.608758
7225.0,1104,53267.341678
7664.0,947,53280.756994
7880.0,902,53295.218751
3410.0,841,53308.532261
6848.0,1273,53328.844395
6040.0,1211,53347.812253
7094.0,1144,53366.372452
3977.0,744,53377.26763
6615.0,958,53400.314358
7874.0,1182,53419.857218
5207.0,940,53433.42535
19872.0,2401,53473.215669
1953.0,520,53480.873285
4476.0,1285,53499.740923
15367.0,2253,53536.140124
12605.0,1479,53557.434952
7410.0,1207,53577.65165
5068.0,1030,53593.080827
8134.0,1138,53611.530397
9851.0,1573,53636.167895
7132.0,1259,53657.313141
3549.0,798,53669.710635
17678.0,2462,53709.524425
3333.0,1131,53728.780195
6198.0,975,53744.856485
2787.0,822,53757.524439
8284.0,1168,53776.40351
5298.0,712,53786.712883
2647.0,731,53798.230667
18910.0,2730,53855.738289
6359.0,1138,53872.253082
9551.0,1845,53900.553307
15606.0,2208,53932.335315
15591.0,2227,53967.117965
15738.0,2139,54000.84536
17094.0,2015,54031.364631
7899.0,1229,54050.316039
7263.0,937,54065.78658
3855.0,628,54075.368972
17472.0,2040,54106.556109
9927.0,1101,54124.557658
8079.0,1450,54147.664668
3690.0,982,54163.302972
16015.0,1905,54194.021167
7695.0,1341,54214.436515
6599.0,1318,54247.643767
14785.0,2330,54283.596941
12753.0,1847,54312.490743
7363.0,1406,54332.960702
4979.0,1014,54349.482848
9313.0,1403,54370.735713
9522.0,998,54386.295563
5249.0,1049,54402.899608
2975.0,821,54415.502038
7687.0,885,54428.477923
7610.0,1099,54445.874995
7167.0,1071,54463.168288
6799.0,1172,54480.867299
5928.0,980,54495.534201
6349.0,973,54509.313661
8140.0,1333,54529.976174
23249.0,2653,54573.833093
8837.0,1428,54597.328386
24725.0,3551,54661.643722
9713.0,1485,54684.549037
4735.0,1013,54700.191666
17536.0,2138,54734.372648
5627.0,1562,54759.791262
8428.0,1159,54778.432211
7296.0,1003,54793.69596
14419.0,1872,54823.437287
3005.0,859,54838.147094
9777.0,1536,54863.094694
8718.0,994,54878.50565
8749.0,1393,54901.975187
5441.0,1263,54921.124565
5383.0,1108,54938.117455
6505.0,1235,54958.351532
8317.0,1099,54976.019484
8655.0,1430,54997.128575
14603.0,1854,55027.613748
5325.0,953,55041.440324
9324.0,1365,55069.791461
5486.0,704,55081.144358
7931.0,1473,55102.007782
5877.0,1108,55120.560274
13680.0,2108,55153.553673
7139.0,1273,55172.143206
8840.0,1441,55194.796041
7461.0,1092,55212.359125
6417.0,1204,55229.091155
8835.0,759,55239.100193
8007.0,1077,55254.490746
10749.0,1975,55285.66786
6211.0,1004,55301.471794
6222.0,990,55317.529572
3659.0,1094,55335.329062
5489.0,967,55349.64701
12952.0,1670,55373.677662
9767.0,1385,55395.98444
9667.0,1532,55421.477475
6957.0,1321,55442.636853
6374.0,1359,55463.2133
4670.0,1299,55497.127373
12002.0,1976,55527.298776
6691.0,1458,55551.652942
4372.0,849,55565.279783
10208.0,1778,55592.369397
14783.0,2081,55622.012555
7218.0,1037,55637.525939
23357.0,2993,55685.620763
29471.0,3707,55743.882144
8008.0,1049,55760.69768
15980.0,2311,55798.817983
7858.0,923,55813.892936
7671.0,1440,55836.974806
7947.0,1299,55857.549892
4615.0,777,55869.563816
9050.0,1500,55899.715706
8482.0,1330,55921.721079
11524.0,1772,55949.694004
8598.0,1130,55968.556589
5975.0,1209,55988.969758
6709.0,838,56001.768247
8851.0,1146,56020.410496
12341.0,1496,56043.936645
8128.0,1124,56062.1491
4444.0,1542,56085.821013
3378.0,975,56100.936475
6299.0,663,56111.401403
15641.0,2464,56150.604792
6244.0,1041,56167.692569
8763.0,1265,56187.422359
5797.0,1013,56203.688361
7972.0,1328,56225.882056
3897.0,872,56238.717823
6777.0,962,56254.017943
14119.0,1921,56284.858072
6608.0,1090,56301.929626
12880.0,1945,56340.840216
11400.0,1660,56366.347669
4914.0,857,56379.653862
8762.0,1312,56400.211277
9951.0,1289,56420.258526
24914.0,3325,56472.082394
10859.0,1250,56492.349331
9654.0,1145,56510.00618
19096.0,2255,56544.31318
6707.0,1204,56562.023151
1697.0,534,56570.063874
17039.0,2353,56608.401957
13727.0,1484,56633.550288
17919.0,2394,56672.744713
16962.0,2021,56705.841275
13483.0,1758,56746.318423
13453.0,2017,56777.09539
22646.0,2770,56823.327808
7478.0,1122,56839.188967
3439.0,812,56850.962141
8487.0,894,56864.527466
16175.0,2297,56899.888973
8058.0,1571,56924.363546
7255.0,1314,56944.879917
5951.0,1352,56965.767
14381.0,1880,56995.916983
9125.0,1418,57017.896576
7503.0,1479,57041.118574
4451.0,1045,57056.625402
15680.0,2030,57088.995277
7448.0,1334,57109.67337
6372.0,895,57124.606088
10667.0,1994,57169.617192
5804.0,1110,57186.729211
7560.0,1156,57205.318751
25110.0,3270,57258.649452
6290.0,1013,57273.982692
14564.0,1775,57302.416984
7996.0,1366,57323.649791
13936.0,2167,57357.129258
6063.0,1335,57379.466629
8765.0,1367,57401.233416
9493.0,1923,57430.958571
17946.0,2374,57469.848825
13940.0,1826,57496.951979
7510.0,975,57512.147491
4306.0,1017,57527.23033
27994.0,3175,57589.844954
5081.0,1173,57607.657562
13359.0,2036,57637.079911
8213.0,1163,57653.811951
9199.0,941,57667.857604
9925.0,1213,57685.084556
6610.0,1031,57700.654079
8643.0,1275,57720.501394
23667.0,3228,57771.303406
13963.0,1878,57799.259856
7338.0,1595,57824.934273
14164.0,1491,57848.161867
22190.0,3324,57899.30586
7651.0,1298,57919.692365
12490.0,2253,57956.623147
8002.0,1143,57985.882584
16006.0,2142,58019.98298
6417.0,1060,58036.635842
9185.0,1377,58059.090659
6808.0,1302,58077.562747
8835.0,1491,58101.587262
15479.0,2709,58145.168443
3455.0,715,58156.574486
9403.0,1582,58181.617063
3294.0,746,58191.940992
9067.0,1205,58211.627903
6376.0,823,58225.60134
13755.0,1824,58252.157373
7665.0,1688,58279.565833
4995.0,1325,58300.68668
13385.0,1984,58332.713881
13600.0,1953,58362.469081
9660.0,1683,58400.621503
7501.0,1071,58417.871748
3998.0,1226,58437.044081
8046.0,1335,58457.285317
8175.0,1568,58480.598539
6275.0,1538,58505.903314
35143.0,4135,58570.21803
2612.0,819,58582.427194
8219.0,1414,58604.415337
9488.0,1410,58625.99741
19762.0,1936,58656.503191
18899.0,2484,58694.943456
7541.0,989,58709.520717
11316.0,1773,58737.894151
6282.0,1389,58757.641552
7895.0,1234,58777.611724
9916.0,1204,58796.333654
4906.0,835,58820.54195
9643.0,1715,58846.904406
15225.0,1939,58876.793387
5492.0,1047,58893.31896
9870.0,1398,58915.732263
7941.0,1515,58939.479974
8916.0,1384,58959.912751
14961.0,2026,58992.841495
6107.0,1094,59010.652173
15039.0,1993,59041.790837
4909.0,1298,59062.355393
9545.0,1654,59089.531266
16856.0,2062,59122.088806
14973.0,1934,59152.584308
5016.0,822,59164.719428
16928.0,2446,59201.999428
2980.0,818,59226.988998
21344.0,2515,59268.214997
11680.0,1663,59295.045574
7727.0,949,59309.638498
19029.0,2167,59342.477884
6491.0,1050,59356.963573
13228.0,1811,59386.053408
8890.0,1362,59407.678569
6880.0,1180,59426.44405
9509.0,1715,59452.072037
8177.0,1402,59475.050483
5779.0,951,59489.785834
7334.0,1040,59505.684959
7561.0,1935,59533.894821
5785.0,757,59545.716348
2118.0,707,59556.794579
16873.0,2067,59588.731319
7888.0,1082,59603.695288
15535.0,1816,59643.180648
4792.0,653,59653.745566
5570.0,1448,59677.061753
14712.0,1900,59708.89769
17017.0,1988,59739.836582
8724.0,1274,59757.687759
15485.0,1769,59784.988879
6063.0,1065,59801.856679
4036.0,1525,59825.662836
6813.0,916,59840.011059
15770.0,2130,59874.659538
7814.0,1199,59893.384491
4389.0,724,59904.868975
8657.0,1282,59924.211331
2933.0,1064,59940.304722
16738.0,2311,59975.28913
8480.0,1476,59997.101564
12977.0,2018,60028.614797
14152.0,2232,60076.713624
4051.0,911,60090.846856
11458.0,1605,60116.632031
5765.0,1150,60134.347345
6329.0,1048,60150.202907
9728.0,1933,60181.001888
16264.0,2342,60219.171299
6382.0,810,60232.528193
17424.0,2457,60271.076836
7708.0,1401,60293.208568
8690.0,1315,60312.887328
8865.0,740,60322.771489
5785.0,813,60334.801864
3321.0,731,60344.463422
3768.0,909,60358.980992
6118.0,855,60372.276962
7564.0,944,60388.046657
19054.0,2394,60424.469815
17424.0,2109,60472.381623
7294.0,1418,60493.822778
7347.0,1274,60513.628435
5151.0,1161,60530.601616
11711.0,1423,60550.989345
24169.0,3541,60605.762819
7345.0,884,60620.038297
2681.0,991,60634.644046
4370.0,755,60645.577288
13718.0,1907,60675.040997
14009.0,1655,60700.469182
9851.0,1525,60722.519793
6411.0,1040,60737.94884
12577.0,1907,60769.215269
5678.0,883,60784.10121
6331.0,1333,60805.305555
12948.0,1485,60826.758855
6885.0,1082,60843.162405
6572.0,1311,60863.278575
8135.0,1067,60890.963996
3212.0,833,60903.801752
8676.0,1381,60925.989917
4932.0,971,60940.803869
2793.0,587,60949.882445
5223.0,1017,60964.552496
8555.0,1414,60988.014908
9033.0,1427,61010.401487
6501.0,1063,61027.751097
7454.0,1306,61048.473602
13327.0,1689,61075.766416
6197.0,1017,61090.437622
8202.0,1081,61106.738657
9581.0,1074,61122.824496
17653.0,1890,61154.563969
8954.0,1309,61174.723317
9287.0,1656,61201.955955
7391.0,1137,61217.907835
9271.0,1285,61238.214858
14174.0,2110,61271.392414
3600.0,688,61281.510817
23535.0,2239,61328.767086
23850.0,2806,61369.689613
5373.0,870,61383.275029
8958.0,1343,61404.159788
9167.0,1469,61428.394057
3822.0,808,61440.364395
8462.0,1472,61464.575764
7596.0,1655,61490.167845
8611.0,1428,61512.171654
18558.0,2334,61547.902307
7247.0,1352,61568.567911
18341.0,1855,61595.052655
6399.0,1342,61617.565576
7345.0,1279,61636.653485
12250.0,1681,61665.025396
15614.0,1885,61693.919909
13638.0,1748,61732.189244
7291.0,1137,61750.281172
7071.0,1320,61768.943201
3741.0,987,61784.030615
17515.0,2295,61819.402764
17875.0,2249,61854.405298
6775.0,1456,61875.328955
6833.0,1083,61892.57113
20626.0,2128,61926.14308
3777.0,850,61940.403215
13990.0,2444,61980.26191
9863.0,1133,61997.411351
14347.0,2028,62030.374572
13735.0,1816,62056.566038
12877.0,1646,62081.584768
7164.0,1321,62102.824015
8998.0,1210,62136.749804
15105.0,1796,62163.352229
6962.0,1144,62179.999675
11299.0,1958,62211.210437
6683.0,1131,62226.63416
6976.0,1349,62248.768313
14964.0,1691,62274.300491
14537.0,2145,62306.739164
13806.0,1730,62332.073845
3908.0,999,62346.872552
2486.0,516,62355.131006
14655.0,2404,62392.722146
7098.0,1154,62409.975507
4307.0,836,62422.12754
5220.0,1143,62441.053457
22833.0,2548,62479.594154
12579.0,1442,62501.879883
15999.0,1841,62538.945309
25591.0,2717,62581.644767
5197.0,1026,62597.288709
6796.0,950,62610.977894
18949.0,2329,62648.079874
15793.0,2230,62682.390302
5713.0,1149,62700.3464
11371.0,1808,62730.335001
12329.0,1382,62750.326968
6568.0,1150,62766.824773
16048.0,1732,62795.482305
6051.0,1144,62811.690343
9346.0,1278,62829.88513
7688.0,1111,62846.977217
12384.0,1670,62874.446086
5087.0,645,62885.440367
14119.0,2099,62917.249476
11241.0,1348,62948.897034
6375.0,1272,62969.855707
7707.0,1149,62987.201179
13747.0,1839,63014.643234
6581.0,1332,63034.196093
9470.0,1353,63055.868528
24047.0,2800,63103.271953
6600.0,1040,63118.882207
6513.0,1008,63133.603872
6514.0,954,63147.511103
4872.0,1126,63163.873061
8916.0,1347,63186.098057
8204.0,1793,63213.269587
7407.0,935,63227.630976
16058.0,1858,63255.925166
6149.0,922,63270.710608
16456.0,2298,63308.944757
6529.0,1071,63325.480858
11972.0,1656,63364.698417
14079.0,1743,63392.161849
7797.0,1605,63418.416181
17337.0,2204,63451.991589
8715.0,1182,63469.80753
9590.0,1471,63493.006887
19221.0,3136,63544.302412
5036.0,1070,63561.696781
18825.0,2019,63592.022523
6167.0,981,63607.484383
16906.0,2503,63646.811324
6805.0,1137,63662.726261
7216.0,951,63678.188608
17720.0,2481,63716.123617
9171.0,1270,63737.680031
5104.0,1450,63758.514229
12665.0,2473,63808.129118
12839.0,1383,63830.011009
3477.0,1182,63846.936719
7776.0,1357,63869.524769
17525.0,2677,63912.718797
23811.0,2634,63954.885555
9150.0,1622,63979.63692
14418.0,1588,64003.324327
4820.0,993,64017.373451
7841.0,1108,64033.104341
3844.0,1027,64047.43648
11409.0,1673,64071.4008
14273.0,1872,64100.277519
16114.0,1841,64129.942909
3302.0,784,64142.046574
3474.0,833,64156.159899
7929.0,1051,64172.90909
9743.0,1461,64205.397988
24146.0,2997,64254.69394
11924.0,1671,64280.554539
9044.0,1534,64304.920705
13850.0,1549,64329.09436
16099.0,1692,64356.4199
9026.0,822,64370.113879
17047.0,2133,64403.737969
26396.0,2787,64446.487856
21132.0,2141,64480.19303
8513.0,1592,64504.537616
18434.0,2623,64547.261143
3825.0,839,64559.66781
4496.0,946,64574.541465
14769.0,1746,64613.876081
6620.0,773,64624.684637
15105.0,2122,64657.396721
7314.0,1112,64674.117015
6179.0,1280,64694.237576
7650.0,1518,64718.801236
9496.0,1506,64742.574258
15061.0,1960,64773.01407
18396.0,2475,64813.719426
34544.0,4692,64883.536189
15384.0,1850,64911.908994
12164.0,1681,64938.907216
5533.0,1087,64954.761879
11691.0,1900,64984.396257
9064.0,1024,65000.546892
5460.0,911,65028.079982
21368.0,3301,65077.462706
9389.0,1411,65098.939868
9448.0,1674,65125.611799
14787.0,2146,65159.417059
4698.0,1456,65181.758578
5388.0,1099,65196.901133
17205.0,1830,65225.317218
12851.0,1960,65256.128177
12693.0,2056,65287.892209
15076.0,2442,65325.176316
16598.0,2364,65361.174234
5482.0,1161,65378.433043
4793.0,1040,65393.867251
13290.0,1881,65434.945523
16722.0,2377,65472.117097
14565.0,2328,65506.293744
17702.0,1937,65535.658493
13289.0,2188,65571.578689
7713.0,825,65583.429079
7551.0,1271,65604.164266
8484.0,1298,65624.421045
18863.0,2195,65658.526135
17503.0,2059,65690.643592
9404.0,1211,65708.444792
7835.0,1270,65729.733114
6352.0,777,65740.959065
14750.0,1827,65767.711537
12790.0,1977,65798.123911
24562.0,3396,65866.629842
9004.0,1659,65892.313633
16809.0,2256,65927.663253
12546.0,1582,65952.831219
9168.0,1068,65969.975932
6009.0,673,65980.400683
18909.0,1966,66008.704006
14174.0,1704,66036.283701
2956.0,923,66050.058961
6737.0,1222,66071.500053
17408.0,1565,66095.006272
13880.0,2195,66129.964534
5372.0,1046,66145.453526
11172.0,1719,66172.964846
7679.0,1497,66196.696857
7643.0,1239,66215.56103
7383.0,1097,66233.488252
14121.0,1835,66278.43676
4383.0,793,66290.357383
16770.0,2018,66322.548998
9162.0,1264,66342.109424
7294.0,1135,66360.351919
17046.0,2262,66395.303597
12819.0,1931,66422.80559
6695.0,1270,66441.764584
8947.0,1285,66461.262717
6783.0,1108,66477.046368
14375.0,1960,66507.937121
8592.0,1629,66532.651647
12303.0,1879,66562.3796
4720.0,1085,66578.605895
9675.0,1030,66594.242541
13115.0,1797,66620.120867
15320.0,1790,66647.221181
8192.0,1116,66676.807883
6942.0,1366,66699.195206
3701.0,754,66709.38579
12683.0,1541,66732.502574
15586.0,2195,66764.500225
9196.0,1256,66785.419103
5190.0,797,66796.269655
9923.0,1442,66819.177335
9605.0,1470,66841.577613
15964.0,1796,66868.489455
16294.0,2034,66900.246605
14207.0,2035,66932.512077
5623.0,881,66945.268035
4743.0,851,66958.978526
6937.0,1513,66982.703701
7297.0,1151,67001.292587
27175.0,3342,67053.697251
5369.0,1012,67079.618011
6443.0,1552,67104.211178
8775.0,1073,67121.111203
13815.0,1890,67151.007232
8871.0,1117,67168.02141
4595.0,989,67183.751794
6335.0,1332,67204.317128
17865.0,2247,67242.259823
12748.0,2066,67273.640943
6551.0,819,67286.940627
18669.0,2250,67322.116937
13340.0,1587,67347.793669
14225.0,2224,67383.86425
4428.0,1057,67400.947297
6072.0,1130,67416.819804
14837.0,1980,67446.224911
9549.0,1519,67470.777741
8232.0,1328,67508.04722
13687.0,1562,67532.65507
10609.0,1345,67553.023965
19463.0,2489,67591.887887
16880.0,2637,67632.663128
7880.0,1069,67649.729851
8724.0,1461,67672.375283
4998.0,818,67684.350439
5442.0,1006,67700.239437
12977.0,2075,67731.242206
12080.0,1698,67756.509916
14872.0,2323,67795.030438
5895.0,887,67807.774929
4340.0,1209,67828.384201
19432.0,2324,67866.098887
9781.0,1289,67886.092098
15833.0,2004,67930.156544
14605.0,1901,67960.216954
14755.0,1800,67989.734859
9825.0,1368,68012.542565
12498.0,2229,68048.457651
3163.0,650,68058.50257
15434.0,2527,68098.02802
6608.0,838,68110.795909
16363.0,1987,68142.325663
11860.0,2169,68177.534042
3574.0,750,68188.312551
9751.0,1371,68209.923188
15029.0,2142,68243.168445
6186.0,1419,68264.053025
15777.0,1744,68292.874186
6924.0,1504,68315.913326
14585.0,1673,68352.754602
14152.0,2033,68385.176321
8475.0,1541,68408.767887
11823.0,1745,68434.322051
16951.0,2374,68467.976769
11417.0,1819,68494.507398
13826.0,1804,68520.21225
18438.0,2444,68557.961686
8305.0,1410,68578.764279
17623.0,2327,68613.933528
13112.0,1740,68640.73203
8543.0,1496,68663.423082
5696.0,696,68672.73174
15850.0,2097,68704.36972
8254.0,1489,68738.18184
27761.0,3389,68790.028337
17257.0,1884,68819.39953
5121.0,1165,68836.762707
16733.0,2321,68873.295766
9860.0,1651,68900.479541
19683.0,2341,68936.84591
18379.0,2104,68969.636348
13632.0,1781,68995.762584
12785.0,1757,69023.772022
8730.0,1122,69041.04386
5838.0,1355,69062.656557
10192.0,1330,69081.607837
8797.0,1660,69106.184065
5019.0,1382,69136.075145
5310.0,627,69144.61822
3301.0,905,69157.852229
6557.0,1098,69172.900717
15308.0,1806,69199.177737
7841.0,1244,69219.481581
16048.0,1929,69249.66623
8658.0,1599,69275.148442
5892.0,1173,69292.00068
15208.0,2239,69327.25474
7740.0,1466,69349.428382
22024.0,2940,69392.615921
9446.0,1184,69409.435291
5715.0,983,69424.33993
27694.0,2928,69468.582401
8182.0,1274,69488.394786
14900.0,1611,69511.993047
9421.0,1395,69541.869037
5847.0,1266,69558.635247
8890.0,1784,69586.391146
9125.0,1112,69603.483717
5147.0,1071,69619.979464
3285.0,693,69629.618449
7283.0,1016,69645.553155
15121.0,1864,69674.072557
17035.0,1723,69701.031986
12729.0,1647,69726.392792
16693.0,2159,69759.680537
8870.0,2183,69792.669329
7609.0,1009,69807.000116
6254.0,1302,69826.604102
7698.0,1271,69846.702292
9802.0,1374,69867.609377
12942.0,2221,69902.696492
23544.0,2236,69952.631007
23411.0,2822,69995.220955
9256.0,1506,70017.629522
14258.0,1960,70047.886346
9925.0,1764,70074.890545
26158.0,3376,70127.001687
4487.0,808,70139.680172
19695.0,2478,70177.286111
6609.0,1315,70194.938472
8556.0,1598,70219.870233
9220.0,1640,70246.310786
12499.0,1547,70269.391044
6678.0,1141,70286.396313
14379.0,2327,70323.288809
19514.0,1911,70359.27987
14841.0,2039,70390.375261
8770.0,1713,70414.783321
9535.0,1461,70437.694605
7616.0,1803,70465.835398
9885.0,1019,70480.842541
14100.0,1406,70502.271442
13593.0,1749,70530.073562
9620.0,1275,70548.303581
4261.0,818,70559.957578
14174.0,2189,70595.253341
15251.0,1879,70622.597863
26023.0,3497,70675.02109
6426.0,1260,70692.844966
16117.0,2081,70724.722784
4694.0,776,70750.004719
18846.0,2167,70782.549688
6922.0,942,70796.162929
23560.0,3386,70847.840314
6904.0,1198,70866.732368
8427.0,1443,70888.39598
20611.0,2292,70920.86141
5635.0,954,70934.969024
8359.0,1323,70956.023752
12401.0,1755,70979.459843
14726.0,1707,71004.771003
6732.0,1235,71022.551765
7105.0,1035,71036.736511
6313.0,1135,71052.970304
12498.0,1453,71075.360435
18054.0,2002,71103.792231
5919.0,1207,71121.513979
7362.0,1038,71148.104663
15669.0,2350,71183.105883
2839.0,962,71197.432325
5858.0,1012,71212.674433
6651.0,1208,71232.001941
11602.0,1642,71256.782047
14052.0,2368,71290.777195
2018.0,557,71298.549264
13466.0,1490,71321.493113
7381.0,1331,71341.555804
17861.0,2517,71379.061111
4389.0,897,71392.081958
10828.0,1611,71416.446303
9119.0,1409,71437.927865
9260.0,1216,71454.766836
6565.0,1059,71470.253459
13235.0,1861,71500.126648
6892.0,1497,71522.941849
14489.0,1747,71560.498392
7981.0,903,71573.916281
8023.0,1083,71590.695628
9079.0,1678,71616.72567
12043.0,1969,71646.046817
3428.0,814,71658.593059
6219.0,1080,71674.228981
13436.0,1891,71700.617166
7875.0,1365,71722.482813
7585.0,1239,71741.74405
16597.0,2271,71779.121475
9510.0,1917,71808.336025
13354.0,1746,71837.215737
19843.0,2405,71874.525387
13701.0,1418,71896.068764
16302.0,2069,71929.080728
8653.0,1396,71959.42862
1610.0,492,71966.423423
7808.0,1078,71982.976153
5510.0,992,71998.352932
9707.0,1341,72019.133301
18276.0,2417,72052.852294
12712.0,1897,72082.04712
11785.0,1579,72103.468319
17086.0,1810,72129.034362
16400.0,1780,72157.73154
9349.0,1627,72182.469307
6873.0,1291,72201.96041
8019.0,1385,72224.604504
5210.0,801,72236.116989
5298.0,1249,72255.255899
7039.0,1464,72276.228022
16538.0,1910,72306.488592
2024.0,582,72315.460137
6917.0,1053,72332.281412
9862.0,1327,72363.060106
12144.0,1834,72392.593061
4794.0,1073,72407.019519
9034.0,1073,72422.272084
4831.0,847,72434.413712
14181.0,1705,72460.939293
14411.0,2545,72500.202252
6444.0,1463,72521.206247
24750.0,2900,72567.102713
5191.0,857,72579.272415
9905.0,1212,72598.366453
8892.0,1265,72617.688893
8202.0,1142,72634.58473
8794.0,1336,72655.390882
12286.0,1514,72678.961747
14965.0,1918,72708.498867
2953.0,1023,72724.765467
7953.0,1527,72756.66679
8380.0,1147,72773.821031
7975.0,1692,72797.645848
2089.0,660,72807.393201
16866.0,2119,72839.9191
23025.0,2987,72883.728587
13512.0,1986,72914.113586
5315.0,1078,72930.478008
8639.0,1263,72950.168383
11426.0,2366,72986.130591
6412.0,1101,73002.994717
5268.0,1396,73024.176053
26081.0,3505,73078.143313
8231.0,1552,73099.687466
5762.0,1792,73127.438717
17139.0,2358,73175.86954
8217.0,1314,73196.1184
4409.0,736,73206.131021
8546.0,1083,73221.554721
12483.0,1792,73247.846303
14186.0,2135,73280.260266
12517.0,1873,73309.043157
15771.0,3304,73360.901514
8459.0,1314,73380.070279
8560.0,1671,73407.801843
16138.0,2205,73441.357984
16455.0,1739,73468.45589
13779.0,1757,73494.156178
18520.0,2519,73531.905607
15614.0,1505,73563.051647
8893.0,1247,73582.765438
8437.0,1277,73602.358382
3484.0,840,73614.665884
14829.0,2030,73646.856027
14137.0,2648,73687.036515
3121.0,882,73699.575255
9197.0,1385,73720.786407
13918.0,1732,73746.941036
11818.0,1397,73769.163393
5319.0,1197,73787.171972
9198.0,1466,73808.376933
17248.0,2475,73844.604797
14407.0,1780,73869.493572
7723.0,1462,73891.26737
12991.0,1983,73921.017949
7406.0,1250,73946.386821
15939.0,2381,73981.338659
6826.0,1010,73995.187056
5631.0,813,74006.284443
5507.0,1072,74021.675167
5982.0,1188,74039.571427
19488.0,3059,74082.633605
6700.0,1090,74098.997494
7455.0,931,74113.53653
9328.0,1040,74130.014535
4622.0,1298,74148.543362
15943.0,2888,74190.211744
8203.0,1733,74215.963613
6508.0,1250,74233.949342
7514.0,1153,74252.805066
16259.0,2273,74286.097728
8770.0,988,74300.788552
14779.0,2638,74350.799679
12180.0,1536,74373.37896
5108.0,1251,74391.866859
27103.0,2859,74436.329384
24381.0,3330,74483.609571
2242.0,758,74493.860497
10235.0,1227,74512.570475
6806.0,891,74524.679195
16342.0,2131,74556.84738
7425.0,1511,74578.7938
6181.0,1146,74595.835268
6355.0,826,74608.479246
5704.0,999,74622.595335
12435.0,1614,74647.79487
3167.0,579,74656.289073
14997.0,1719,74682.487901
8383.0,1335,74701.314829
8902.0,1470,74731.576775
5417.0,961,74745.75097
7536.0,1077,74759.789082
7119.0,811,74771.264413
16342.0,2230,74804.206753
15103.0,2780,74846.907377
4750.0,1033,74863.060853
8101.0,1242,74880.356449
19648.0,2732,74920.723384
15630.0,2448,74957.695544
16575.0,2120,74987.357022
6857.0,1165,75004.695919
12252.0,1665,75031.335306
9032.0,1524,75055.013294
7002.0,1014,75068.6413
14729.0,2166,75099.294479
10514.0,1482,75130.895162
14579.0,1811,75159.673439
9518.0,1214,75177.354175
9650.0,1033,75193.595128
9623.0,1328,75214.206246
18172.0,2396,75249.458236
7330.0,1203,75265.976809
16207.0,2384,75298.825548
14910.0,2228,75333.940789
7792.0,1133,75349.777038
869.0,599,75357.214331
6890.0,1567,75380.716829
17960.0,2375,75416.966177
6810.0,1154,75434.399169
6974.0,974,75448.318996
28168.0,3060,75494.670404
6761.0,891,75517.158564
17750.0,2294,75551.433
16907.0,2821,75591.745189
12095.0,1739,75618.472754
9780.0,1420,75639.447646
4145.0,1269,75657.589858
27782.0,3330,75707.168618
2862.0,595,75715.107297
19586.0,3089,75759.032402
4186.0,654,75768.701744
32736.0,3792,75826.040117
15093.0,2441,75862.648386
12324.0,1427,75882.868867
18980.0,2176,75924.515368
19308.0,2660,75962.974491
15460.0,1942,75989.790306
12988.0,1700,76013.936631
9811.0,1311,76030.983984
2858.0,708,76039.977058
2665.0,754,76050.137066
15163.0,1984,76077.010081
6166.0,1480,76097.692567
8976.0,1534,76118.889953
9233.0,1478,76139.656453
3061.0,563,76147.327621
21748.0,3119,76193.490404
12568.0,1957,76223.768991
9847.0,1595,76248.415932
18533.0,1991,76287.38689
7007.0,1190,76305.087298
9500.0,1682,76329.948378
8956.0,1471,76350.233033
12560.0,1826,76377.788568
15389.0,1912,76405.212144
9657.0,1300,76423.769668
6070.0,1489,76444.439024
10729.0,1333,76464.955054
12755.0,1814,76489.882189
9192.0,1334,76507.343367
9683.0,1739,76529.849124
12863.0,1691,76552.962306
4933.0,1241,76569.744142
13868.0,1864,76599.216372
8369.0,1042,76615.28473
5436.0,1390,76633.999333
14345.0,2038,76669.902222
18151.0,2351,76706.317311
7057.0,1100,76722.270262
7701.0,1238,76738.55794
8292.0,1277,76756.160256
6448.0,759,76766.058592
2299.0,930,76778.066317
17718.0,2253,76809.131966
8812.0,1368,76828.420292
9416.0,1266,76847.734149
6239.0,1003,76863.026536
6218.0,1418,76882.299851
8392.0,1726,76908.237689
13311.0,1734,76931.537287
11856.0,1467,76953.449188
6759.0,1194,76969.592256
9196.0,1266,76987.190048
19843.0,2673,77035.209296
15476.0,1795,77061.757887
6229.0,1140,77079.058987
8776.0,1159,77095.345603
6353.0,1084,77110.473508
4425.0,1425,77129.915309
13832.0,1545,77151.652039
6874.0,1464,77171.765244
9679.0,1521,77193.32823
6103.0,1078,77208.244536
13854.0,2154,77239.351425
18788.0,2831,77279.265226
5681.0,926,77292.806639
7921.0,1144,77308.657144
7241.0,954,77322.030498
13254.0,1853,77348.198281
18185.0,2384,77385.342695
16315.0,1868,77421.974563
16744.0,1808,77446.875686
17245.0,1995,77474.606569
13080.0,2477,77511.993119
9611.0,1792,77537.095933
17081.0,2013,77564.342443
13503.0,1980,77590.787254
3185.0,902,77603.298712
18196.0,2275,77634.946551
10995.0,1824,77661.825227
16263.0,2301,77694.758974
6472.0,1061,77710.197155
9841.0,1078,77725.627321
7281.0,1019,77740.397535
5686.0,1271,77757.34821
19513.0,2026,77795.664109
18352.0,2114,77828.183787
6202.0,1175,77844.038216
7794.0,1607,77866.3069
17175.0,1775,77893.096245
16128.0,2292,77926.902817
8095.0,1395,77946.566108
14871.0,1611,77969.614463
7303.0,1148,77984.622087
13069.0,2109,78014.901082
16513.0,2196,78046.866263
8887.0,1454,78067.339095
8476.0,1762,78092.92939
4810.0,1150,78108.72135
22541.0,2732,78149.886962
16481.0,2182,78194.052546
8094.0,1274,78212.186498
4580.0,789,78222.973309
17033.0,1867,78248.207941
7959.0,1296,78266.914771
9876.0,1447,78287.113666
14404.0,2297,78322.176045
4128.0,953,78334.690174
18001.0,2582,78371.962276
8909.0,1370,78392.533248
3007.0,810,78403.146988
7418.0,956,78417.681272
15479.0,1857,78444.313635
12760.0,1436,78463.980608
9588.0,1478,78484.028937
28910.0,3782,78546.519287
15942.0,1906,78571.055736
8930.0,1523,78591.662418
2991.0,817,78602.336962
16249.0,1977,78630.638282
17106.0,2746,78673.312788
12970.0,2112,78704.88626
16382.0,2068,78735.362792
3779.0,1009,78750.307269
6309.0,1212,78768.637697
26885.0,3545,78816.666834
2726.0,738,78827.077835
16390.0,2187,78858.149218
7442.0,1486,78878.211083
14532.0,2018,78913.725216
25613.0,3164,78959.465949
13607.0,2227,78992.445866
8192.0,1110,79007.895191
22659.0,2529,79044.900069
3693.0,860,79056.981432
17662.0,2342,79090.828016
8647.0,1862,79118.031095
6575.0,1012,79133.141494
13878.0,2244,79162.649471
7865.0,1225,79179.311761
16731.0,2707,79219.682257
15342.0,1778,79244.166165
5923.0,1047,79257.787848
16509.0,2065,79296.782436
14854.0,2103,79325.716238
6743.0,1195,79343.080626
16913.0,1949,79371.822407
5874.0,1064,79387.215164
9708.0,1908,79413.307067
8308.0,1432,79434.417876
4623.0,1049,79448.729883
9882.0,1297,79466.134119
17171.0,2666,79501.965935
3711.0,1070,79515.355486
27255.0,3157,79557.976008
9724.0,1359,79577.773161
4600.0,900,79590.089939
16187.0,2768,79631.275605
9155.0,1360,79649.900872
8126.0,1156,79678.972819
8610.0,1326,79699.518144
7757.0,1477,79721.867074
3716.0,794,79733.144688
8318.0,1757,79759.348
16009.0,1665,79783.714465
15540.0,1967,79810.747272
6992.0,983,79825.630648
5018.0,665,79833.774233
12669.0,1749,79859.565316
9746.0,1621,79880.840884
7887.0,1209,79898.546757
22770.0,2234,79931.425406
9000.0,1143,79948.290607
7118.0,1177,79966.525452
14989.0,1729,79988.829024
4173.0,571,79996.210608
4466.0,1016,80011.176307
7786.0,1023,80024.978046
6155.0,827,80041.282954
13734.0,2094,80069.176391
5430.0,1016,80082.757269
6653.0,1036,80098.282845
13069.0,1608,80119.153261
8456.0,1082,80134.37906
6504.0,1145,80149.196396
15363.0,1989,80177.5073
9647.0,1817,80203.818455
16823.0,2132,80234.573131
18213.0,2242,80264.124241
4879.0,695,80273.423673
4602.0,721,80283.631799
5396.0,1205,80299.815856
8355.0,1246,80315.9482
2764.0,756,80326.047931
13499.0,1918,80353.575825
6663.0,945,80365.63423
22993.0,3587,80424.82968
13579.0,1883,80450.389919
7878.0,1234,80466.72336
5011.0,885,80478.143083
7718.0,1048,80491.405828
9901.0,1630,80514.646359
11325.0,1255,80532.861387
9569.0,1790,80558.347676
8026.0,1325,80577.415062
6640.0,917,80590.931745
11691.0,1745,80614.966827
19515.0,2118,80643.708445
19935.0,2124,80670.543468
5566.0,1207,80686.969251
16647.0,1785,80711.743536
6614.0,1401,80731.280039
16230.0,1896,80757.046342
17738.0,1984,80794.763584
22292.0,2506,80831.493736
19410.0,2423,80864.411581
12990.0,1720,80890.18786
16730.0,2952,80931.02202
16901.0,2480,80966.996111
2577.0,660,80975.637339
13263.0,2262,81007.459481
16847.0,2082,81034.337293
13468.0,2128,81062.42981
6885.0,1465,81080.380393
7916.0,1144,81095.075413
5360.0,1031,81109.498798
14051.0,2149,81150.632467
5319.0,1230,81167.81571
3352.0,718,81176.442455
8921.0,998,81191.181967
16864.0,2252,81223.815389
9797.0,1551,81246.166464
8576.0,1347,81263.352634
25717.0,2959,81300.540155
5209.0,1315,81319.976479
7498.0,1297,81337.601437
18432.0,2287,81369.908771
7392.0,1458,81389.516939
19317.0,2662,81426.263261
15405.0,2357,81457.092314
15233.0,2061,81485.487502
9287.0,1406,81513.195113
16922.0,2231,81545.587183
4067.0,764,81555.384172
18533.0,2178,81585.516867
9315.0,1370,81604.625379
13126.0,2072,81632.57488
16183.0,2438,81666.517633
14861.0,1891,81690.69968
16598.0,2342,81720.292937
2121.0,637,81728.261371
11364.0,1628,81751.507821
19607.0,3066,81792.82917
9231.0,1156,81809.674553
16447.0,2455,81841.764771
