#{"t_start": 1707597674.5119581, "env_id": "ALE/Qbert-v5"}
r,l,t
150.0,333,10.66672
25.0,292,14.282349
125.0,285,19.318982
175.0,349,23.832311
250.0,334,28.878082
600.0,411,35.055485
175.0,327,39.061734
175.0,269,43.306135
600.0,490,49.416511
225.0,324,54.604258
225.0,361,60.23074
125.0,317,64.295902
500.0,387,70.376555
0.0,284,74.062049
200.0,337,80.356802
300.0,385,86.365513
625.0,403,93.961729
225.0,342,99.684915
250.0,429,105.673713
325.0,418,112.618165
175.0,284,117.515657
250.0,299,122.098283
300.0,330,127.43795
250.0,300,131.309065
675.0,419,138.415071
200.0,306,143.026649
250.0,320,148.464421
125.0,339,153.262282
350.0,318,159.138242
525.0,359,164.1703
200.0,310,169.815837
225.0,298,173.552554
325.0,420,180.689989
300.0,442,188.199569
300.0,393,194.055074
300.0,381,199.757728
700.0,521,209.039092
350.0,483,217.255023
175.0,318,221.80437
350.0,418,229.384816
175.0,320,235.213992
275.0,313,239.15283
325.0,383,245.185853
250.0,390,251.188485
250.0,329,256.519508
400.0,402,261.434105
250.0,291,265.838483
450.0,510,274.852541
325.0,434,282.249503
300.0,365,287.845221
400.0,427,294.732773
250.0,355,300.090758
325.0,423,307.041449
200.0,331,312.771233
350.0,379,317.98516
275.0,356,323.314761
300.0,358,327.966492
350.0,370,333.938254
350.0,477,342.38649
225.0,375,347.528641
250.0,309,353.366869
300.0,389,360.640243
275.0,441,366.556055
275.0,419,373.403816
250.0,320,378.649194
200.0,380,384.223074
350.0,353,390.094817
325.0,419,396.928931
325.0,425,403.490149
275.0,400,410.44242
300.0,326,415.334627
700.0,507,423.264129
425.0,549,431.280435
300.0,369,438.075276
650.0,405,444.438609
725.0,550,452.377172
300.0,334,458.103204
600.0,433,465.555846
425.0,500,477.88898
275.0,383,483.542374
600.0,448,490.934267
425.0,451,498.354284
200.0,292,502.683445
225.0,357,509.290391
400.0,447,517.020091
600.0,455,523.474029
275.0,323,529.13499
325.0,475,537.643436
350.0,401,543.886985
350.0,404,551.285323
275.0,404,558.28309
475.0,685,570.161527
425.0,532,579.231701
250.0,408,586.237473
400.0,550,595.435022
600.0,436,601.362748
600.0,338,607.039289
450.0,547,616.882446
625.0,430,623.636246
300.0,379,629.136593
475.0,534,637.509927
625.0,438,644.502239
350.0,357,649.271046
325.0,402,656.115869
475.0,422,663.826864
325.0,412,670.872557
550.0,376,676.592696
675.0,632,687.383157
1200.0,605,698.311183
325.0,415,705.348842
400.0,476,713.70875
600.0,409,721.054655
475.0,495,729.657032
625.0,405,735.644093
275.0,425,742.507095
400.0,412,749.298733
425.0,569,759.288725
650.0,408,765.043586
225.0,293,769.350607
625.0,392,774.180224
750.0,513,782.639149
675.0,445,789.327414
700.0,473,796.829974
625.0,467,804.600781
675.0,414,810.828799
425.0,493,818.889311
625.0,401,825.234829
750.0,499,832.699982
400.0,490,840.490823
775.0,450,846.988787
325.0,406,853.272139
600.0,369,858.865083
425.0,588,868.114832
350.0,378,874.02478
400.0,435,881.263942
350.0,407,887.264256
350.0,309,890.854507
650.0,397,897.454692
525.0,583,906.072172
750.0,733,916.544649
700.0,631,926.328859
275.0,370,932.674848
400.0,438,943.689473
675.0,580,953.044022
400.0,440,958.843445
1250.0,678,969.620006
725.0,574,979.117262
250.0,358,984.179531
750.0,555,992.586877
550.0,495,999.655767
1225.0,673,1011.102264
600.0,402,1017.786618
750.0,568,1027.622975
475.0,524,1036.490894
650.0,523,1045.306933
725.0,537,1054.265168
700.0,660,1065.629626
775.0,568,1074.620082
725.0,449,1081.60147
325.0,322,1085.718163
750.0,502,1094.622152
525.0,595,1104.702977
725.0,483,1111.988948
725.0,543,1121.193017
425.0,585,1131.367507
400.0,326,1135.598112
750.0,480,1143.536004
475.0,505,1151.694453
550.0,708,1163.655361
775.0,560,1173.093354
725.0,461,1180.615752
725.0,442,1187.285809
675.0,430,1193.562736
725.0,429,1200.859461
725.0,455,1208.483751
675.0,443,1215.728999
425.0,472,1222.755676
775.0,538,1230.901728
750.0,580,1239.784727
525.0,564,1247.979744
750.0,498,1256.053638
775.0,627,1267.435225
750.0,643,1279.485921
775.0,581,1289.614408
725.0,622,1300.288128
775.0,537,1309.195751
775.0,514,1316.807056
750.0,555,1325.921031
775.0,624,1336.274297
750.0,709,1348.591087
450.0,397,1353.625129
775.0,612,1363.52259
750.0,510,1370.240273
800.0,590,1378.46747
800.0,572,1386.691074
750.0,527,1398.452782
800.0,595,1406.894872
775.0,554,1416.135993
775.0,512,1424.809402
775.0,495,1433.53237
800.0,583,1442.353047
800.0,584,1450.979131
775.0,644,1461.720193
775.0,527,1470.6766
775.0,519,1479.264604
775.0,497,1487.568013
775.0,465,1495.230236
800.0,593,1504.851318
775.0,580,1513.877739
775.0,520,1522.928683
750.0,458,1530.977966
800.0,476,1538.151474
800.0,564,1547.205022
800.0,593,1556.991719
725.0,485,1565.470276
775.0,553,1575.003405
800.0,479,1583.311065
775.0,491,1591.309684
775.0,436,1598.396921
800.0,540,1608.282122
750.0,483,1615.576116
775.0,448,1622.815152
725.0,480,1629.954055
750.0,497,1637.931857
750.0,478,1645.692385
800.0,493,1653.080882
775.0,495,1660.304719
750.0,549,1670.297193
800.0,558,1679.46075
775.0,510,1688.113446
800.0,537,1697.396631
775.0,655,1707.481056
750.0,569,1715.817343
425.0,484,1723.458533
800.0,481,1731.084631
775.0,437,1738.767348
800.0,515,1747.321952
725.0,448,1754.044112
700.0,406,1760.721848
775.0,469,1768.173141
800.0,510,1775.291804
775.0,465,1781.031096
550.0,601,1790.803059
800.0,579,1801.301286
775.0,428,1807.187261
775.0,486,1814.250681
800.0,531,1822.655105
800.0,529,1831.434758
750.0,495,1840.015214
800.0,458,1847.782974
800.0,633,1861.751031
500.0,522,1870.704335
775.0,623,1880.863989
800.0,637,1891.628095
775.0,465,1899.853176
775.0,618,1910.117457
800.0,588,1918.995473
775.0,539,1927.565775
4050.0,717,1939.788589
750.0,499,1948.056789
750.0,487,1956.22887
775.0,613,1967.030187
800.0,527,1975.577142
800.0,472,1983.250417
575.0,657,1993.398937
750.0,418,1998.934979
775.0,503,2007.06839
775.0,540,2016.085391
800.0,618,2026.531701
550.0,573,2035.656321
725.0,432,2042.421241
800.0,592,2051.625185
775.0,562,2061.676187
800.0,550,2070.593653
750.0,548,2079.14331
575.0,613,2088.529949
4050.0,693,2098.410658
750.0,577,2107.504393
800.0,543,2116.633345
800.0,649,2126.662529
775.0,523,2135.317284
800.0,549,2143.009904
775.0,585,2152.081531
4050.0,605,2162.504031
800.0,500,2170.869401
4050.0,730,2183.336998
800.0,601,2194.081888
1050.0,710,2205.40836
4050.0,692,2216.055081
800.0,515,2225.072252
750.0,487,2233.080715
575.0,523,2241.38151
800.0,618,2251.43895
775.0,538,2260.009934
775.0,437,2265.434783
475.0,513,2273.242751
4050.0,574,2282.589718
800.0,501,2290.160274
800.0,513,2297.624908
4050.0,718,2313.463615
4050.0,550,2322.920969
4050.0,605,2333.219907
775.0,592,2343.010593
4050.0,569,2351.274046
4050.0,608,2360.100981
4050.0,613,2371.046947
400.0,398,2375.788338
800.0,518,2383.187499
750.0,472,2390.160187
800.0,484,2397.107559
800.0,618,2406.76386
775.0,618,2416.013314
725.0,431,2422.977914
800.0,528,2430.61601
4100.0,623,2442.354314
4050.0,580,2451.965278
4050.0,607,2462.198967
800.0,518,2470.867404
800.0,534,2479.502327
750.0,452,2485.818944
800.0,530,2494.468479
775.0,475,2502.024018
1050.0,692,2514.150301
550.0,504,2522.173203
800.0,515,2530.693867
800.0,487,2538.184512
4125.0,598,2548.083123
800.0,491,2556.264365
4225.0,730,2568.780028
4175.0,690,2579.251449
525.0,521,2588.0567
4125.0,684,2598.526302
4050.0,659,2610.256655
3950.0,543,2619.27591
4125.0,609,2628.545892
4050.0,772,2641.150588
4100.0,582,2650.597895
1000.0,592,2660.463335
4075.0,673,2671.226853
500.0,488,2679.253374
800.0,585,2688.291388
275.0,356,2694.201849
800.0,610,2704.578352
3925.0,560,2713.032617
4075.0,676,2724.781494
4175.0,673,2736.479358
275.0,315,2741.243231
4200.0,677,2752.438307
4150.0,853,2770.28378
4175.0,658,2782.252706
4125.0,595,2792.258584
4050.0,655,2803.512094
525.0,620,2813.062776
4150.0,649,2823.830962
4075.0,611,2832.79858
4050.0,595,2841.327014
4125.0,731,2851.898823
450.0,499,2859.512047
4050.0,619,2869.398514
4125.0,664,2881.498436
4100.0,673,2892.624941
400.0,477,2900.517938
575.0,559,2909.407704
4200.0,729,2920.311924
275.0,365,2925.201315
4100.0,615,2936.755518
775.0,555,2945.014585
450.0,525,2952.200434
4175.0,693,2964.963454
775.0,494,2973.18203
4100.0,615,2982.528608
525.0,583,2991.98805
4700.0,748,3004.324577
775.0,635,3015.219773
550.0,623,3025.871163
775.0,493,3034.502732
4075.0,634,3043.88923
4200.0,658,3053.829943
475.0,524,3062.01756
4050.0,577,3071.486596
4200.0,847,3087.314895
4225.0,684,3099.004513
4150.0,643,3109.045283
4175.0,580,3118.705578
3925.0,512,3127.253308
4125.0,744,3138.72688
4200.0,670,3150.9532
4750.0,788,3164.278316
4075.0,674,3175.161581
4250.0,744,3189.35687
800.0,582,3198.312005
4250.0,758,3209.243656
4100.0,582,3221.671051
800.0,520,3229.500296
4175.0,594,3239.684921
775.0,562,3249.174169
4200.0,802,3262.883332
425.0,562,3272.297245
4075.0,633,3282.546897
4200.0,678,3293.405167
4200.0,748,3304.845661
4075.0,629,3315.493527
775.0,636,3326.258661
4050.0,612,3335.155821
475.0,569,3343.967946
4050.0,604,3354.636767
4200.0,742,3367.723977
4200.0,729,3379.765115
4200.0,612,3389.665182
4200.0,763,3403.747758
4150.0,661,3415.112312
4200.0,689,3427.279904
4200.0,673,3437.984244
800.0,524,3445.882596
4225.0,677,3456.287545
350.0,303,3460.857957
4275.0,687,3471.721849
775.0,455,3479.171896
4050.0,588,3489.196919
4050.0,605,3499.351023
800.0,550,3507.839068
4150.0,669,3517.971071
725.0,495,3525.663547
4100.0,643,3536.392564
4175.0,599,3546.145877
4125.0,595,3556.482517
525.0,553,3565.508553
4225.0,691,3576.520062
575.0,614,3587.253884
4150.0,635,3598.347172
4200.0,690,3609.529649
4425.0,735,3621.316258
4125.0,614,3631.553148
4200.0,738,3644.655809
4225.0,771,3657.235079
4300.0,724,3674.191163
775.0,615,3684.37131
4100.0,641,3695.004297
800.0,620,3705.172748
775.0,436,3710.878283
1000.0,565,3720.289372
4125.0,720,3731.470407
4100.0,791,3745.052662
4100.0,713,3756.110684
4800.0,800,3770.093931
4200.0,713,3781.273085
4125.0,616,3790.317737
475.0,618,3799.156066
4225.0,768,3812.377448
4050.0,659,3823.810747
525.0,504,3831.325051
4300.0,837,3844.338312
775.0,753,3857.216023
4175.0,762,3869.89441
4200.0,733,3881.871603
800.0,523,3890.203037
500.0,621,3900.582025
4075.0,693,3911.749902
4200.0,669,3923.221783
4150.0,618,3933.576586
4150.0,616,3944.156292
4200.0,694,3956.238708
800.0,614,3966.210473
550.0,585,3976.220348
4250.0,649,3987.514732
4200.0,782,4001.165411
775.0,440,4008.554987
4125.0,634,4019.107594
800.0,630,4028.74609
3975.0,747,4041.456916
4200.0,632,4051.566678
4050.0,668,4063.868273
375.0,447,4070.344858
4075.0,638,4080.770566
725.0,529,4089.411169
800.0,643,4099.949889
4200.0,768,4114.625663
4250.0,753,4133.856296
4250.0,779,4147.53778
4200.0,635,4157.372738
4750.0,742,4168.165199
600.0,983,4184.203256
550.0,592,4193.25231
4225.0,694,4204.360358
4050.0,619,4214.498307
4125.0,648,4224.0237
4075.0,806,4237.600612
4150.0,591,4246.968792
4050.0,583,4256.782681
4075.0,640,4266.333426
4200.0,698,4277.80889
800.0,581,4286.995209
4300.0,753,4299.547993
4150.0,700,4311.722779
4250.0,731,4324.238652
4050.0,657,4335.073574
4275.0,690,4345.813075
550.0,798,4358.059431
4200.0,685,4369.726147
425.0,410,4376.710253
800.0,632,4387.049356
4300.0,745,4399.356783
4225.0,822,4412.680948
525.0,562,4421.891082
4200.0,608,4431.266695
4200.0,698,4442.767532
4150.0,750,4454.537224
4175.0,607,4463.299648
375.0,379,4467.643721
4725.0,743,4479.911351
4225.0,693,4491.094995
4175.0,677,4501.003947
4175.0,600,4509.63949
4225.0,634,4519.697952
4200.0,714,4530.474568
4225.0,814,4544.816298
4300.0,784,4556.98014
4250.0,692,4569.888076
4225.0,657,4585.856059
4150.0,633,4597.295764
4300.0,724,4607.578136
4225.0,683,4618.440713
4100.0,660,4629.817317
4275.0,660,4640.570208
4100.0,611,4650.648118
4250.0,667,4661.524729
4075.0,605,4671.689033
575.0,661,4682.827902
4350.0,961,4699.830435
4350.0,766,4711.700978
4100.0,638,4723.302957
4125.0,598,4731.879702
3875.0,657,4742.06543
4350.0,730,4754.087223
4100.0,666,4764.074633
3975.0,794,4777.692115
525.0,640,4787.211118
4250.0,700,4798.217986
4225.0,643,4808.945259
4150.0,614,4819.193798
525.0,565,4827.998561
4250.0,731,4839.230154
4175.0,578,4848.396322
4150.0,641,4858.585382
4775.0,1028,4876.981788
4250.0,694,4888.841212
500.0,542,4897.328586
4275.0,706,4908.432973
4100.0,585,4918.860142
4225.0,721,4930.373801
4250.0,799,4944.694687
500.0,593,4953.971295
775.0,530,4962.663284
4275.0,685,4973.332173
575.0,637,4982.264616
4125.0,655,4992.906385
4300.0,723,5005.984838
4300.0,783,5017.720764
4850.0,986,5040.08077
4025.0,734,5052.051166
4250.0,732,5063.996305
4175.0,678,5075.279503
4200.0,632,5085.193881
4225.0,665,5094.779067
4550.0,618,5103.883877
4200.0,645,5113.730827
800.0,487,5120.91149
4050.0,773,5133.204365
4800.0,814,5148.06023
4500.0,606,5158.186712
4250.0,662,5167.982436
500.0,553,5177.258298
4800.0,807,5191.625973
4250.0,724,5204.109465
4125.0,595,5214.320433
4000.0,792,5228.117302
4050.0,830,5242.861079
4300.0,701,5253.990149
4250.0,675,5264.247436
4575.0,787,5276.175458
4300.0,742,5288.19427
4175.0,585,5298.00748
4800.0,816,5311.945998
4225.0,686,5323.301501
4800.0,784,5334.742698
4050.0,840,5349.179335
4250.0,669,5359.245127
4225.0,715,5369.807407
4225.0,774,5383.200495
550.0,588,5392.364807
4525.0,629,5402.659505
225.0,314,5406.47179
4275.0,722,5419.804573
1075.0,895,5435.152122
750.0,396,5441.471522
575.0,579,5451.334692
575.0,711,5462.945976
775.0,625,5473.745779
4450.0,602,5489.333186
4175.0,637,5499.13155
4600.0,781,5512.367421
4275.0,710,5524.466326
850.0,821,5539.786129
4375.0,1028,5556.908721
4275.0,790,5569.691331
4175.0,786,5582.320793
4225.0,669,5593.145653
800.0,610,5602.208566
4150.0,654,5612.804788
4800.0,955,5628.025564
525.0,678,5637.477521
4200.0,726,5648.714885
4550.0,841,5662.243604
4025.0,806,5675.766588
725.0,489,5683.548937
4975.0,832,5697.837528
4225.0,785,5710.534603
750.0,454,5717.26918
4175.0,761,5728.875355
575.0,845,5742.848357
450.0,421,5748.976607
4800.0,1045,5766.907026
3975.0,693,5779.101238
4225.0,708,5790.939565
725.0,565,5799.202567
4300.0,817,5812.648398
4175.0,1050,5828.6348
3900.0,768,5841.416599
4325.0,775,5853.880029
4625.0,958,5869.534906
4400.0,765,5882.022116
4275.0,755,5894.555309
4125.0,824,5908.552279
4300.0,766,5927.298954
4300.0,833,5942.684676
4300.0,698,5954.657331
4475.0,940,5969.916503
4275.0,785,5983.027635
4200.0,1095,6001.827153
725.0,437,6008.138218
4775.0,1172,6027.513833
800.0,539,6036.172254
775.0,498,6042.995907
4300.0,988,6059.110164
4400.0,865,6072.349449
4100.0,858,6086.458823
4375.0,950,6102.120899
4150.0,614,6111.254262
4375.0,799,6124.157351
4450.0,1043,6141.96387
450.0,491,6149.639873
4250.0,715,6160.929474
750.0,459,6168.413028
4350.0,823,6180.975843
4425.0,858,6195.086711
4975.0,1185,6213.272019
4325.0,911,6228.77378
4475.0,895,6242.243462
4750.0,894,6256.625392
4150.0,969,6272.967671
4375.0,853,6286.643843
4425.0,823,6298.804058
4300.0,845,6310.787189
4825.0,875,6326.271573
4325.0,752,6338.096542
4425.0,882,6353.041408
575.0,735,6369.629709
3925.0,710,6380.606411
4950.0,1285,6402.126076
4225.0,699,6413.886558
4375.0,739,6426.446576
4250.0,1093,6443.30353
4375.0,838,6455.906117
4325.0,763,6468.840559
525.0,564,6478.272343
4350.0,855,6492.034246
4500.0,983,6508.386059
4425.0,1009,6525.693175
4300.0,775,6538.56285
4950.0,1070,6556.510374
4400.0,868,6571.002773
4925.0,978,6585.850102
4450.0,1047,6602.211083
4475.0,843,6615.826479
4375.0,889,6631.180699
4375.0,919,6644.130772
4925.0,875,6657.6565
4500.0,1014,6674.962522
4450.0,927,6691.090854
4475.0,815,6703.289548
5025.0,1165,6722.805417
7825.0,1017,6739.776036
4425.0,893,6755.289842
4450.0,897,6767.890063
4750.0,973,6783.887478
4375.0,831,6798.101558
4275.0,777,6817.262027
4375.0,968,6833.174245
675.0,513,6841.39927
5000.0,976,6856.708844
4475.0,991,6872.16345
4525.0,892,6887.152502
4500.0,857,6900.258431
4950.0,933,6915.630677
4375.0,786,6929.169528
4475.0,995,6945.513402
775.0,480,6953.690105
4400.0,942,6969.531147
550.0,594,6978.545414
4425.0,952,6996.155384
4525.0,1006,7012.411971
4350.0,1115,7031.435296
4950.0,968,7046.741076
4950.0,1083,7064.2392
4950.0,959,7080.949747
4450.0,927,7096.83318
4375.0,786,7108.106586
4450.0,905,7123.257362
4550.0,966,7138.394809
4450.0,955,7152.819106
5025.0,1043,7169.538336
4425.0,904,7185.002213
4825.0,1063,7200.840196
4425.0,940,7216.342319
4400.0,1017,7232.591588
4450.0,952,7256.180787
4500.0,1087,7274.254232
4375.0,962,7290.260918
4425.0,978,7306.307649
5000.0,1060,7323.968277
4425.0,944,7338.205116
4275.0,672,7349.256799
4475.0,958,7364.355602
7775.0,1080,7382.391812
4750.0,857,7395.766359
5275.0,1061,7413.428207
4650.0,852,7428.16304
7950.0,1385,7450.77897
4575.0,930,7464.80296
4750.0,993,7480.536329
4750.0,963,7497.33144
550.0,600,7506.617744
4350.0,846,7520.285566
4450.0,1052,7537.933959
4875.0,1286,7558.678722
5300.0,1240,7579.906711
4400.0,995,7596.460421
4475.0,971,7613.802031
8325.0,1187,7633.334136
4425.0,1016,7650.358875
5050.0,1032,7667.252564
4450.0,905,7680.545887
4625.0,1111,7706.048247
4425.0,983,7723.035834
4775.0,1200,7743.45023
5025.0,1092,7761.623381
4450.0,843,7775.236895
4800.0,797,7787.725523
4800.0,1090,7805.668149
7825.0,1079,7824.129147
4400.0,926,7838.83751
4100.0,656,7849.009429
4475.0,860,7863.204235
8375.0,1328,7883.944914
4525.0,1030,7901.765258
4500.0,950,7916.760677
4825.0,980,7933.559766
4475.0,1009,7949.820526
8150.0,1311,7970.989214
4350.0,882,7984.999157
8150.0,1305,8005.107541
4400.0,956,8020.922581
8150.0,1553,8046.42648
5025.0,1514,8073.18592
4425.0,936,8086.411732
8100.0,957,8102.798515
4400.0,1027,8119.00801
4400.0,973,8142.967492
8100.0,1414,8166.301559
4750.0,1204,8186.36282
4425.0,1016,8201.911931
4875.0,960,8216.492713
4350.0,765,8229.638935
4775.0,881,8243.171966
8875.0,1033,8261.218031
8575.0,1280,8281.914576
7650.0,993,8297.34289
400.0,610,8307.371441
7900.0,1252,8329.53306
7950.0,1228,8349.533499
8425.0,1142,8366.521977
4475.0,971,8383.068182
8525.0,1251,8402.651053
4375.0,743,8415.768822
250.0,357,8420.053258
4375.0,886,8434.196286
4400.0,891,8448.091266
7975.0,1146,8465.092338
4500.0,925,8478.756267
7875.0,1067,8495.636132
4500.0,1127,8514.434277
8500.0,1233,8536.651426
800.0,753,8548.853085
8125.0,1092,8575.052659
8150.0,1061,8590.801681
4500.0,1122,8608.711777
4250.0,692,8619.445289
7800.0,1108,8636.946942
8675.0,1330,8658.982768
7875.0,1041,8675.5335
5275.0,1128,8694.741419
8450.0,1320,8716.059651
8500.0,1308,8738.758834
8625.0,1545,8764.221432
7925.0,1100,8782.952714
8400.0,1120,8802.415575
8100.0,1195,8822.010639
4200.0,718,8832.810559
4325.0,765,8845.270311
8250.0,1220,8865.382926
4825.0,1013,8882.067716
8550.0,1438,8906.268868
4475.0,962,8922.569883
8350.0,1105,8941.695989
9000.0,1462,8965.899935
8050.0,1161,8984.779754
4500.0,1006,9009.575945
4425.0,924,9025.126418
4550.0,1101,9043.522496
4800.0,923,9058.936908
8050.0,1158,9077.460505
4375.0,754,9088.61151
8375.0,1480,9113.303956
150.0,403,9118.037491
4775.0,1160,9138.334156
12225.0,1556,9165.157806
4425.0,977,9181.273583
4925.0,963,9197.919134
4500.0,933,9212.71659
4550.0,1351,9235.566972
8575.0,1525,9261.369216
4500.0,1039,9277.385353
4750.0,1025,9294.04038
8000.0,1294,9315.997102
7950.0,1178,9336.444103
8125.0,1028,9351.288721
12300.0,1617,9376.44067
8225.0,1066,9394.206122
8125.0,1212,9414.128973
8325.0,1109,9432.719629
12175.0,1533,9466.958565
8550.0,1247,9486.614067
8050.0,1258,9507.513151
150.0,530,9515.207194
4800.0,1027,9530.247944
8650.0,1555,9557.164335
12650.0,1667,9583.330408
800.0,803,9597.521302
8800.0,1492,9623.168619
4725.0,857,9635.616105
4100.0,648,9645.1537
4450.0,1021,9661.012116
4450.0,1037,9676.201483
8950.0,1750,9703.333717
9350.0,1395,9725.815703
4525.0,817,9738.937522
8025.0,1151,9758.516741
4975.0,996,9774.719008
8450.0,1591,9801.497645
8375.0,1318,9821.14345
8425.0,1398,9845.300689
8350.0,1542,9871.163076
4500.0,994,9896.288893
4925.0,1358,9917.567727
4825.0,1077,9934.925978
12525.0,1415,9958.71363
7975.0,1233,9976.677461
4375.0,878,9989.188554
8375.0,1247,10010.612222
5325.0,1733,10039.644659
4375.0,943,10056.072483
150.0,326,10060.311985
8550.0,1305,10083.293758
4400.0,846,10095.098088
4525.0,904,10108.446427
8050.0,1153,10126.185904
11450.0,1585,10152.77818
5000.0,1040,10169.604082
5050.0,1017,10185.158768
8100.0,1298,10205.932024
8625.0,1497,10230.046468
8350.0,1162,10247.543837
8075.0,1175,10267.550007
4400.0,805,10281.150141
4850.0,846,10293.921304
350.0,660,10304.336928
8475.0,1353,10335.148553
8650.0,1424,10358.902347
8400.0,1399,10381.121284
8300.0,1261,10402.849465
550.0,633,10413.153831
800.0,573,10421.834684
8250.0,1216,10441.633044
8075.0,1283,10461.244478
5225.0,904,10475.264917
12400.0,1816,10503.548078
4250.0,820,10517.017519
11950.0,1643,10543.942603
11200.0,1293,10563.698363
8125.0,1366,10586.111072
8125.0,1385,10609.008278
12825.0,2058,10642.640145
8600.0,1231,10663.967773
4500.0,835,10677.098844
8075.0,1276,10699.253754
15750.0,2046,10731.504446
12000.0,1673,10771.594184
8625.0,1423,10791.772752
7950.0,1133,10809.907088
11725.0,1677,10836.349168
8075.0,1377,10858.479347
8075.0,1196,10878.199054
11475.0,1617,10906.868769
11525.0,1386,10928.827773
12600.0,1728,10954.422735
8650.0,1431,10978.413367
11575.0,1668,11004.654402
8125.0,1300,11026.420912
8625.0,1332,11047.455202
11400.0,1505,11073.608189
8650.0,1354,11095.079915
8000.0,1052,11111.674656
8175.0,1333,11136.169616
4950.0,839,11148.156157
7950.0,1335,11170.618968
12025.0,1478,11206.711401
12150.0,1593,11232.801925
8000.0,1128,11250.282694
8125.0,1296,11271.916545
12000.0,1401,11294.691256
12025.0,1481,11318.198186
4350.0,846,11332.40133
11925.0,1337,11354.161165
8425.0,1205,11374.530292
8375.0,1345,11395.372359
11825.0,1279,11416.684119
800.0,539,11425.006517
11475.0,1563,11450.175974
7950.0,945,11465.742559
12325.0,1785,11495.680812
8650.0,1274,11515.782723
12250.0,1644,11544.111614
775.0,566,11552.859849
4375.0,969,11568.455226
8675.0,1424,11590.778475
8250.0,1225,11612.421316
12250.0,1578,11650.391785
12150.0,1502,11673.192249
8350.0,1075,11690.003245
8525.0,1256,11709.543378
8650.0,1334,11728.851145
7950.0,1134,11746.872707
12200.0,1592,11772.950019
12225.0,1642,11798.674454
12325.0,1988,11830.833584
15625.0,1740,11858.743152
12050.0,1672,11886.433587
12100.0,1501,11911.117003
8325.0,1126,11930.322756
12150.0,1447,11954.093529
12250.0,1738,11983.528643
12275.0,1668,12010.512979
12150.0,1398,12031.076657
4450.0,885,12057.56643
7925.0,1204,12076.969455
800.0,663,12087.360939
4875.0,1033,12103.657087
15625.0,1880,12134.371276
4400.0,622,12144.240529
5075.0,1281,12163.103137
12225.0,1583,12188.54225
4450.0,943,12203.596521
4825.0,1093,12222.525274
12125.0,1705,12251.704834
12225.0,1649,12278.316653
4200.0,707,12290.913676
15700.0,1970,12322.401099
11975.0,1545,12347.893189
16300.0,2140,12382.333415
8850.0,1161,12401.755123
15600.0,1908,12433.518464
8375.0,1622,12458.64732
12200.0,1450,12494.962003
15925.0,1889,12526.245593
12050.0,1375,12548.985779
12775.0,1757,12576.367053
15725.0,2165,12610.342016
8125.0,1021,12626.538819
15575.0,1803,12656.772857
12325.0,1915,12686.221796
12150.0,1621,12713.543516
12275.0,1606,12739.505831
4925.0,986,12757.035654
7950.0,1358,12779.409738
8075.0,969,12794.476456
150.0,499,12801.774763
15650.0,1817,12830.900385
15600.0,1794,12859.514421
16200.0,2020,12893.908886
15700.0,2094,12940.45721
15600.0,1831,12969.790552
8650.0,1740,12996.743332
12700.0,1767,13027.033346
15725.0,1802,13054.709212
12250.0,1761,13084.177092
775.0,684,13094.324878
4825.0,987,13110.62492
15775.0,1957,13140.759919
4350.0,925,13156.336158
15825.0,2073,13187.897855
7925.0,1066,13205.833962
15575.0,1735,13235.56279
8650.0,1207,13256.243511
15725.0,1885,13287.805955
15725.0,2234,13325.313601
8550.0,1255,13345.60838
16175.0,1934,13391.102306
8350.0,1273,13410.323601
11600.0,1750,13438.899167
12175.0,1593,13465.670069
4750.0,989,13482.080901
4775.0,1052,13499.722482
12225.0,1563,13523.321413
16450.0,2281,13561.710424
15650.0,1805,13590.813793
750.0,613,13600.637909
15775.0,1874,13630.707617
16400.0,2213,13666.41186
250.0,453,13672.490844
11400.0,1485,13696.965769
15525.0,1741,13725.004831
15525.0,1941,13756.164956
11675.0,1635,13785.079778
15950.0,2136,13835.369694
15825.0,2056,13869.5728
15425.0,1630,13897.045132
12225.0,1594,13924.385155
15725.0,1963,13956.839206
16000.0,2170,13992.852781
15500.0,1908,14024.595181
15725.0,1912,14057.147717
12800.0,2048,14092.379779
15525.0,1775,14120.282899
15525.0,1872,14151.128294
15675.0,2053,14186.770146
15550.0,1736,14214.867365
4850.0,1198,14246.860331
4425.0,1004,14263.728174
16300.0,2197,14300.010982
12250.0,1543,14326.409494
16225.0,2157,14363.448697
15725.0,1953,14395.158945
15950.0,2409,14436.010549
16300.0,2101,14470.747399
7925.0,1075,14488.911419
16000.0,2390,14526.251193
12275.0,1620,14551.889966
15850.0,2055,14585.728631
15825.0,2017,14617.303959
15725.0,2191,14653.43256
16025.0,1838,14701.294707
15675.0,1835,14730.27153
15850.0,1996,14763.468483
15525.0,2082,14798.730799
15825.0,2030,14832.879232
15425.0,1742,14859.937531
15625.0,1828,14890.884666
16475.0,2331,14931.639547
15650.0,2186,14969.829774
15650.0,1861,14997.848953
4400.0,927,15011.014657
15600.0,1778,15038.790719
15550.0,2100,15074.583613
15575.0,1948,15107.617549
15750.0,1960,15152.103081
15875.0,2154,15186.404587
15525.0,1704,15214.675537
4525.0,1000,15230.961292
4325.0,816,15243.659065
15800.0,1998,15274.784833
4250.0,690,15285.117921
8500.0,1209,15304.142465
750.0,561,15313.001051
15550.0,1793,15341.141326
4475.0,860,15356.280338
8625.0,1250,15376.136608
7925.0,1065,15392.796499
15775.0,1911,15425.480095
475.0,550,15433.99069
15900.0,2042,15464.765304
12775.0,1666,15491.612495
8050.0,1179,15511.787893
15575.0,1836,15541.612646
15575.0,1763,15584.063668
15825.0,1949,15616.739975
15825.0,2118,15652.532018
15850.0,2131,15685.652404
15625.0,1870,15717.302749
15525.0,1728,15743.692389
4775.0,1168,15761.922911
15675.0,1790,15790.657229
15650.0,1805,15820.273794
15950.0,2240,15858.789908
15800.0,2073,15894.538716
16000.0,2324,15934.112968
19200.0,2342,15971.719186
8350.0,1321,16008.061482
15700.0,1821,16039.345616
8100.0,1253,16058.034636
15725.0,1948,16090.223362
16300.0,2077,16124.791021
15500.0,1676,16152.998779
15875.0,2121,16186.51728
15825.0,2056,16219.481206
15700.0,2060,16253.52271
8025.0,1130,16270.348604
8825.0,1227,16290.920681
15575.0,1820,16320.984446
12725.0,1759,16348.604717
15725.0,1945,16379.9821
19250.0,2422,16433.301937
15725.0,1939,16466.573942
15725.0,2091,16501.520001
15725.0,2014,16534.630665
4775.0,814,16547.458004
16000.0,2261,16584.457109
15600.0,1768,16612.008891
15700.0,1865,16643.268608
15650.0,1795,16672.061884
15600.0,1708,16700.741913
12225.0,1817,16731.199366
8100.0,1188,16751.415704
15800.0,1967,16783.228417
15675.0,1916,16815.892989
16250.0,2078,16851.53379
15550.0,1774,16895.701797
15625.0,1891,16928.929226
15600.0,1739,16956.165342
4300.0,892,16970.202686
8400.0,1750,16998.744875
15725.0,1995,17031.721325
15875.0,2223,17065.900844
15625.0,1772,17096.202662
15725.0,1882,17126.619912
16075.0,2031,17160.057136
15750.0,1936,17191.458503
15900.0,2226,17228.527357
8000.0,1280,17249.08613
15700.0,1778,17279.400156
15925.0,2047,17330.16602
16350.0,2157,17364.48607
8675.0,1535,17390.274286
12275.0,1772,17419.326241
15900.0,2286,17456.246034
15825.0,2058,17488.277879
425.0,722,17500.364119
15950.0,2112,17535.003415
8650.0,1625,17561.374429
15700.0,1824,17591.579274
15725.0,1850,17622.086487
15700.0,1901,17654.264948
8550.0,1315,17677.074479
15100.0,1846,17708.434035
16000.0,2122,17756.010864
15750.0,2061,17789.914629
8050.0,1152,17808.430078
15600.0,1688,17834.849338
12225.0,1693,17863.98337
15650.0,1769,17890.222686
15900.0,2344,17928.02313
15775.0,1951,17959.049325
15875.0,2206,17994.227718
16000.0,2325,18033.10726
15825.0,2028,18068.32969
15850.0,2232,18104.684936
15700.0,1815,18133.627508
15875.0,2090,18167.539108
15875.0,2200,18216.350192
19300.0,2684,18261.589873
15850.0,2333,18300.810207
8425.0,1273,18321.120886
15650.0,1973,18354.231001
16425.0,2155,18391.104037
16325.0,2315,18427.970704
15850.0,2300,18466.726696
15800.0,2188,18501.889534
15975.0,1809,18530.542165
12050.0,1690,18558.273787
15800.0,2007,18591.21887
15525.0,1701,18633.04757
16325.0,2066,18667.692617
8350.0,1142,18684.501219
15625.0,1783,18711.555277
16400.0,2381,18750.316768
16350.0,2214,18788.344837
16400.0,2177,18823.469807
15900.0,2260,18859.142676
15775.0,2056,18893.713955
15675.0,1828,18923.845822
15800.0,1966,18956.413595
15475.0,1652,18984.894683
15875.0,2080,19018.669291
150.0,410,19024.816885
15850.0,2018,19069.644238
15875.0,2165,19103.661745
15625.0,1835,19131.739656
15600.0,1870,19162.163843
15750.0,1975,19195.840862
19675.0,2631,19241.779864
7800.0,1024,19258.779985
19825.0,2577,19301.93596
16400.0,2705,19344.140805
19625.0,2591,19387.645754
15900.0,2400,19425.081921
15825.0,2260,19462.660929
16350.0,2377,19512.924861
15900.0,2244,19547.535914
9425.0,1407,19570.156895
15750.0,1998,19601.959347
15875.0,1866,19632.480833
15900.0,2211,19669.43064
19700.0,2608,19713.296117
15900.0,2088,19746.16252
19800.0,2541,19788.539378
11425.0,1297,19811.531091
15875.0,2135,19846.957136
19075.0,2566,19890.139414
16325.0,2255,19943.701525
16250.0,2090,19979.050781
15775.0,1939,20010.924745
15900.0,2218,20047.105751
15900.0,2103,20081.938391
15875.0,2130,20118.579895
16275.0,1948,20151.496269
15900.0,2145,20187.158222
8100.0,1447,20211.873684
15875.0,2142,20248.237273
15800.0,1863,20280.637185
16375.0,2190,20315.968508
15675.0,1817,20345.234001
15450.0,1706,20384.681305
16175.0,1896,20415.904845
4450.0,1098,20433.390702
15950.0,2037,20466.886533
15875.0,2152,20501.898758
19175.0,2465,20544.44437
16500.0,2755,20586.527566
19175.0,2551,20627.59901
15900.0,2032,20660.634773
15475.0,1576,20684.499226
15875.0,2047,20715.763517
16000.0,2190,20753.029188
8650.0,1767,20781.328357
15800.0,2140,20827.669292
12125.0,1617,20856.230244
19650.0,2424,20896.718859
16400.0,2351,20935.405183
8500.0,1242,20956.409379
16400.0,2232,20992.777717
15825.0,1875,21024.984222
15875.0,2142,21062.128994
8025.0,1436,21085.917677
15825.0,2095,21122.740814
8025.0,1365,21146.274312
15875.0,2391,21184.45606
16600.0,2577,21237.061422
15650.0,1754,21266.539111
19675.0,2626,21308.530182
15900.0,2285,21344.454662
15875.0,2155,21381.921889
15900.0,2195,21417.94555
3925.0,681,21429.921921
19700.0,2717,21474.845208
15875.0,2043,21508.206364
19575.0,2418,21549.468422
19150.0,2617,21588.633631
15875.0,2184,21622.647401
15800.0,2063,21671.63248
12175.0,1890,21699.930737
15425.0,1746,21725.965634
8225.0,1068,21742.301799
4400.0,975,21756.965036
15800.0,2055,21791.128297
15900.0,1957,21825.298235
16375.0,2205,21861.774387
15775.0,1956,21896.14494
15875.0,2145,21931.394555
15925.0,2148,21969.006902
19200.0,2537,22010.332421
15825.0,1970,22039.704938
19125.0,2453,22079.67058
16500.0,2675,22136.500918
16400.0,2492,22179.128307
15900.0,2311,22218.024071
19675.0,2904,22266.97043
15825.0,2056,22302.544593
16000.0,2092,22337.658558
15850.0,2125,22372.544919
12025.0,1351,22392.793983
16375.0,2316,22429.661447
19925.0,2628,22470.416216
8450.0,1115,22487.170934
16500.0,2406,22543.276865
15650.0,1782,22573.044201
11975.0,1529,22596.35037
20550.0,2997,22645.49538
15875.0,2151,22679.173907
15800.0,1871,22710.356708
175.0,451,22717.439852
19800.0,2700,22761.657701
4825.0,988,22776.10538
3925.0,559,22784.247642
19700.0,2512,22824.645684
750.0,491,22832.422934
775.0,538,22841.525245
16400.0,2325,22880.251882
16375.0,2263,22918.310652
12725.0,1781,22946.074671
15850.0,2043,22993.560671
16250.0,2025,23028.141768
19825.0,2755,23070.914271
15650.0,1815,23101.451976
16400.0,2155,23135.676429
19925.0,2519,23176.947106
19250.0,2418,23215.533563
19650.0,2481,23255.058245
15875.0,2017,23288.915122
20600.0,2876,23336.758573
15750.0,1995,23371.741516
15850.0,2156,23422.567194
19600.0,2515,23465.031052
20350.0,2607,23508.878448
16250.0,2002,23539.762404
19675.0,2690,23582.523447
4450.0,838,23596.349671
8025.0,1095,23612.933308
8350.0,1271,23634.768849
16000.0,2145,23669.775763
4400.0,788,23682.118134
20725.0,2676,23726.859125
20225.0,2791,23770.116125
350.0,437,23775.576294
12825.0,1951,23806.182514
19625.0,2641,23861.302319
15850.0,2185,23898.433039
15600.0,1774,23927.905627
8500.0,1253,23946.928973
7950.0,1084,23963.247733
19950.0,2642,24005.219862
15750.0,1975,24038.239256
16400.0,2705,24081.571091
16375.0,2232,24115.69526
19675.0,2501,24157.773542
16375.0,2192,24190.621778
19700.0,2440,24232.673229
15850.0,2098,24282.982934
19725.0,2556,24326.517586
15975.0,2373,24365.360341
19800.0,2490,24405.87964
20725.0,3130,24458.908782
21000.0,3168,24513.267067
19575.0,2360,24554.997225
15875.0,2153,24591.789755
19800.0,2611,24635.973942
19975.0,2834,24684.699662
16400.0,2057,24733.199896
15825.0,2190,24769.677263
16500.0,2470,24811.379426
16500.0,2436,24851.631872
19225.0,2566,24891.211148
15875.0,2395,24930.075897
19900.0,2524,24970.932749
16350.0,2123,25006.124099
16500.0,2483,25046.832481
19850.0,2603,25090.364681
15825.0,1978,25124.018541
15900.0,2425,25179.098044
16850.0,2519,25223.288722
19850.0,2682,25266.124042
15950.0,2055,25299.339885
20025.0,2469,25338.19046
16500.0,2476,25378.552059
19800.0,2624,25420.801256
15700.0,1890,25450.469878
20550.0,2874,25495.734939
20150.0,2665,25540.506001
19800.0,2472,25596.669432
20000.0,2736,25642.33778
19825.0,2706,25683.702815
16375.0,2207,25720.505301
15900.0,1987,25753.59064
8275.0,1251,25774.235665
15775.0,2110,25808.475358
19725.0,2622,25850.018747
15925.0,2070,25884.931212
19875.0,2689,25929.509303
8875.0,1370,25952.348129
15850.0,2432,25991.753456
19775.0,2565,26051.403047
8200.0,1227,26071.632819
8325.0,1413,26096.02172
16400.0,2365,26135.638865
16400.0,2687,26180.575525
15625.0,1826,26210.165188
19675.0,2615,26254.551041
19675.0,2484,26295.486053
12300.0,1697,26322.115327
20400.0,2788,26367.069581
20200.0,2792,26416.7054
15825.0,2012,26466.273451
19750.0,2457,26506.582314
19700.0,2715,26551.64919
20450.0,2838,26598.777006
20125.0,2650,26641.79951
19600.0,2399,26682.23703
8550.0,1278,26701.026345
16000.0,2090,26735.646738
19900.0,2670,26780.403409
16400.0,2192,26816.264405
19850.0,2658,26858.97182
20350.0,2825,26924.298496
20400.0,2802,26969.413802
16475.0,2390,27011.287362
19700.0,2442,27050.324949
19925.0,2630,27095.731031
19850.0,2540,27140.439947
300.0,483,27148.122417
700.0,551,27156.770653
19675.0,2400,27197.473284
19700.0,2484,27236.476515
11750.0,1731,27264.540601
15525.0,1920,27296.413638
19850.0,2728,27357.909999
15900.0,2285,27397.18167
16400.0,2165,27433.27386
12225.0,1708,27461.376712
16300.0,2097,27496.233478
20850.0,3133,27550.526079
15600.0,1793,27578.559851
12275.0,1704,27607.805057
20500.0,2808,27655.920624
19850.0,2791,27699.988961
16400.0,2115,27733.88116
19950.0,2911,27793.707416
19900.0,2521,27831.326777
19650.0,2347,27866.770198
20425.0,2610,27908.053652
12250.0,1485,27932.269583
16650.0,2260,27969.257968
19800.0,2552,28011.968241
15650.0,1975,28042.283572
19875.0,2480,28083.976894
19875.0,2504,28127.117229
4800.0,1141,28147.153134
4950.0,1032,28163.466785
19975.0,2690,28224.470201
16500.0,2268,28260.025716
19925.0,2520,28304.252584
19900.0,2415,28344.477346
20450.0,2697,28387.509929
19975.0,2495,28430.102868
19850.0,2546,28471.367793
19800.0,2347,28509.370861
19850.0,2670,28554.600711
19850.0,2634,28600.111767
12850.0,1804,28628.870636
11775.0,1768,28674.281856
8125.0,1318,28694.314957
19875.0,2482,28734.547934
19725.0,2400,28773.626307
12250.0,1819,28803.499336
19975.0,2588,28846.175833
20075.0,2820,28893.057477
16400.0,2173,28928.060855
20500.0,3073,28982.805693
12175.0,1778,29011.89074
19750.0,2460,29054.360886
4550.0,968,29070.267534
19875.0,3035,29136.589482
16325.0,2058,29170.328779
19875.0,2501,29212.299026
15850.0,2017,29247.697925
19875.0,2573,29290.934132
19950.0,2452,29327.325009
12250.0,1603,29354.123128
19950.0,2585,29398.361619
8300.0,1096,29416.478464
20400.0,3198,29469.018448
19950.0,2478,29509.216295
19875.0,2590,29569.443946
19750.0,2405,29609.368151
15850.0,2226,29643.641906
15725.0,1853,29675.319135
20375.0,2715,29718.055185
20050.0,2783,29760.785383
19975.0,2533,29803.040812
9050.0,1375,29824.852144
19925.0,2615,29870.004428
8675.0,1480,29893.164411
20975.0,2816,29942.512587
20325.0,2810,30004.930281
19325.0,2507,30049.03092
19850.0,2515,30090.105802
8550.0,1297,30111.463418
20325.0,2502,30153.874774
7950.0,1191,30173.615715
675.0,438,30179.474082
11725.0,1457,30203.805173
16275.0,2011,30236.42583
19925.0,2663,30280.328465
19875.0,2512,30321.684648
20000.0,2783,30368.576417
16000.0,2123,30418.440166
20050.0,2458,30459.134596
19900.0,2586,30500.342061
12225.0,1918,30532.270122
19800.0,2432,30572.487995
20125.0,2642,30616.704314
4350.0,860,30630.144793
19775.0,2530,30670.661115
15850.0,1973,30705.070468
20100.0,2638,30748.312684
8150.0,1441,30772.844147
20075.0,2811,30818.84823
19600.0,2161,30872.607154
20475.0,2616,30916.453205
19975.0,2713,30959.507069
12625.0,2062,30993.89027
19900.0,2588,31037.722554
8425.0,1446,31061.778624
15525.0,1711,31090.303062
12625.0,1978,31120.444818
20250.0,2852,31167.60783
625.0,425,31174.36647
8175.0,1463,31199.47276
12125.0,1587,31224.825877
20025.0,2655,31268.393534
19850.0,2564,31330.275098
4400.0,916,31342.756639
16350.0,2215,31379.323539
19950.0,2478,31418.984741
15800.0,2117,31454.903749
23550.0,3006,31504.739574
19825.0,2633,31546.73871
8650.0,1455,31571.216462
4450.0,901,31585.462602
19325.0,2511,31626.18891
19800.0,2530,31667.668304
20000.0,2537,31709.284619
11950.0,1531,31749.897172
20350.0,2542,31788.428649
20075.0,2638,31830.657896
12625.0,1793,31860.588737
20475.0,2755,31908.466404
20200.0,2635,31949.837179
20475.0,2642,31991.941627
15825.0,2122,32026.347324
20650.0,2639,32070.00105
4500.0,1020,32085.11141
20475.0,2814,32131.818233
8525.0,1396,32164.481828
20500.0,2644,32208.074281
20100.0,2573,32248.997822
19900.0,2612,32292.986598
21100.0,2857,32341.338
11800.0,1285,32360.690166
19975.0,2650,32402.290258
20075.0,2836,32449.940319
19900.0,2595,32493.648987
19925.0,2670,32537.606848
8650.0,1247,32557.376287
16375.0,2028,32609.268654
19950.0,2557,32653.188872
19825.0,2841,32701.794394
9175.0,1755,32731.732104
19925.0,2637,32773.748821
19900.0,2633,32815.229847
12100.0,1777,32840.919482
19875.0,2855,32888.437829
20525.0,2724,32932.582041
20425.0,2485,32972.570756
19850.0,2556,33013.905668
19925.0,2565,33072.248418
20450.0,2728,33119.546003
20125.0,2501,33161.515382
20175.0,2556,33202.739765
20450.0,2683,33244.577463
19600.0,2228,33279.252388
19800.0,2562,33323.11015
19900.0,2489,33364.196038
19800.0,2421,33405.481616
19700.0,2335,33444.088111
20475.0,2714,33509.838563
20000.0,2697,33553.465513
15550.0,1710,33581.120936
20000.0,2942,33631.847898
24775.0,3111,33683.115053
19975.0,2745,33728.476804
20250.0,2675,33773.042086
20400.0,2894,33818.458401
20450.0,2617,33860.969376
20100.0,2499,33910.719954
20050.0,2911,33956.984212
4450.0,955,33970.898416
21375.0,2832,34020.034628
19800.0,2706,34064.737838
16150.0,2077,34100.713946
775.0,578,34109.54732
20550.0,2920,34154.805921
20200.0,2569,34195.864271
20850.0,2847,34242.571169
25325.0,3628,34302.341914
12625.0,1973,34353.579489
20075.0,2841,34400.463777
19925.0,2556,34445.064127
19950.0,2555,34486.238619
4425.0,917,34500.153352
20200.0,3020,34549.546673
20075.0,3006,34601.394931
20775.0,2867,34645.444283
20500.0,2728,34693.082589
20800.0,2845,34740.130545
20425.0,2680,34800.454108
20150.0,2764,34846.429689
20850.0,2942,34894.232893
20525.0,2747,34938.768965
20000.0,2695,34982.130362
20325.0,2682,35025.973622
16675.0,2165,35061.712197
15750.0,2110,35094.357777
20250.0,2599,35137.117945
20500.0,2820,35181.434088
20775.0,2697,35247.471718
19850.0,2633,35289.701984
20600.0,2859,35335.805925
20850.0,2684,35378.463104
20275.0,2785,35423.781402
19950.0,2555,35465.874626
20300.0,2825,35511.275217
19875.0,2586,35555.643476
20075.0,2809,35604.49454
20450.0,2807,35672.66452
20050.0,2738,35715.406849
15825.0,2260,35752.998914
19750.0,2448,35790.351353
20000.0,2527,35831.561932
20025.0,2743,35874.229306
20550.0,2943,35924.396551
20125.0,2795,35970.465734
20825.0,2926,36020.219157
16350.0,2243,36057.997005
20025.0,2697,36123.937344
24800.0,3260,36179.968474
20000.0,2678,36224.731842
20600.0,2798,36269.436174
24500.0,3160,36321.767933
16350.0,2264,36355.636958
20500.0,2748,36399.888844
20550.0,2740,36443.520682
20275.0,2656,36488.097437
20400.0,2638,36547.985712
19975.0,2713,36593.598055
20200.0,2555,36636.872959
20200.0,2590,36677.805539
20450.0,2673,36721.817161
11225.0,1434,36743.804117
20525.0,2771,36789.067843
9150.0,1705,36816.346724
16925.0,2356,36854.504512
20075.0,2809,36900.217861
20925.0,2891,36949.005677
20475.0,2725,37010.198929
800.0,588,37019.993585
20525.0,2803,37064.621945
20875.0,2873,37115.0834
20200.0,2875,37163.340416
20475.0,2739,37211.276997
20000.0,2496,37252.699058
19825.0,2397,37293.388628
16300.0,1995,37325.184009
20000.0,2671,37369.267478
21075.0,2870,37433.758777
20125.0,2838,37480.409944
8450.0,1310,37500.937939
20825.0,2882,37548.297454
225.0,478,37554.670841
23925.0,2929,37604.183026
20100.0,2801,37649.912766
8575.0,1364,37673.433322
7650.0,1005,37690.413706
450.0,740,37702.069615
20800.0,2712,37746.142167
19925.0,2573,37789.030869
20375.0,2685,37830.390749
19850.0,2374,37888.703207
20200.0,2775,37934.408698
20525.0,2950,37980.414879
23550.0,2957,38031.138373
20050.0,2783,38080.235825
20000.0,2520,38122.378856
20850.0,3184,38174.456644
20050.0,2580,38215.813132
4700.0,1256,38235.526448
20550.0,2895,38303.354709
19925.0,2585,38345.463943
20550.0,3023,38394.797809
20100.0,2733,38439.891734
20525.0,2897,38488.995513
20200.0,2955,38540.329875
4300.0,791,38552.526158
20050.0,2574,38595.494269
20150.0,2837,38641.203561
20025.0,2578,38682.004873
20575.0,2670,38748.735236
20800.0,2765,38795.840894
20050.0,2344,38832.809544
20825.0,2926,38882.493
5250.0,1087,38900.255355
20500.0,2668,38946.115407
20550.0,2861,38991.308914
20450.0,2626,39032.035455
20100.0,2820,39077.445439
15425.0,1644,39102.88982
7875.0,1127,39121.680596
8525.0,1317,39144.332818
20475.0,2851,39213.693987
20825.0,2839,39258.420414
16275.0,2062,39291.70624
25850.0,3425,39346.439579
8225.0,1241,39366.085669
20650.0,2725,39409.812081
20075.0,2798,39456.924562
20125.0,2752,39503.614428
20200.0,2825,39549.113249
20025.0,2392,39587.684105
23500.0,3510,39665.209423
19950.0,2878,39711.589177
20025.0,2870,39758.777098
20550.0,2791,39800.912929
20850.0,2695,39846.412329
20100.0,2923,39894.732013
19700.0,2501,39936.570649
23850.0,3140,39990.087277
21225.0,2878,40052.058676
20500.0,2608,40094.44195
20525.0,2623,40139.84867
20575.0,2943,40189.087903
3875.0,664,40199.805475
20500.0,2810,40247.103301
20450.0,2632,40289.768308
775.0,860,40303.732317
20525.0,2937,40350.845313
15900.0,2460,40392.241205
20575.0,2639,40437.679417
23725.0,2899,40501.284223
16400.0,2255,40537.40771
8050.0,1190,40555.79287
20700.0,2972,40603.137075
24350.0,3255,40657.489531
20300.0,2737,40702.273501
20575.0,2873,40751.414078
20550.0,2876,40799.636455
20600.0,2817,40847.381374
19950.0,2668,40892.629995
20825.0,3423,40966.409554
20100.0,2893,41013.045016
19525.0,2810,41059.086761
20325.0,2651,41102.460554
20475.0,2716,41145.141795
23925.0,3010,41192.471344
19850.0,2482,41232.102821
19900.0,2469,41274.751637
24350.0,2855,41323.176286
20525.0,2776,41382.929621
8275.0,1267,41402.217982
21200.0,3320,41460.219822
20100.0,2705,41501.197795
19950.0,2637,41540.773606
20850.0,2935,41587.470328
8625.0,1413,41611.239112
20575.0,3005,41661.854649
20425.0,2746,41706.42328
19950.0,2571,41748.848304
24100.0,3048,41817.623506
24100.0,3410,41875.323319
19925.0,2478,41918.204698
20050.0,2913,41965.384061
12150.0,1586,41988.018704
20550.0,2775,42035.488521
20075.0,2655,42079.840698
20600.0,2843,42127.510338
19975.0,2582,42170.055232
20575.0,2803,42217.49592
20675.0,2911,42283.104588
8025.0,1156,42299.886821
20575.0,2849,42345.907621
20100.0,2695,42388.828363
20475.0,2639,42430.809455
19950.0,2599,42473.730872
16350.0,2139,42509.663294
11725.0,1551,42533.546837
24175.0,2956,42581.69186
20625.0,3015,42628.934607
16425.0,2083,42682.780689
23900.0,3260,42738.982977
23550.0,2985,42786.94321
20050.0,2722,42829.548104
21225.0,2770,42875.846655
20325.0,2653,42920.013912
24325.0,3036,42971.799181
20250.0,2586,43011.295092
20225.0,2691,43057.13271
21025.0,2832,43118.868396
20750.0,2783,43162.180394
20400.0,2663,43208.665669
23900.0,3227,43259.739061
20700.0,2775,43303.328871
21550.0,3178,43357.451013
20800.0,2882,43406.395282
20550.0,2950,43453.695328
20350.0,2905,43500.612389
20600.0,2712,43563.032504
20650.0,2757,43607.17694
24475.0,3011,43657.154899
20450.0,2916,43706.639235
4200.0,930,43721.193187
20575.0,2695,43767.023365
19875.0,2461,43809.872516
15775.0,1937,43842.591083
4950.0,1039,43859.747022
11950.0,1506,43882.5493
23950.0,3055,43933.751121
20600.0,3021,44007.004042
20075.0,2924,44056.427702
19875.0,2508,44097.965218
20550.0,2801,44144.398092
19950.0,2634,44190.864213
21100.0,2986,44240.917214
12775.0,1747,44268.328264
20800.0,2697,44314.597184
19925.0,2551,44358.194937
23900.0,3150,44410.281644
20500.0,2883,44477.809319
20600.0,2873,44525.379723
20450.0,2741,44569.853796
23975.0,3081,44620.148341
24100.0,3010,44667.863698
23850.0,3086,44720.963071
12975.0,1901,44750.183767
20025.0,2724,44792.849739
24525.0,3102,44845.554236
24900.0,3481,44924.107354
20600.0,2795,44971.753896
20650.0,2817,45018.872144
24325.0,3240,45069.572779
20000.0,3021,45121.469773
20575.0,2671,45163.257378
23925.0,3135,45216.292293
19925.0,2814,45264.156418
12175.0,1633,45291.905902
24450.0,3112,45367.504479
20500.0,2808,45413.327142
21350.0,3117,45464.19894
20600.0,2872,45510.321889
20025.0,2760,45557.82985
16400.0,2070,45592.131331
23850.0,3015,45641.281992
20025.0,2539,45682.476745
20075.0,2882,45731.594899
20575.0,2645,45796.051037
19925.0,2521,45836.466683
20575.0,2740,45883.178983
15925.0,2023,45916.406649
19850.0,2624,45959.008468
20600.0,2829,46004.771314
23900.0,3041,46055.75807
15775.0,1820,46085.579787
7550.0,963,46100.804237
23775.0,2967,46148.699855
24125.0,3226,46224.072426
24650.0,3234,46276.612931
20000.0,2782,46324.282652
15800.0,2085,46358.148812
24600.0,3460,46412.629794
20025.0,2838,46460.13227
23950.0,3157,46511.752624
8675.0,1327,46533.596559
24900.0,3337,46589.580848
24100.0,3435,46670.108632
20700.0,3058,46721.955595
24150.0,3093,46772.733696
8275.0,1060,46789.481559
16425.0,2251,46826.726008
12250.0,1438,46850.13961
23850.0,2947,46901.951771
21075.0,3024,46951.354866
20800.0,2697,46997.047803
20200.0,2869,47040.053425
24975.0,3278,47110.813925
20575.0,2850,47156.403643
20600.0,2657,47199.623857
25100.0,3076,47249.666402
20600.0,2738,47294.916698
19925.0,3230,47347.999844
20200.0,2684,47392.620733
8325.0,1239,47413.585534
25175.0,3357,47466.388942
15725.0,1959,47499.951512
20600.0,2760,47564.615472
27900.0,3770,47627.22121
20050.0,2988,47677.403907
21100.0,2888,47725.735212
20525.0,2837,47771.870366
20550.0,2929,47820.905806
23725.0,2871,47866.908816
25075.0,3370,47923.096079
24875.0,3541,48006.772256
24600.0,3201,48062.72911
23325.0,3123,48113.705573
21100.0,2913,48162.137434
4300.0,806,48174.379497
8275.0,1081,48191.626811
23725.0,2688,48236.596439
20600.0,2873,48285.379174
19775.0,2443,48325.533626
24550.0,3117,48376.814858
20600.0,2749,48442.326506
24000.0,3048,48490.154677
20600.0,3053,48536.457206
20600.0,3335,48592.543825
23850.0,2953,48641.393733
23825.0,2966,48692.631675
24025.0,3312,48746.211042
24550.0,3285,48798.413315
20675.0,2749,48865.930598
20925.0,2846,48910.271948
20575.0,2918,48959.020199
20600.0,2815,49007.378179
24225.0,3337,49061.478307
25225.0,3465,49117.03283
8425.0,1553,49142.489105
24900.0,3588,49205.224546
24100.0,3082,49257.838533
19850.0,2571,49323.084802
15625.0,1944,49354.077269
24500.0,3281,49406.826121
23800.0,3051,49456.138819
20250.0,2778,49502.761155
25250.0,3216,49558.513032
25200.0,3425,49615.364178
24775.0,3623,49673.608492
23800.0,2728,49718.688733
24600.0,3136,49789.471763
20050.0,2719,49833.558897
20600.0,2682,49876.501563
25125.0,3349,49933.080268
23925.0,2848,49980.345546
20600.0,2793,50027.612942
20850.0,3026,50078.155817
24550.0,3316,50134.983733
24625.0,3521,50214.324215
20600.0,2720,50260.819011
24450.0,3196,50309.059004
23950.0,3131,50362.406457
19850.0,2545,50405.17918
20850.0,2763,50449.891257
23800.0,3125,50500.511632
25625.0,3283,50555.150176
19900.0,2613,50599.485336
24650.0,3270,50670.238838
20575.0,2701,50714.705877
4975.0,1020,50730.617617
4550.0,1034,50746.922148
8975.0,1250,50768.467197
12250.0,1671,50795.494809
8100.0,1460,50819.619959
19350.0,2426,50860.147564
24475.0,3078,50908.940068
24400.0,3133,50961.850232
4500.0,1067,50979.348264
24450.0,3106,51032.096453
21125.0,2757,51102.141991
15450.0,1858,51132.913409
19975.0,2613,51176.608025
24100.0,3101,51229.196789
12875.0,2051,51263.496938
24375.0,2938,51310.610638
20575.0,2648,51354.755889
20850.0,2830,51399.706347
20575.0,2920,51447.722182
20025.0,3090,51521.961416
20825.0,2999,51571.335606
24875.0,3400,51630.030607
24275.0,3193,51683.28366
20600.0,2944,51731.333765
24675.0,3252,51785.580456
19900.0,2586,51828.211268
11725.0,1671,51854.337594
20975.0,2846,51900.624656
25050.0,3333,51975.570848
20550.0,2663,52020.096168
15775.0,2217,52055.227834
23850.0,2980,52103.063759
20600.0,2860,52152.820065
8200.0,1150,52170.747704
20600.0,2768,52217.537678
20025.0,3143,52269.862267
25275.0,3467,52329.130577
20625.0,2947,52378.406631
25075.0,3551,52460.602351
24425.0,3070,52512.638214
19900.0,2613,52555.027538
20000.0,3066,52606.978721
20525.0,2718,52651.118426
8125.0,1127,52668.717673
23350.0,2934,52719.304097
21100.0,2780,52764.795599
21000.0,2993,52812.291369
24375.0,3030,52878.824601
25250.0,3432,52935.675297
25100.0,3159,52989.412703
24350.0,3004,53036.138796
21075.0,2880,53084.824055
20850.0,2773,53129.808203
15675.0,2021,53163.843901
23850.0,3041,53214.07
23800.0,2926,53262.081192
8625.0,1490,53304.55911
20600.0,2884,53353.800711
20575.0,2686,53398.065114
425.0,466,53405.239417
23900.0,3215,53457.497601
23825.0,3087,53509.970981
24575.0,3251,53563.207385
20075.0,2755,53609.812957
16400.0,2257,53648.180009
20350.0,2851,53697.616118
19950.0,2663,53763.027479
725.0,833,53776.74437
20525.0,2658,53821.951521
19825.0,2595,53865.501258
24700.0,3508,53922.925482
17125.0,2547,53964.163398
20625.0,2630,54009.024321
23725.0,2782,54054.650831
19975.0,2661,54098.042629
24425.0,3304,54153.048755
24400.0,3068,54229.583787
20100.0,2448,54268.147845
20025.0,2830,54314.009269
20525.0,2982,54364.998332
20025.0,2714,54406.977038
12225.0,1500,54431.943638
20575.0,2925,54477.27448
24325.0,3196,54530.220984
20575.0,2799,54579.609616
16225.0,1918,54628.348976
20675.0,2783,54674.74539
4400.0,820,54687.698164
20600.0,3368,54739.75377
20600.0,2885,54785.851607
21000.0,2875,54835.363951
20950.0,3090,54887.875799
20075.0,2978,54935.828331
23950.0,2979,54987.125827
23425.0,3086,55038.70208
24950.0,3055,55115.206536
13600.0,2002,55147.789203
24575.0,3146,55196.777809
21075.0,3054,55247.268497
4425.0,988,55262.970793
20625.0,2887,55309.227734
20575.0,2619,55353.838674
24000.0,2932,55400.852985
21100.0,2868,55449.100142
25075.0,3220,55514.428105
20275.0,2640,55556.423259
20100.0,2795,55602.254081
24925.0,3126,55652.057633
23950.0,3201,55705.76844
23600.0,3003,55751.791317
20625.0,2584,55794.543991
24275.0,3115,55846.330143
20475.0,2627,55890.607128
24600.0,3274,55964.693225
20600.0,2887,56012.681102
20925.0,3133,56064.457811
20650.0,2731,56109.114893
19950.0,2565,56149.971152
19800.0,2601,56192.179783
8725.0,1130,56209.049456
23550.0,3055,56260.609907
24625.0,3577,56321.667075
21175.0,2943,56390.982095
24025.0,3080,56443.795146
24275.0,3051,56493.459763
24000.0,3075,56540.33325
24300.0,3122,56591.820312
8025.0,1165,56609.213619
24325.0,3172,56661.72466
19900.0,2882,56709.512891
26400.0,3473,56765.408692
24200.0,3417,56848.415637
7800.0,1120,56866.676243
28450.0,3557,56923.731927
19975.0,2610,56966.595933
24450.0,3222,57019.737187
20800.0,2748,57065.952221
23850.0,2918,57113.530185
23575.0,2971,57163.957964
19900.0,2710,57209.646051
8575.0,1452,57233.524451
19950.0,2563,57291.629703
24000.0,3034,57342.713864
24450.0,3322,57395.125514
23400.0,3071,57446.373371
24525.0,3135,57497.776789
20600.0,2774,57545.4686
24625.0,3243,57600.382483
4250.0,795,57612.074964
24650.0,3166,57665.956778
5325.0,1148,57708.593724
24300.0,2992,57755.842981
24100.0,3043,57808.391164
24450.0,3199,57859.962221
24550.0,3285,57915.631785
25625.0,3696,57976.961874
20425.0,2647,58021.070679
16725.0,2193,58057.39705
28175.0,3459,58113.332469
24525.0,3491,58189.3444
4475.0,1076,58205.306662
19900.0,2695,58248.250136
24025.0,3195,58298.446715
23650.0,3392,58352.232035
24650.0,3267,58408.445374
25125.0,3226,58462.334348
24725.0,3260,58515.972687
20625.0,2946,58585.020632
24475.0,3088,58634.558708
20500.0,3044,58683.925033
11550.0,1451,58706.668766
12700.0,1813,58736.007034
23900.0,3045,58786.036168
24575.0,3166,58838.748512
23900.0,2809,58885.91683
29950.0,4431,58958.656723
24675.0,3401,59036.042187
24650.0,3330,59088.294013
28700.0,3767,59153.833104
24650.0,3165,59206.554956
20525.0,3349,59260.592638
24550.0,3346,59316.18997
21025.0,2980,59364.411678
25675.0,3551,59424.766621
16275.0,2025,59485.438349
24175.0,3191,59539.847569
25675.0,3567,59598.91927
16850.0,2772,59639.960769
20900.0,2732,59680.406621
16350.0,2232,59717.785461
12625.0,1681,59743.492441
23925.0,3081,59794.052884
23775.0,3090,59844.460377
4325.0,810,59857.494463
25200.0,3445,59937.55197
23850.0,2988,59984.626558
20550.0,3135,60036.392699
24175.0,3337,60091.92983
23775.0,3259,60144.491903
20450.0,2751,60190.993601
23725.0,3049,60243.18831
24950.0,3090,60294.095307
20650.0,2539,60356.457477
25025.0,3308,60411.741447
24375.0,3046,60462.96761
28775.0,4036,60529.904549
28675.0,3822,60594.202539
23950.0,3068,60643.74561
28400.0,3657,60702.792169
24800.0,3470,60782.712161
28650.0,3770,60844.567999
8100.0,1188,60862.516908
24600.0,3484,60921.413592
25725.0,3533,60978.32285
24975.0,3295,61033.202776
24825.0,3437,61090.327556
7950.0,1315,61111.521394
24425.0,3180,61164.548352
28150.0,3841,61248.710688
25225.0,3425,61301.722533
23375.0,3231,61354.863729
20850.0,2787,61400.229906
28850.0,3705,61464.428283
25775.0,3627,61523.93523
24525.0,3235,61576.653002
24100.0,3208,61629.459749
24700.0,3253,61704.353158
25225.0,3480,61765.457052
24675.0,3338,61822.41026
25800.0,3497,61878.102889
25225.0,3552,61938.558617
15775.0,2095,61972.287557
24475.0,3127,62025.379991
23750.0,2965,62073.883675
12200.0,1480,62117.100806
24575.0,3420,62172.507787
28350.0,3755,62236.78122
20450.0,2711,62282.332353
24250.0,3062,62332.635604
28350.0,3841,62395.988369
28600.0,3783,62457.474546
20600.0,2755,62502.414619
24575.0,3199,62582.343655
25450.0,3590,62641.734856
24550.0,3017,62691.12331
25475.0,3294,62744.769661
24500.0,3022,62793.942277
25975.0,3433,62849.392627
24700.0,3339,62905.455001
21125.0,2996,62953.01676
25175.0,3316,63029.852067
24050.0,2935,63076.958765
28850.0,4140,63145.891961
24575.0,3213,63197.679396
20375.0,2699,63242.466653
20600.0,2923,63291.036853
24450.0,2906,63337.643317
25225.0,3432,63392.263635
15925.0,1781,63439.578101
24575.0,3158,63492.137386
20625.0,2903,63540.793227
28400.0,3670,63602.448175
20575.0,2887,63648.263055
24625.0,3129,63696.559698
28425.0,3840,63757.091719
25225.0,3451,63815.82157
29375.0,4157,63901.218786
25275.0,3359,63954.961398
28850.0,3611,64013.970819
26025.0,3865,64075.661353
25675.0,3713,64141.824135
24600.0,3185,64195.357535
29500.0,3628,64257.534347
25525.0,3308,64339.082577
20300.0,2875,64388.299698
16450.0,2348,64426.967558
20975.0,3095,64477.619726
24775.0,3459,64537.096193
16175.0,2088,64571.515723
24575.0,3233,64625.646821
26000.0,3577,64684.269324
24575.0,3440,64763.91573
28700.0,3492,64822.623902
12175.0,1758,64849.434951
27875.0,3487,64907.290766
20875.0,2825,64951.989653
20600.0,2754,64995.403751
24925.0,3292,65049.775076
24450.0,3191,65103.989745
25450.0,3270,65155.225045
24950.0,3201,65229.80906
20900.0,2929,65277.865121
12600.0,2037,65310.091936
28675.0,3519,65365.804196
24750.0,3407,65422.784086
16275.0,1928,65455.401562
25225.0,3224,65510.090509
24625.0,3339,65565.689107
24650.0,3276,65643.077086
24625.0,3179,65694.664454
28400.0,3756,65757.227771
28425.0,3450,65816.495013
11900.0,1728,65845.289848
25475.0,3171,65896.579369
15875.0,2147,65931.349758
25225.0,3305,65989.081593
7950.0,1463,66011.801802
25500.0,3421,66092.591981
23900.0,2916,66139.663147
29725.0,3843,66202.482376
24400.0,2973,66251.54442
21000.0,2766,66297.927315
28000.0,3832,66362.94019
25500.0,3222,66415.572322
28450.0,3815,66477.809649
15975.0,2093,66534.528511
20500.0,3213,66589.573922
25475.0,3338,66646.628975
28375.0,3620,66706.382185
28750.0,3857,66773.388942
29775.0,4085,66840.896544
20600.0,2826,66886.838755
4500.0,1117,66904.244705
29150.0,3559,66991.197584
24800.0,3498,67048.292814
25100.0,3176,67101.152354
12775.0,1805,67129.981978
28675.0,3421,67187.088057
29000.0,4070,67253.052551
28975.0,3587,67314.128599
24675.0,3507,67372.886272
8175.0,1318,67395.246241
25200.0,3308,67468.466106
21225.0,3007,67515.714729
28000.0,3625,67573.723632
20575.0,2881,67618.29668
25475.0,3212,67671.448736
29850.0,3696,67731.643987
25100.0,3151,67782.581557
28925.0,3632,67868.20735
28925.0,3483,67926.351396
25250.0,3509,67986.56452
28600.0,3950,68046.829627
29300.0,3755,68107.120919
29275.0,3538,68165.532851
28800.0,3481,68223.85005
24500.0,3134,68302.366401
28450.0,3485,68358.628603
3825.0,669,68368.473648
25250.0,3518,68427.249129
425.0,683,68437.400302
28375.0,3500,68493.39414
28800.0,3714,68555.724394
28700.0,3500,68613.744816
25800.0,3505,68671.454605
24775.0,3386,68755.642329
28575.0,3846,68816.084286
25175.0,3380,68872.018085
29475.0,4007,68936.303325
28650.0,3402,68993.041425
19875.0,2553,69033.7832
19525.0,2965,69080.441513
29350.0,3686,69139.869705
28750.0,3631,69218.697442
24125.0,3430,69274.509006
28825.0,3733,69334.164243
29550.0,3787,69396.118773
28700.0,3375,69449.199432
20050.0,2661,69491.829936
28350.0,3378,69544.743997
28875.0,3658,69620.90388
28675.0,3576,69677.8712
24675.0,3528,69733.483646
29150.0,3569,69793.078543
29275.0,3785,69852.984954
28750.0,3469,69909.544306
24750.0,3499,69966.293185
29300.0,3663,70042.779806
28825.0,3497,70097.960687
500.0,595,70107.026392
20450.0,2764,70150.207628
12125.0,1625,70174.980288
25325.0,3466,70232.085111
16425.0,2317,70269.994335
27950.0,3510,70327.442462
9200.0,1895,70356.350034
4950.0,1099,70373.159941
28425.0,3466,70428.596786
24650.0,3102,70498.896227
28700.0,3510,70556.162409
28500.0,3648,70616.190278
29900.0,3982,70679.067663
25825.0,3595,70737.623065
24525.0,2992,70787.434437
28575.0,3251,70840.754097
25550.0,3312,70920.994503
24800.0,3236,70975.371508
28575.0,3705,71036.943869
25225.0,3478,71091.119061
15825.0,2010,71124.318727
12225.0,1525,71149.943935
25225.0,3423,71208.50012
28600.0,3726,71268.602682
25225.0,3508,71350.201961
25025.0,3307,71401.050484
24200.0,2903,71450.241638
25225.0,3500,71509.220408
16875.0,2586,71550.484993
26000.0,3876,71614.047008
28850.0,3563,71668.795847
15575.0,2308,71706.605963
25175.0,3588,71785.564997
28400.0,3441,71842.415274
28525.0,3495,71897.693911
20525.0,2923,71944.129546
20275.0,2505,71981.508142
29400.0,3823,72045.055187
21200.0,3060,72094.369714
29225.0,3558,72150.979339
28475.0,3686,72232.351585
8050.0,1163,72250.715218
28525.0,3607,72311.581023
16450.0,2187,72348.715949
24725.0,3375,72400.941021
4925.0,846,72414.721349
28325.0,3510,72470.80586
28725.0,3580,72527.896136
29400.0,3750,72591.349556
23750.0,3040,72667.107744
25025.0,3318,72721.092613
28375.0,3836,72781.574932
29150.0,3953,72847.454756
25225.0,3415,72904.577591
28450.0,3503,72960.135405
24075.0,3090,73007.700669
28500.0,3591,73088.600173
25050.0,3267,73140.3721
29375.0,3624,73195.380536
28400.0,3268,73246.133445
29250.0,3448,73302.102251
28825.0,3520,73361.134057
24000.0,3160,73411.047922
25050.0,3337,73465.043524
25225.0,3360,73536.169099
25300.0,3510,73592.790378
28825.0,3541,73650.293686
25050.0,3148,73700.259038
24750.0,3477,73757.763623
28875.0,3506,73810.821995
29175.0,3754,73872.909128
28675.0,3637,73955.300695
29350.0,3679,74009.746064
25275.0,3477,74061.391427
4700.0,981,74074.142982
28925.0,3702,74128.646117
28775.0,3490,74181.606221
30025.0,4057,74247.463616
29225.0,3531,74301.160269
25050.0,3816,74379.534738
20650.0,3067,74427.021698
25425.0,3678,74484.614039
8250.0,1209,74501.930633
28925.0,3790,74560.876667
28825.0,3590,74619.406588
28800.0,3519,74675.608829
29900.0,3988,74737.291458
29250.0,3587,74821.252026
23950.0,3037,74869.351592
29225.0,3624,74926.892833
29350.0,3606,74984.595058
8175.0,1177,75002.896084
29500.0,3953,75067.672601
28725.0,3390,75121.831886
29475.0,3870,75202.818882
29175.0,3796,75266.063672
25125.0,3686,75324.625698
15825.0,1943,75354.463314
28800.0,3418,75407.489269
28725.0,3286,75461.428625
21175.0,3002,75509.324374
29675.0,3752,75571.227547
24925.0,3291,75640.880933
29475.0,3870,75702.419017
29425.0,3697,75760.020442
29625.0,3751,75818.879495
26300.0,3729,75877.327405
28950.0,3529,75934.58706
25250.0,3197,75986.378607
29075.0,3707,76063.648485
24300.0,3047,76111.72438
29450.0,3620,76169.263868
8725.0,1253,76188.676452
30025.0,3719,76246.072647
29925.0,3739,76306.374119
29450.0,3665,76361.459421
28850.0,3437,76412.1026
29400.0,3665,76492.475656
28875.0,3571,76545.850741
25325.0,3365,76596.954955
24650.0,3515,76652.875513
15600.0,1850,76679.160972
24525.0,3126,76725.481775
25500.0,3091,76772.48876
29325.0,3606,76824.532982
24625.0,3625,76896.701239
29200.0,3757,76951.532683
29575.0,3806,77009.537919
29850.0,3646,77064.65856
26100.0,3627,77124.608428
24850.0,3280,77175.008034
29500.0,3792,77232.819841
29000.0,3683,77317.082067
28950.0,3797,77377.041445
4900.0,1302,77394.454149
29025.0,3738,77452.14873
29225.0,3443,77506.806937
30000.0,4073,77568.371746
24875.0,3237,77620.359655
29150.0,3851,77705.348077
28900.0,3801,77761.197782
28975.0,3735,77821.168369
28675.0,3483,77877.384218
29450.0,3833,77939.168553
29425.0,3632,77996.12818
29450.0,3728,78053.752643
29975.0,4166,78136.482486
28100.0,3947,78195.195301
28975.0,3890,78251.816793
25200.0,3246,78299.480701
28800.0,3381,78353.304423
28975.0,3658,78409.753432
29575.0,3868,78468.68435
29350.0,3596,78545.44648
20775.0,2676,78587.905497
16650.0,2292,78626.921842
29050.0,4040,78690.418196
29250.0,3970,78751.449859
29000.0,3783,78808.561659
29500.0,4014,78868.8032
29750.0,3917,78953.612585
29475.0,3772,79010.137951
29375.0,3548,79063.090275
16325.0,2665,79101.731607
29425.0,3888,79155.292284
16425.0,2081,79186.56815
25850.0,3840,79245.077439
25600.0,3303,79292.433485
29725.0,3977,79378.11466
25825.0,3583,79430.125917
20625.0,2864,79473.735939
28750.0,3531,79525.2736
29475.0,3952,79585.512092
27975.0,3450,79639.264101
30525.0,4127,79701.286298
21150.0,2966,79766.372278
26075.0,3536,79819.913557
4450.0,932,79831.983384
28950.0,3646,79887.686802
25050.0,3414,79937.995486
29550.0,3817,79998.933933
8750.0,1544,80022.740791
25525.0,3471,80078.818101
15700.0,1669,80103.752815
29150.0,3696,80175.849521
29600.0,3900,80230.402231
24650.0,3217,80280.257235
28975.0,3841,80338.406119
29350.0,3540,80390.55862
29525.0,3750,80444.164332
29950.0,3965,80502.644293
28875.0,3721,80572.967492
29475.0,4058,80633.323243
28975.0,3669,80688.76163
29300.0,3595,80740.378449
29900.0,3986,80798.959449
29550.0,3814,80854.240157
29275.0,4159,80933.350672
29550.0,3785,80991.429458
25600.0,3261,81038.982775
27900.0,3542,81091.314629
29550.0,3815,81146.952477
28950.0,3701,81204.446536
26100.0,3343,81252.003896
29300.0,3986,81325.179314
29600.0,4067,81385.568158
16500.0,2321,81420.856492
29475.0,3893,81475.002984
29500.0,3796,81530.410359
29425.0,3754,81585.500178
27950.0,3327,81632.839849
23975.0,2985,81678.8248
16000.0,2454,81732.418906
29725.0,3701,81785.958327
29450.0,3726,81842.050933
28850.0,3748,81898.117944
23850.0,2978,81940.562319
19325.0,2597,81979.265388
29525.0,3826,82031.691171
29525.0,3779,82104.52893
16950.0,2271,82139.319172
29400.0,3660,82193.828417
28875.0,3628,82246.919482
29425.0,3767,82302.157042
16775.0,2408,82334.509214
29175.0,3790,82386.994919
16400.0,2076,82417.391985
29825.0,3996,82499.472052
24175.0,3180,82543.893987
25275.0,3612,82595.516994
29575.0,3858,82648.608401
29500.0,3815,82699.951607
16425.0,2318,82731.301502
29500.0,3637,82783.952301
28950.0,3673,82837.262261
29525.0,3921,82915.505841
28700.0,3545,82969.617154
20875.0,2790,83009.257105
25925.0,3842,83063.857041
8325.0,1196,83079.612015
29175.0,3759,83130.201016
29550.0,3865,83185.625741
29200.0,3747,83256.388846
28825.0,3637,83307.270599
29900.0,3855,83359.653497
28600.0,3875,83417.282571
28925.0,3739,83469.609328
28825.0,3463,83515.44576
24650.0,3203,83559.395181
29625.0,3882,83632.291845
28800.0,3502,83680.906573
29700.0,3770,83733.30941
29175.0,3747,83789.804158
4525.0,1078,83804.757169
29450.0,3786,83856.763282
20900.0,3113,83900.565492
25100.0,3373,83946.994389
29275.0,3593,84016.227048
4175.0,900,84028.778957
25975.0,3235,84072.740877
24675.0,3352,84122.014729
29075.0,3671,84173.308952
29750.0,4121,84233.441754
30025.0,4046,84288.172101
24775.0,3448,84337.86602
29450.0,3602,84403.843911
29475.0,3726,84456.790873
29425.0,3956,84509.851457
29500.0,3708,84562.583314
29475.0,3725,84617.84858
28800.0,3973,84670.791955
29350.0,3526,84721.89655
29400.0,3575,84790.354761
28775.0,3986,84844.608607
4325.0,826,84856.189483
29375.0,3658,84908.341158
29425.0,3680,84955.980582
29500.0,3803,85009.05143
29550.0,3673,85058.618315
28750.0,3468,85128.848361
30200.0,3918,85182.612113
29250.0,3726,85235.089356
29525.0,3748,85286.626068
8425.0,1742,85309.752908
29625.0,3619,85357.569233
29000.0,3570,85405.895199
29400.0,3550,85455.421506
30050.0,3709,85528.854095
29400.0,3538,85578.401534
29275.0,4008,85633.895273
29525.0,3662,85685.359097
29675.0,3858,85738.3989
23900.0,3255,85785.947096
26075.0,3299,85832.379732
29150.0,3719,85903.979895
29500.0,3770,85956.460878
29650.0,3932,86010.189434
29550.0,3891,86063.058932
28950.0,3730,86115.798578
29600.0,3877,86167.49085
16425.0,2206,86196.996923
30075.0,3893,86274.056963
24300.0,3433,86319.384606
29425.0,3827,86369.115493
20775.0,2959,86409.227288
29425.0,3612,86457.23036
29025.0,3951,86512.142733
29375.0,3402,86555.168582
