#{"t_start": 1707597671.646347, "env_id": "ALE/Assault-v5"}
r,l,t
189.0,622,15.85299
189.0,902,27.622328
168.0,641,35.438432
189.0,929,47.621236
294.0,1282,63.012349
147.0,673,70.478855
189.0,673,78.237948
189.0,895,88.670298
189.0,991,100.827492
273.0,801,111.064871
189.0,1087,125.191019
273.0,927,137.184944
357.0,1223,153.851012
210.0,895,165.001595
315.0,903,175.17648
189.0,705,183.671633
252.0,750,192.91001
378.0,966,205.380848
504.0,926,217.97147
441.0,770,227.206864
378.0,751,236.581367
378.0,743,245.963366
294.0,623,253.499597
441.0,707,262.960202
462.0,918,275.03121
273.0,639,282.672292
588.0,855,293.471048
399.0,591,301.483225
378.0,727,310.955429
357.0,623,319.534381
588.0,759,329.074532
399.0,705,338.296586
420.0,719,351.320373
252.0,607,359.105443
399.0,735,367.983364
294.0,513,374.524464
399.0,577,381.138861
189.0,663,389.109596
231.0,574,396.309108
105.0,257,399.393476
420.0,815,409.800812
483.0,1091,424.239202
462.0,926,436.785088
315.0,737,446.271417
630.0,1794,468.179657
609.0,1827,490.786751
651.0,1773,511.528245
693.0,1437,529.635563
651.0,2569,564.004664
651.0,1821,586.853461
399.0,897,597.898458
651.0,1323,613.642849
672.0,1766,634.965617
651.0,2347,664.634246
693.0,1256,689.238839
672.0,1388,706.2371
693.0,1726,728.752219
651.0,1613,749.691672
672.0,1482,767.579551
462.0,1347,784.415507
378.0,929,796.064218
693.0,1675,817.79826
693.0,1316,834.490237
651.0,1337,851.974551
714.0,1402,870.474527
693.0,1207,886.344976
756.0,1284,903.078603
777.0,1253,920.047174
672.0,1580,941.081956
777.0,1150,956.275487
714.0,1339,973.02982
588.0,1250,988.317735
672.0,1580,1006.335668
798.0,1444,1030.006813
766.0,1092,1043.423506
672.0,1179,1057.611464
693.0,1320,1074.568825
672.0,1109,1088.259418
693.0,1303,1104.059485
693.0,1164,1118.672238
651.0,1014,1130.866252
714.0,1333,1146.447528
756.0,1073,1159.185107
1869.0,2990,1198.42233
714.0,1106,1212.696726
756.0,1070,1226.366063
829.0,1070,1240.49875
798.0,1237,1256.80788
756.0,1034,1270.550776
756.0,1230,1285.438277
735.0,1349,1302.029925
714.0,1336,1319.542392
798.0,1283,1335.786623
693.0,940,1348.660159
693.0,1064,1370.078436
703.0,1252,1386.045211
735.0,1176,1401.525638
714.0,1188,1415.646054
651.0,1077,1429.458059
714.0,1303,1446.527061
756.0,1412,1463.208544
651.0,1200,1476.988454
672.0,971,1489.166028
735.0,1118,1502.726376
693.0,1064,1514.942744
798.0,1266,1530.689546
693.0,1261,1547.01878
672.0,1138,1561.654414
777.0,1332,1578.711043
808.0,1192,1593.598823
901.0,1356,1608.935091
672.0,963,1621.006034
714.0,1003,1634.279364
651.0,1078,1648.420815
651.0,1260,1664.433402
609.0,995,1677.090961
693.0,1032,1690.736989
819.0,1149,1713.783702
672.0,1157,1728.91418
672.0,1176,1744.365758
682.0,1263,1760.476424
756.0,1092,1774.212499
609.0,931,1785.66226
756.0,1187,1801.657283
756.0,1106,1815.46468
630.0,998,1827.708038
735.0,1092,1841.365229
776.0,1317,1856.63277
756.0,1032,1869.593718
1678.0,2593,1903.623973
693.0,942,1915.466052
609.0,1155,1928.907788
672.0,1080,1941.461395
693.0,1039,1955.083829
714.0,1293,1970.780868
766.0,1264,1986.879608
682.0,1154,1999.743317
724.0,1126,2013.450829
796.0,1495,2040.482376
693.0,1155,2055.91111
682.0,1090,2069.62506
807.0,1097,2083.480001
859.0,1288,2097.784639
1772.0,2368,2128.621281
745.0,1126,2143.19617
745.0,1094,2157.249097
462.0,1086,2170.823751
661.0,1155,2184.724301
609.0,1154,2198.895471
744.0,1379,2216.868729
651.0,1028,2230.226791
849.0,1378,2247.432406
682.0,1218,2263.42393
755.0,1188,2278.349437
839.0,1284,2294.831542
963.0,1406,2312.564641
2905.0,3875,2363.408054
651.0,904,2383.948174
525.0,771,2393.897851
724.0,1093,2407.17956
868.0,1476,2425.851703
2580.0,3811,2476.656929
693.0,1157,2490.047664
869.0,1223,2505.185727
776.0,1346,2521.794693
1289.0,1953,2546.906845
483.0,995,2559.036651
755.0,1222,2573.97275
2592.0,3587,2620.073709
776.0,1218,2635.438838
857.0,1475,2653.075514
754.0,1284,2668.561856
2116.0,2912,2703.93545
2682.0,3587,2758.925709
2714.0,3555,2805.588271
1226.0,1889,2829.063686
588.0,930,2841.031977
2475.0,3363,2884.876799
3173.0,4299,2940.505513
1739.0,2464,2971.409822
1099.0,1473,2989.901229
755.0,1187,3003.826183
3143.0,4518,3076.811361
982.0,1633,3098.595714
2967.0,3939,3149.497743
775.0,1303,3165.305737
2199.0,2913,3200.347668
1268.0,1697,3221.873053
2159.0,3169,3262.189422
3009.0,3942,3312.670715
2791.0,4226,3366.366192
796.0,1574,3397.909895
921.0,1300,3414.36023
2075.0,2561,3446.303542
891.0,1473,3463.672093
797.0,1194,3479.762986
2812.0,3647,3526.036941
3102.0,4351,3581.134905
672.0,1092,3594.307161
1561.0,2081,3619.232117
868.0,1412,3636.363101
756.0,1125,3650.10602
2998.0,4166,3703.117976
745.0,1266,3730.588411
2327.0,3139,3770.171279
828.0,1283,3785.903867
1414.0,2017,3810.674919
1183.0,1703,3831.886432
2935.0,3535,3879.443408
2076.0,2816,3915.488057
2613.0,3459,3960.581337
755.0,1156,3974.018
2202.0,2816,4007.276921
1213.0,1654,4027.628592
1939.0,2785,4076.550589
1855.0,2561,4107.656389
776.0,1411,4125.443877
775.0,1102,4139.990787
776.0,998,4152.933796
2012.0,2881,4190.018386
441.0,706,4198.354249
816.0,1190,4212.888248
785.0,1254,4229.206086
891.0,1366,4245.065413
1110.0,1702,4267.436437
63.0,575,4274.253855
2307.0,2755,4309.798825
2746.0,3682,4355.948957
848.0,1190,4371.300935
2756.0,3618,4435.698912
2192.0,2723,4469.539589
2162.0,2819,4505.80625
3019.0,3971,4557.129648
3839.0,4657,4618.813747
766.0,1010,4631.76837
776.0,994,4642.812358
2170.0,2881,4679.422269
2011.0,2657,4714.982905
2296.0,2946,4770.303407
1227.0,1697,4792.321637
1026.0,1345,4809.592786
1583.0,2081,4835.076564
2545.0,3715,4882.610373
3030.0,3639,4929.346485
858.0,1462,4947.307659
1773.0,2177,4974.45924
2895.0,3875,5021.698869
588.0,963,5033.628446
2676.0,3427,5100.500371
949.0,1507,5117.952725
745.0,1160,5131.439003
2276.0,3106,5172.300926
858.0,1158,5185.189442
796.0,1231,5199.860173
962.0,1374,5216.363256
462.0,643,5224.593747
1427.0,2017,5250.61797
2400.0,3166,5290.715553
3287.0,4355,5347.5267
2538.0,3107,5387.027435
734.0,1027,5399.398587
776.0,1124,5412.677348
2329.0,3075,5475.18476
3529.0,4483,5533.733801
2986.0,4228,5588.802892
1467.0,2049,5615.107965
3913.0,4321,5673.019286
765.0,1315,5689.864868
703.0,1155,5704.365239
1916.0,2720,5739.078192
827.0,1263,5755.288116
795.0,1379,5771.31753
1866.0,2688,5830.985798
1331.0,1697,5852.383693
3363.0,4739,5913.096998
1225.0,1863,5936.418972
2925.0,3651,5981.361277
1443.0,1857,6006.230219
3041.0,3844,6053.586924
2265.0,2883,6089.411459
868.0,1222,6104.080085
2633.0,3363,6161.318772
2622.0,3235,6202.171277
859.0,1251,6218.07323
3194.0,4166,6268.45189
2638.0,3363,6312.89933
2433.0,3011,6352.53569
807.0,1446,6370.856711
703.0,1092,6384.115744
2787.0,3779,6431.34802
1864.0,2561,6484.531814
776.0,1319,6502.042368
713.0,1155,6515.832709
2180.0,2689,6551.193604
787.0,1350,6567.525065
734.0,1071,6581.410832
2012.0,2753,6617.967327
3677.0,4962,6680.84327
2843.0,3911,6730.374715
828.0,1290,6744.945171
1738.0,2593,6776.873997
5822.0,6897,6888.976741
1721.0,2337,6919.043333
847.0,1187,6934.335436
2828.0,3938,6984.548307
755.0,1284,7001.44434
807.0,1123,7016.296794
887.0,1379,7033.979991
693.0,1155,7048.771205
1436.0,1857,7073.573545
2832.0,3843,7122.79392
868.0,1252,7138.580029
5855.0,6449,7238.581198
2402.0,2755,7274.512787
1466.0,2145,7301.91285
2715.0,3523,7348.785353
2285.0,2786,7385.244143
3671.0,4291,7439.978006
859.0,1062,7452.768782
931.0,1266,7469.148047
2999.0,3437,7525.186701
3311.0,4099,7577.213251
2077.0,2816,7611.715023
1425.0,1761,7631.630027
1538.0,2177,7659.601117
807.0,1283,7675.3976
900.0,1155,7689.629667
2800.0,3395,7733.579242
2454.0,3234,7773.991
2003.0,2816,7811.385521
2002.0,2593,7857.352794
797.0,1250,7873.598542
2905.0,3557,7920.793394
1739.0,2465,7949.718672
693.0,1219,7963.577001
1468.0,1825,7985.958699
2779.0,3459,8031.476623
2759.0,3394,8072.605407
1108.0,1537,8090.122583
859.0,1155,8103.264528
2872.0,3554,8147.819804
1938.0,2401,8200.387665
2789.0,3426,8246.622664
3111.0,3909,8298.658725
2884.0,3555,8344.995314
837.0,1250,8361.155005
797.0,1190,8376.263837
2224.0,3006,8414.008926
2664.0,3395,8455.26882
2664.0,3331,8496.947653
2915.0,3778,8563.090288
3340.0,3893,8611.285693
796.0,1156,8625.271139
2998.0,3811,8674.274194
807.0,1158,8688.778086
1380.0,1889,8712.328788
1415.0,2177,8739.678113
2633.0,3490,8785.310564
3184.0,4098,8836.623165
588.0,963,8848.424807
870.0,1252,8881.549856
735.0,996,8893.891518
3017.0,3715,8940.946539
2915.0,3431,8983.43899
714.0,964,8995.166242
1519.0,1825,9018.105437
2768.0,3426,9062.099541
3702.0,4835,9125.471624
2328.0,2978,9163.150289
2465.0,3267,9223.093044
755.0,1095,9237.174377
3028.0,3970,9283.812917
2127.0,2303,9313.063202
2284.0,2882,9348.75628
733.0,1156,9362.709277
3082.0,4226,9417.149018
2977.0,3586,9461.910161
859.0,1347,9478.933766
776.0,1122,9492.73539
1089.0,1377,9509.579649
3072.0,3682,9567.163794
2747.0,3555,9613.279088
2927.0,3619,9659.328497
3010.0,3587,9704.46007
724.0,1091,9717.401969
1719.0,2401,9749.030432
1761.0,2401,9779.288279
2286.0,2691,9813.547646
755.0,1219,9828.337015
2453.0,2786,9862.489243
2401.0,2947,9917.171565
2905.0,3714,9964.391009
2338.0,2946,10001.308675
869.0,1189,10017.358243
1329.0,1889,10041.630618
693.0,1110,10054.453706
1151.0,1430,10073.062567
2330.0,3043,10113.482692
1027.0,1313,10129.851174
2643.0,3235,10170.59054
2119.0,2753,10205.20716
2999.0,3524,10268.517957
3135.0,3779,10316.200982
859.0,1221,10331.918655
525.0,962,10344.479376
2392.0,3107,10382.585945
2528.0,3203,10423.430393
890.0,1122,10437.027079
766.0,1063,10449.779036
2550.0,3235,10490.279385
1866.0,2273,10519.105786
3463.0,4291,10593.477607
1321.0,1665,10614.16274
2707.0,3107,10654.915648
2748.0,3394,10699.611077
2841.0,3523,10745.089947
2947.0,3527,10787.519361
714.0,1107,10800.645441
828.0,1219,10814.283803
808.0,1186,10828.597576
2066.0,2433,10859.337585
1111.0,1249,10874.928266
2810.0,3330,10930.76478
1434.0,1697,10952.639549
1403.0,1633,10973.493388
765.0,886,10983.997223
765.0,1156,10997.735904
671.0,1032,11009.569743
796.0,1123,11023.951373
1990.0,2336,11054.419388
2246.0,2947,11092.233636
2464.0,3075,11131.477311
3246.0,4215,11186.687943
2140.0,2752,11220.634517
2244.0,2595,11270.240809
847.0,1251,11285.282753
1656.0,2209,11313.787956
1812.0,2358,11343.578972
943.0,1127,11358.430556
2329.0,3139,11399.175895
1488.0,1793,11421.086681
765.0,1027,11433.797962
849.0,1059,11447.705559
3300.0,3811,11496.468671
1760.0,2145,11524.764655
3362.0,3909,11576.231874
826.0,1097,11607.833206
3287.0,4067,11661.438531
869.0,1254,11676.588681
1741.0,2209,11705.612551
2265.0,2818,11741.40378
2779.0,3715,11788.869464
2255.0,2307,11818.665848
878.0,1283,11834.952445
1015.0,1537,11854.657848
807.0,1253,11870.692746
2905.0,3940,11921.915571
3021.0,3364,11985.718232
2518.0,3267,12025.63752
1078.0,1665,12046.676698
984.0,1441,12065.301865
2642.0,3427,12108.726912
2997.0,3587,12154.296098
2664.0,3075,12192.062485
2864.0,3843,12241.652476
817.0,1095,12253.865602
2360.0,3106,12311.893277
2180.0,2817,12348.205347
932.0,1217,12363.534726
1176.0,1633,12384.747366
2884.0,3344,12428.2298
776.0,1098,12441.715761
724.0,1283,12458.086269
2674.0,3298,12500.89337
2808.0,3470,12546.436712
2844.0,3331,12590.340405
901.0,1300,12605.287534
2579.0,3139,12665.388885
2242.0,2627,12699.425337
3580.0,4451,12751.972478
1489.0,1953,12775.676307
2213.0,2531,12809.468378
848.0,1129,12823.173097
2464.0,2947,12861.305714
2906.0,3555,12906.811098
2620.0,3426,12951.735749
2812.0,3330,13006.926544
807.0,1028,13019.854258
1615.0,2176,13048.070921
546.0,899,13059.1551
2623.0,2978,13097.077843
2536.0,3235,13136.426031
2085.0,2593,13168.716818
693.0,1034,13180.716332
1487.0,1825,13203.227145
849.0,1422,13219.354862
1226.0,1793,13242.116068
745.0,1032,13255.192411
2739.0,3363,13299.396285
880.0,1218,13332.97771
2696.0,3138,13371.285559
1046.0,1473,13388.408249
2055.0,2367,13417.833388
1940.0,2721,13450.757752
755.0,1224,13466.316927
2998.0,3722,13514.53413
2739.0,3587,13560.49834
2339.0,2658,13594.261346
911.0,1207,13608.868831
661.0,998,13620.225964
1106.0,1761,13665.427787
808.0,1060,13679.100075
1561.0,2001,13705.679245
2886.0,3789,13755.488786
963.0,1441,13774.434177
1686.0,2177,13801.404162
2885.0,3394,13847.012606
1918.0,2497,13880.071426
2434.0,3074,13919.287988
609.0,899,13928.996435
2926.0,3812,13979.600971
3061.0,3492,14037.075946
692.0,995,14049.351267
807.0,1158,14064.462336
1698.0,2177,14090.424932
3434.0,3926,14139.909383
2906.0,3555,14186.835135
3506.0,4355,14242.336074
785.0,1283,14258.672641
1865.0,2209,14286.657634
4616.0,5473,14375.495733
2781.0,3299,14416.887996
776.0,1222,14432.67309
2023.0,2305,14462.352635
2602.0,3267,14503.821003
2276.0,2595,14536.013185
2204.0,3138,14577.029758
1289.0,1825,14599.824779
1635.0,1985,14625.601859
3238.0,3951,14689.125837
2328.0,2595,14721.408122
3321.0,3983,14771.527714
2883.0,3587,14817.943338
1111.0,1473,14835.923735
3124.0,3561,14882.033877
2348.0,2595,14913.972204
1738.0,2240,14944.229507
2296.0,2946,14981.417688
3112.0,4078,15052.871835
1217.0,1537,15070.794198
2147.0,2721,15104.785677
3144.0,3791,15152.853269
2915.0,3397,15197.655082
3309.0,4119,15250.39078
630.0,1059,15262.742025
3455.0,4038,15314.24233
1310.0,1825,15337.856025
2297.0,3427,15396.598776
2034.0,2432,15426.186965
2706.0,3331,15468.142374
1709.0,2054,15494.447033
2484.0,3011,15531.100429
1152.0,1601,15551.275609
2402.0,2723,15587.526495
1761.0,2304,15617.214953
2726.0,3107,15658.125555
817.0,1251,15673.908442
2023.0,2337,15720.317649
3485.0,4012,15772.211583
693.0,1254,15788.431879
1730.0,2369,15820.320913
755.0,1155,15834.415372
2675.0,3043,15874.2972
3195.0,3650,15921.829596
2232.0,2976,15959.648045
2202.0,2529,15989.501638
849.0,1030,16002.72353
1992.0,2753,16036.33269
1404.0,1665,16077.460531
2989.0,3276,16118.765132
1164.0,1569,16139.125655
3425.0,3511,16184.62039
2129.0,2368,16215.359836
860.0,1098,16229.76242
2560.0,3011,16269.872454
2495.0,3010,16307.071165
2431.0,2946,16342.088961
1110.0,1505,16361.253013
1582.0,2209,16404.880325
3819.0,4065,16455.98033
1342.0,1825,16480.373994
818.0,1155,16494.70311
2654.0,3106,16535.157002
1636.0,2049,16561.560091
3247.0,3855,16611.870014
2665.0,3139,16650.661587
953.0,1313,16666.405517
2663.0,3235,16709.996421
837.0,1155,16723.040899
3814.0,4673,16807.851911
1814.0,2305,16837.117512
776.0,1124,16851.827386
2067.0,2689,16884.898837
2570.0,3171,16926.534491
1993.0,2337,16954.920445
692.0,1155,16970.290784
3373.0,4355,17025.351611
3360.0,4196,17095.831527
2833.0,3525,17139.597786
2770.0,3554,17184.863369
6261.0,6674,17270.135067
2495.0,3047,17308.184245
2695.0,3234,17348.816135
2756.0,3394,17390.435508
2864.0,3396,17457.884825
1372.0,1670,17478.132782
2631.0,3139,17516.792277
3487.0,3813,17565.119735
692.0,1257,17580.344875
2044.0,2657,17612.889075
1142.0,1345,17630.45098
2674.0,3202,17672.042557
2612.0,3394,17716.390272
3994.0,4417,17792.07288
1477.0,1825,17815.990523
3205.0,3843,17865.464357
2653.0,3011,17904.001559
3702.0,4450,17962.289559
2317.0,2883,17998.105328
1887.0,2337,18027.657529
713.0,1219,18043.058695
703.0,1155,18056.871768
2045.0,2464,18089.588491
3330.0,3779,18154.444967
1610.0,2145,18179.904728
733.0,1250,18195.444556
1131.0,1697,18216.351015
3610.0,4003,18268.060238
609.0,1091,18281.992394
869.0,1346,18299.77238
807.0,1027,18313.467654
3818.0,4385,18369.414597
2988.0,3650,18412.820919
890.0,1443,18429.885395
2740.0,3235,18493.280281
2569.0,3043,18533.253191
4186.0,4721,18594.736996
2495.0,3075,18634.822041
3330.0,4036,18685.696871
3652.0,4449,18743.705363
2843.0,3426,18787.914587
2642.0,3171,18844.345545
609.0,931,18857.0487
4235.0,4897,18920.925172
2443.0,3043,18958.377255
3133.0,3818,19003.552688
3235.0,4099,19057.291199
3237.0,3652,19104.859979
870.0,1283,19121.572021
859.0,1251,19136.467792
2517.0,3011,19189.79771
2348.0,3107,19230.058623
787.0,1156,19244.28585
919.0,1544,19263.35853
2851.0,3721,19310.970503
2286.0,2979,19349.79433
3227.0,3811,19398.309556
2119.0,2689,19431.576556
2472.0,3011,19469.997587
3546.0,4099,19539.084447
828.0,1287,19555.31559
1445.0,1735,19577.306771
2693.0,3490,19622.817539
1599.0,1985,19646.951195
3287.0,4131,19700.885964
1751.0,2529,19732.603532
567.0,803,19741.588381
3059.0,3886,19791.129734
2821.0,3555,19851.79214
2296.0,3171,19892.710258
3934.0,4337,19949.803452
3121.0,3690,19996.651799
2821.0,3426,20040.535401
3519.0,3939,20086.596905
2035.0,2336,20114.620253
2317.0,2979,20152.005946
1319.0,1697,20188.409128
2790.0,3619,20234.80626
1866.0,2113,20261.65914
1476.0,1953,20283.601334
818.0,1190,20298.907467
3382.0,3876,20351.271081
3084.0,3651,20398.093415
818.0,1059,20411.169362
2987.0,3461,20455.920225
2716.0,3171,20496.494106
3039.0,3404,20562.742133
766.0,1090,20576.194204
1939.0,2305,20606.836994
4474.0,4785,20667.919298
3422.0,3907,20716.181241
797.0,1188,20729.995815
2453.0,3267,20772.787272
2148.0,2657,20808.953776
2759.0,3235,20874.405766
828.0,1379,20891.843508
2161.0,2465,20922.672564
3124.0,3875,20972.937587
818.0,1284,20988.832789
3239.0,3695,21038.709271
2244.0,2690,21073.023654
3380.0,3811,21122.641388
1686.0,2016,21148.195581
3049.0,4195,21220.218574
3434.0,4003,21272.146149
849.0,1251,21286.683991
2713.0,3203,21326.835096
807.0,1219,21341.760244
2338.0,2787,21378.946097
2454.0,2723,21415.6359
3082.0,3688,21463.916276
3166.0,3427,21508.602471
849.0,963,21521.020455
2329.0,2755,21580.262646
2895.0,3554,21625.282651
1236.0,1697,21648.044602
2611.0,2914,21685.437899
2998.0,3556,21732.36058
1339.0,2049,21758.852142
1245.0,1537,21778.654293
2067.0,2241,21807.744824
3112.0,3587,21855.727494
1342.0,1729,21878.544424
889.0,1027,21892.286214
2287.0,2882,21946.24227
1603.0,2144,21974.550461
2957.0,3492,22018.252585
1205.0,1473,22037.152974
1120.0,1377,22054.99616
2223.0,2786,22089.937057
797.0,1061,22103.32801
1341.0,1729,22125.948516
672.0,1026,22137.629735
672.0,1062,22151.595366
952.0,1249,22167.313396
3874.0,4369,22224.971833
3505.0,4227,22293.297762
1350.0,1857,22317.163256
848.0,1156,22330.999537
3269.0,3970,22382.95645
2895.0,3235,22423.01184
1383.0,1601,22443.259598
2108.0,2401,22474.061359
2189.0,2496,22505.912328
891.0,1001,22519.037953
2935.0,3650,22567.534915
3475.0,3875,22639.667983
1299.0,1718,22662.152053
2914.0,3571,22708.053108
2371.0,3170,22749.474409
1080.0,1409,22767.474238
2905.0,3428,22812.432351
983.0,1313,22828.895086
4469.0,5025,22895.307161
1941.0,2497,22927.341124
786.0,1219,22943.492745
4722.0,5201,23027.482229
609.0,1027,23041.171802
828.0,1058,23054.239306
953.0,1153,23067.454984
4971.0,5649,23139.217142
2088.0,2529,23171.401175
2799.0,3554,23217.151199
3317.0,3914,23265.736524
2968.0,3396,23329.560536
3612.0,4191,23381.698741
3578.0,4503,23438.766871
525.0,1058,23450.891237
2684.0,3171,23492.263214
3194.0,3684,23539.100785
2916.0,3587,23585.318188
2190.0,2433,23615.874062
3042.0,3678,23683.531497
703.0,1097,23696.190581
3010.0,3619,23741.037872
2715.0,3139,23781.810162
3039.0,3715,23827.107096
2202.0,2594,23858.449514
766.0,1091,23871.725083
504.0,802,23881.545517
1772.0,2272,23908.969798
2370.0,2722,23944.418241
910.0,1231,23959.82741
787.0,1064,23994.577558
797.0,1315,24010.125553
3238.0,3647,24057.721941
2874.0,3558,24102.172176
3360.0,3843,24150.81255
2191.0,2817,24185.11546
975.0,1185,24200.072394
2465.0,3138,24239.915239
1970.0,2273,24270.399699
4852.0,5537,24359.148548
2622.0,3042,24399.063761
1246.0,1505,24418.331565
2884.0,3555,24465.495626
3497.0,3907,24513.923054
2812.0,3427,24555.857999
2538.0,3331,24599.012138
2444.0,2883,24636.987257
2769.0,3171,24698.153646
848.0,1166,24713.542482
2223.0,2595,24746.54556
2999.0,3587,24793.047714
3121.0,3364,24833.215455
724.0,995,24846.001748
3619.0,4099,24897.313268
889.0,1283,24913.808586
2863.0,3333,24957.181688
1751.0,2241,24984.05094
869.0,1283,25001.076387
4416.0,5089,25088.448576
1905.0,2656,25121.746119
2326.0,3298,25164.653698
806.0,1122,25179.449929
3009.0,3368,25224.749142
3402.0,4205,25280.151186
867.0,1315,25296.915155
3570.0,4207,25350.806005
2379.0,2786,25404.478245
703.0,962,25415.856444
1414.0,1889,25440.015066
1296.0,1633,25461.221356
2854.0,3427,25506.827094
2305.0,2659,25541.066316
3031.0,3619,25584.548802
2360.0,2755,25621.547926
837.0,1156,25635.700227
2613.0,2947,25674.709511
2255.0,2722,25732.063107
2917.0,3780,25779.552559
3018.0,3362,25821.038582
2823.0,3300,25863.047238
3134.0,3683,25912.531152
3111.0,3588,25959.083887
1572.0,2017,25985.457203
3165.0,4034,26034.702875
1164.0,1473,26072.001587
2948.0,3464,26117.658079
3062.0,3683,26165.403172
734.0,1189,26180.978151
2141.0,2657,26215.651469
3651.0,4003,26267.63275
651.0,1155,26282.298115
3310.0,3523,26325.704971
785.0,1092,26338.927508
2560.0,3363,26382.367247
2977.0,3588,26449.14219
2328.0,2787,26486.489586
4408.0,4881,26548.034601
2360.0,3310,26590.660552
3267.0,3703,26638.290543
807.0,1318,26654.463856
2086.0,2785,26688.696498
3289.0,3907,26740.701552
357.0,545,26765.069845
1961.0,2497,26796.222211
2055.0,2497,26828.136824
4599.0,5409,26895.717063
2769.0,3235,26936.879491
1729.0,2305,26966.932933
2946.0,3434,27011.5615
1004.0,1377,27027.691763
777.0,970,27039.270757
797.0,1251,27054.880984
546.0,707,27063.585326
2642.0,3299,27127.345207
765.0,872,27137.483932
1678.0,2209,27164.460269
3009.0,3651,27210.520427
2747.0,3491,27252.561423
3228.0,3655,27297.945168
827.0,1219,27312.380801
1435.0,1697,27333.524245
2242.0,2755,27368.672028
672.0,1059,27380.910525
3104.0,3491,27444.256602
2948.0,3396,27486.663593
2558.0,3171,27526.673597
2760.0,3362,27569.312525
1202.0,1857,27593.271236
920.0,1252,27608.815978
2253.0,3107,27648.473989
1028.0,1505,27666.822388
1908.0,2497,27695.097509
776.0,1283,27711.161178
1184.0,1537,27731.654506
3549.0,3909,27796.540496
1815.0,2528,27827.986922
3413.0,4067,27880.72594
3277.0,4278,27934.134015
734.0,963,27945.759052
2215.0,2627,27979.373423
2495.0,2978,28018.028849
3177.0,3971,28072.533045
1814.0,2209,28101.397862
776.0,1124,28133.800662
2370.0,2915,28171.594851
567.0,1027,28185.109257
755.0,995,28197.165171
2874.0,3427,28242.077056
3268.0,3910,28290.915583
3454.0,4099,28345.079812
2600.0,3171,28383.741946
2833.0,3525,28428.285573
672.0,963,28440.840534
2118.0,2656,28497.04989
3580.0,4067,28549.200511
2800.0,3331,28590.921962
2328.0,2851,28627.820637
2234.0,2498,28658.948631
3134.0,3780,28708.083023
723.0,1125,28721.295309
3258.0,3587,28768.2267
2924.0,3685,28837.644201
776.0,1220,28852.847107
734.0,1092,28866.288108
2767.0,3522,28911.531388
797.0,1188,28924.52671
2194.0,2658,28958.817724
816.0,1283,28973.65744
3371.0,3779,29022.578689
900.0,1251,29039.314491
525.0,835,29049.161235
3300.0,3919,29100.780799
3933.0,4209,29182.629531
2432.0,2787,29218.911491
1938.0,2177,29246.486692
879.0,1443,29264.974345
1185.0,1569,29284.688648
807.0,1126,29298.442015
1446.0,1729,29319.766895
765.0,1219,29335.554294
2052.0,2464,29367.751904
1561.0,1921,29393.299674
2533.0,3427,29439.529619
2820.0,3170,29479.84535
776.0,1154,29494.787882
1792.0,1985,29539.727844
2201.0,2755,29576.668468
1990.0,2433,29608.00836
2895.0,3395,29652.543399
1895.0,2401,29684.198954
1427.0,1633,29705.619644
2759.0,3235,29746.874287
5971.0,6288,29828.977451
2863.0,3523,29898.870307
2369.0,2818,29932.574611
1373.0,1633,29952.715753
2665.0,3363,29995.049259
859.0,1157,30009.671964
755.0,1074,30023.401795
2915.0,3618,30066.885004
2024.0,2464,30096.712347
2485.0,2819,30134.107955
2464.0,2851,30172.029198
1677.0,1953,30197.77003
2612.0,3202,30254.043346
2359.0,3138,30292.49075
5507.0,5953,30373.534182
1382.0,1793,30395.747417
1626.0,1985,30421.261757
3985.0,4401,30478.326647
1422.0,2049,30504.370562
838.0,1283,30521.254139
3113.0,3814,30593.442124
2612.0,3266,30635.144755
3216.0,3970,30685.694929
3435.0,4131,30739.775314
1929.0,2273,30770.483126
849.0,1029,30783.997836
3281.0,3523,30827.734067
2684.0,3075,30866.348408
880.0,1219,30880.173149
2592.0,3170,30935.341681
2958.0,3396,30978.15058
2477.0,3074,31016.958308
3363.0,3555,31062.332342
1122.0,1409,31080.590062
2590.0,3299,31122.236239
3373.0,3727,31170.524466
2957.0,3523,31214.188067
2202.0,2627,31258.103605
2244.0,2531,31291.240116
857.0,1255,31306.842742
1803.0,2241,31334.33796
1625.0,2240,31360.939301
3453.0,3843,31409.536888
2526.0,3042,31449.367565
3526.0,4163,31502.647633
1289.0,1473,31519.319455
919.0,1347,31536.501991
1657.0,2017,31562.828917
3166.0,3302,31626.97963
3080.0,3811,31677.635966
4102.0,4609,31737.762376
870.0,1122,31750.703174
786.0,1122,31764.690902
3352.0,4015,31814.864531
2557.0,2979,31853.902179
2738.0,2946,31892.98148
3072.0,3735,31957.599549
796.0,1285,31973.546192
2246.0,2563,32006.385174
1540.0,1601,32026.542471
2516.0,3331,32067.797404
2727.0,3107,32106.974188
3186.0,3502,32153.018096
3453.0,3971,32202.845116
3404.0,3682,32250.002928
1761.0,2337,32300.39543
3176.0,4323,32356.675479
3331.0,3970,32407.958424
4049.0,4641,32467.256152
2128.0,2497,32500.021972
2746.0,3299,32541.217048
807.0,1029,32553.547995
3205.0,3714,32600.875319
1498.0,1953,32638.388205
2790.0,3139,32678.675942
2034.0,2657,32712.203988
2429.0,3074,32753.185432
3134.0,3726,32801.899877
1667.0,2337,32833.38006
776.0,1223,32849.146557
2170.0,2720,32883.819731
2402.0,2978,32923.118024
2622.0,3011,32981.538175
3051.0,3158,33021.512449
672.0,1030,33034.639826
2350.0,2659,33066.70915
1196.0,1601,33086.604028
1383.0,1441,33105.312334
3568.0,4069,33158.249062
3156.0,3779,33207.647244
839.0,1062,33221.073542
3048.0,3685,33266.921211
609.0,995,33278.992911
682.0,931,33290.738835
1625.0,2337,33340.296776
1897.0,2401,33371.207939
672.0,1028,33384.081627
2099.0,2465,33413.762448
910.0,1251,33428.085852
3454.0,4002,33479.986413
1215.0,1569,33500.240204
2465.0,2818,33536.651728
3153.0,3715,33585.412996
2025.0,2497,33614.442381
1624.0,1985,33639.944821
3092.0,3631,33701.534037
1414.0,1825,33724.274606
2224.0,2723,33759.761518
806.0,1317,33776.631538
2432.0,2946,33813.450867
816.0,1091,33827.182539
1908.0,2401,33858.544823
2234.0,2659,33894.39711
724.0,1123,33908.226028
828.0,931,33919.855917
1372.0,1889,33945.084902
2465.0,2915,33980.708197
2598.0,3426,34045.435835
3010.0,3395,34090.686958
3030.0,3396,34132.390638
3019.0,3363,34174.581974
1645.0,2176,34202.1683
2382.0,2979,34238.774156
1413.0,1953,34262.962084
714.0,1122,34275.986725
869.0,1219,34291.51219
3360.0,4040,34369.734151
2998.0,3525,34413.630307
2349.0,2819,34448.108569
2685.0,3011,34483.420046
3227.0,3428,34524.484331
2633.0,3202,34565.579861
1905.0,2368,34595.130464
2822.0,3139,34636.494287
3545.0,4062,34711.675094
3454.0,4023,34763.898419
1591.0,2305,34793.180646
682.0,932,34804.846687
3100.0,3811,34856.880621
2320.0,2911,34895.069108
2178.0,2657,34930.494058
1521.0,1825,34952.623202
2831.0,3366,34996.749645
3457.0,4099,35068.604347
609.0,835,35078.183239
3123.0,3939,35127.373553
3257.0,3717,35177.74434
2980.0,3491,35222.768902
3288.0,3780,35271.361988
3538.0,4126,35323.998388
776.0,1078,35337.774925
3041.0,3331,35397.976911
3402.0,3830,35444.878067
2968.0,3427,35488.196165
2053.0,2529,35519.668304
3360.0,4066,35571.421591
3164.0,3746,35619.713396
755.0,1123,35634.974956
2518.0,3010,35673.68657
2988.0,3614,35737.548555
3342.0,3687,35784.382407
3144.0,3715,35831.327094
995.0,1313,35845.99302
2453.0,2882,35882.582789
1099.0,1377,35898.149365
1424.0,1729,35920.700864
546.0,866,35931.069232
2718.0,3043,35969.810402
3123.0,3749,36016.591359
1751.0,2305,36045.266705
2684.0,3234,36107.961178
2473.0,3043,36145.762771
4016.0,4433,36202.357174
3018.0,3875,36251.254554
1804.0,2176,36279.279141
1751.0,2272,36307.73535
1278.0,1505,36325.413515
3133.0,3886,36373.751852
2602.0,3011,36440.221194
1152.0,1473,36459.007486
2212.0,2531,36492.002172
2224.0,2787,36528.015959
3580.0,4133,36578.321336
2716.0,3427,36623.43225
2989.0,3364,36666.153085
829.0,1058,36678.221021
2580.0,3047,36717.883601
3862.0,4577,36790.68
2403.0,2499,36823.197341
3703.0,4163,36876.014517
2087.0,2399,36907.394864
2561.0,2883,36945.14201
2424.0,2755,36979.247771
2739.0,3235,37022.313091
797.0,1156,37037.664888
2746.0,3299,37081.777019
2191.0,2786,37132.954912
3259.0,3685,37180.782221
2433.0,2883,37215.2976
1972.0,2113,37241.317249
3385.0,3719,37289.499449
3477.0,3846,37337.837516
2600.0,3490,37383.635024
1466.0,1670,37404.334566
818.0,1169,37419.960949
2528.0,2978,37473.842968
3373.0,3875,37522.826673
1509.0,1953,37547.933496
1132.0,1473,37566.322967
1784.0,2305,37596.236529
3590.0,4132,37649.582117
3338.0,4003,37701.890793
4481.0,5041,37766.627992
3041.0,3555,37836.995882
1290.0,1665,37857.024949
1154.0,1281,37873.743961
1331.0,1729,37894.227284
890.0,1188,37908.766027
754.0,1382,37926.164931
2967.0,3335,37967.314973
2296.0,2371,37997.86448
734.0,962,38010.219825
3537.0,3929,38062.444808
3092.0,3525,38107.28693
2398.0,2947,38164.956429
859.0,1062,38178.096714
828.0,1130,38191.59873
1886.0,2433,38221.746866
870.0,1253,38236.410977
1489.0,1569,38255.728422
3661.0,4195,38308.58315
3030.0,3214,38349.352168
1058.0,1537,38367.835605
879.0,1285,38384.509811
3029.0,3555,38429.382683
889.0,1220,38444.13606
3329.0,3742,38508.654284
3607.0,3940,38559.716748
900.0,1342,38577.180163
1027.0,1366,38595.292483
2506.0,2883,38633.494131
2864.0,3685,38680.809075
3050.0,3460,38726.967396
2968.0,3427,38770.807482
483.0,834,38781.529913
1814.0,2145,38807.742408
733.0,1090,38838.195894
755.0,1187,38852.365346
693.0,931,38864.127857
4628.0,5281,38932.704116
3312.0,3844,38982.443239
849.0,1123,38995.799014
4132.0,5201,39064.52214
869.0,1122,39079.328247
2307.0,2883,39116.103128
2431.0,2594,39149.541589
838.0,1189,39181.455762
2439.0,2915,39216.618285
2729.0,2787,39252.332296
2021.0,2496,39284.067634
2914.0,3113,39325.028137
1217.0,1537,39343.444496
2505.0,3234,39384.636835
1341.0,1537,39403.575737
5750.0,5840,39481.895839
2915.0,3459,39541.833204
3248.0,3651,39589.473703
1929.0,2145,39616.268636
2316.0,2787,39652.254696
828.0,1250,39668.20764
1867.0,2177,39694.854085
2685.0,3362,39738.66636
651.0,1059,39751.194902
3824.0,4483,39809.563155
2853.0,3810,39873.621539
525.0,770,39883.724306
2704.0,3586,39931.147972
2842.0,3074,39969.485859
818.0,1224,39985.794891
2570.0,3299,40029.684851
5857.0,6049,40110.677694
2370.0,2851,40148.817653
2674.0,2947,40187.091404
2779.0,3203,40250.237326
3549.0,3907,40301.682785
3361.0,3749,40351.542492
2759.0,3331,40396.606247
1248.0,1441,40414.574153
3239.0,3301,40456.902077
2716.0,3235,40499.057042
880.0,1219,40515.143985
3083.0,3490,40578.753921
3555.0,4424,40634.931086
2812.0,3395,40676.55489
1394.0,1985,40701.719757
3289.0,3683,40749.533196
3473.0,4069,40801.221986
2276.0,2691,40834.559648
1412.0,2049,40861.91935
4554.0,5009,40941.792707
879.0,1190,40955.747875
4565.0,4897,41017.867587
2339.0,2755,41051.64693
2834.0,3266,41093.286161
3277.0,3747,41140.489124
2538.0,2883,41175.836131
808.0,1059,41189.352156
3019.0,3491,41256.512152
2632.0,3075,41296.542894
2916.0,3363,41335.937829
828.0,1096,41348.285936
3682.0,4225,41403.085255
796.0,1187,41418.250081
672.0,1219,41432.916996
879.0,1347,41450.460305
1992.0,2432,41482.478548
2800.0,3171,41523.925769
2014.0,2592,41556.389893
808.0,1155,41571.227085
2612.0,3139,41625.32997
3165.0,3748,41673.818707
1836.0,2400,41704.165558
4930.0,5569,41776.539442
630.0,915,41787.752373
3165.0,3523,41833.587434
3060.0,3300,41876.700475
745.0,1227,41890.946706
3248.0,3876,41965.937577
3019.0,3586,42011.409674
2528.0,3106,42051.011739
1027.0,1441,42069.099152
3278.0,3628,42116.5037
4901.0,5393,42188.364987
1667.0,2272,42218.282377
3477.0,3651,42265.370566
3175.0,4047,42338.458685
1130.0,1601,42357.493226
1195.0,1377,42373.163654
1667.0,2241,42402.442285
2549.0,2851,42439.32731
609.0,1027,42452.645081
2223.0,2691,42486.026718
1447.0,1729,42507.676526
2127.0,2337,42537.840651
3217.0,3587,42585.610857
1530.0,1952,42609.027825
2643.0,3267,42665.289395
1425.0,1633,42685.08649
2728.0,3043,42724.250074
2116.0,2464,42756.092156
2316.0,2850,42793.386733
2779.0,3298,42835.329209
2413.0,2947,42872.592538
797.0,1188,42887.786856
1688.0,1985,42912.978143
3259.0,3493,42959.428325
1258.0,1697,42998.961053
734.0,1252,43015.149491
828.0,1251,43031.765431
2947.0,3244,43071.976428
4200.0,4353,43130.815759
2275.0,2435,43162.254147
2946.0,3685,43207.135999
2621.0,2978,43247.198148
961.0,1313,43263.367978
2904.0,3375,43304.637777
2021.0,2560,43357.556476
2591.0,3075,43398.312827
703.0,1031,43410.778375
703.0,1028,43422.738923
848.0,994,43435.395255
3622.0,4259,43490.795386
588.0,867,43500.451156
1487.0,2081,43525.691857
1866.0,2400,43557.121446
3043.0,3382,43600.011841
2211.0,2593,43635.515692
3870.0,4289,43709.371773
2756.0,3171,43751.099554
735.0,1036,43764.166605
1122.0,1665,43786.336178
2307.0,2530,43818.657076
2495.0,3043,43856.481117
2465.0,2786,43891.802629
849.0,1059,43905.636214
1111.0,1441,43922.410052
2978.0,3938,43971.385878
2034.0,2241,43999.331744
1224.0,1537,44046.096565
2211.0,2627,44079.00106
870.0,1251,44095.450862
3101.0,3191,44137.108417
3146.0,3812,44186.827205
3157.0,3492,44232.032946
4616.0,5297,44300.43809
2601.0,2979,44338.677961
880.0,1103,44352.684574
3113.0,3523,44417.845625
3029.0,3618,44463.918312
2045.0,2432,44494.415731
2191.0,2497,44525.640959
2633.0,2947,44564.601457
2392.0,2787,44601.318708
2256.0,2754,44636.346873
1961.0,2305,44665.726676
1299.0,1409,44681.767624
3143.0,3458,44748.666598
1434.0,1793,44771.355802
2454.0,3043,44809.265797
1153.0,1665,44830.728687
4071.0,4513,44887.042511
525.0,835,44897.009748
378.0,576,44903.294468
2611.0,3106,44943.514088
3154.0,3493,44988.731035
4261.0,4529,45049.106502
2781.0,3491,45111.900019
3654.0,4076,45164.210292
1889.0,2337,45193.551507
3258.0,4030,45243.603344
2326.0,2883,45282.010674
2337.0,2787,45318.003252
3105.0,3590,45365.30655
2317.0,2947,45419.366137
932.0,1569,45439.128351
2957.0,3458,45484.335247
1793.0,2144,45511.771172
1163.0,1633,45533.061734
3913.0,4577,45594.074716
1446.0,1729,45617.016053
2601.0,3134,45658.124092
1633.0,2145,45686.249105
2158.0,2561,45718.724024
2622.0,3459,45784.626378
3092.0,3647,45831.619929
4185.0,5073,45895.410339
357.0,545,45901.867853
3378.0,4324,45956.633794
2528.0,3043,45995.311614
899.0,1348,46010.661546
3452.0,3958,46062.474994
2717.0,3586,46133.711385
3310.0,3811,46182.34002
2897.0,3174,46221.812367
2392.0,2659,46255.898906
672.0,1187,46270.243851
1972.0,2208,46299.064123
2338.0,2754,46333.604211
3175.0,3778,46382.130166
2287.0,2531,46414.742219
2097.0,2369,46465.658111
3279.0,3683,46515.692253
745.0,1027,46529.053479
776.0,964,46541.756962
2715.0,3235,46583.742022
2423.0,2850,46619.656268
3258.0,3778,46668.404678
4453.0,5281,46735.048032
756.0,1219,46749.450715
1749.0,2496,46780.340889
1686.0,2081,46817.626656
1752.0,2080,46845.518694
2256.0,2723,46882.032631
3219.0,3556,46927.566387
2802.0,3139,46967.828894
2360.0,2499,46999.496787
2392.0,3011,47038.141926
2181.0,2529,47069.90866
3049.0,3555,47117.822274
2644.0,3234,47180.599884
3455.0,3887,47231.781774
2487.0,3267,47270.559474
859.0,1187,47286.065837
2296.0,2563,47317.873429
714.0,1287,47333.444375
2370.0,2531,47364.811568
630.0,1091,47378.276535
1194.0,1473,47396.984049
1395.0,1569,47417.244986
1436.0,1985,47442.204153
1885.0,2561,47490.297921
2044.0,2208,47517.231373
2233.0,2627,47550.9059
2726.0,3266,47590.053205
2182.0,2755,47626.299007
3561.0,4035,47677.086713
2947.0,3619,47723.601847
2476.0,2914,47760.678732
1752.0,2127,47786.621582
3682.0,4214,47859.748392
2601.0,2787,47896.812618
817.0,1095,47911.271217
2967.0,3300,47953.686521
5215.0,5185,48019.666891
2663.0,3139,48056.600575
3009.0,3748,48105.296653
2508.0,3235,48146.076164
734.0,1154,48176.130929
672.0,866,48186.67249
3174.0,3779,48236.270638
2791.0,3427,48280.491158
2966.0,3587,48328.804289
2444.0,3138,48368.216851
2505.0,2722,48404.074037
2601.0,2946,48443.216835
2916.0,3717,48490.714993
1929.0,2433,48543.503124
797.0,1189,48558.455826
2400.0,2975,48597.146584
3122.0,3559,48641.567397
850.0,1060,48654.21178
859.0,1187,48669.125813
2706.0,3138,48708.233997
2413.0,2883,48744.381931
1675.0,2145,48771.957251
2129.0,2785,48807.711462
3371.0,3653,48871.545184
1876.0,2273,48898.623332
818.0,1091,48911.744927
2895.0,3500,48958.017588
692.0,964,48969.976449
2801.0,3251,49011.338164
2315.0,2755,49047.335214
776.0,1220,49062.453614
2728.0,2979,49101.042255
2579.0,3011,49140.525279
1865.0,2209,49168.862187
786.0,995,49180.697843
3206.0,3910,49250.504711
1107.0,1793,49274.337436
1572.0,2081,49300.341331
2474.0,2915,49339.406464
3526.0,4036,49389.769336
1108.0,1665,49410.755732
3008.0,3703,49459.734159
3301.0,3682,49505.364753
1056.0,1409,49522.77389
2978.0,3461,49584.660248
2034.0,2401,49615.199873
859.0,1250,49631.245673
869.0,1252,49646.692116
2001.0,2369,49677.098654
745.0,965,49688.990025
2454.0,2755,49723.381843
2423.0,2787,49758.624405
2799.0,2979,49795.870812
3247.0,3683,49844.351581
1887.0,2209,49872.234173
3144.0,4067,49947.916904
1066.0,1441,49966.203267
2370.0,2883,50003.320275
2739.0,3138,50045.427271
2602.0,3011,50083.02816
2998.0,3109,50124.224872
807.0,1059,50137.10288
3787.0,4033,50188.009961
546.0,803,50198.183911
3216.0,3842,50268.48898
5122.0,5121,50335.0911
817.0,1186,50350.390049
3830.0,4401,50407.33866
1647.0,2081,50434.743357
2989.0,3493,50478.629392
2652.0,3330,50521.79102
2884.0,3300,50564.956424
744.0,1197,50579.501631
703.0,1029,50607.730243
2211.0,2497,50637.901499
2735.0,3394,50680.261392
724.0,1221,50696.130258
3010.0,3344,50739.201862
6674.0,7107,50830.121984
745.0,1105,50843.370769
2987.0,3587,50891.639346
776.0,1091,50904.134273
2959.0,3236,50960.705992
2936.0,3235,51000.87107
3008.0,3623,51047.545833
2528.0,2882,51085.799719
3206.0,3938,51134.848932
2813.0,2915,51170.4488
2108.0,2689,51205.848399
703.0,1027,51218.984214
766.0,1094,51232.608777
2180.0,2593,51280.977314
3007.0,3522,51324.829003
1783.0,2081,51352.24346
1543.0,1952,51377.501682
2884.0,3523,51421.288468
1656.0,2112,51449.36957
2095.0,2369,51479.500951
859.0,1189,51494.509145
3207.0,3716,51541.688122
1920.0,2272,51570.493222
3497.0,3843,51640.567517
4545.0,5233,51709.935073
2800.0,3299,51752.022041
838.0,1314,51766.587436
3207.0,3619,51812.411167
3381.0,3652,51858.664583
2874.0,3330,51902.173184
2926.0,3555,51949.679394
2895.0,3587,52009.324113
2274.0,2947,52045.178833
2580.0,2851,52080.781071
2529.0,2819,52115.257045
1636.0,1953,52139.589686
2760.0,3523,52185.301944
2947.0,3747,52233.662002
2685.0,2915,52272.604434
2255.0,2819,52328.415524
3351.0,3715,52375.925621
2244.0,2691,52410.431347
4145.0,4129,52463.4546
2863.0,3427,52507.887
912.0,1089,52521.481146
839.0,1222,52537.764983
2421.0,3106,52577.234262
1907.0,2240,52604.746865
672.0,1041,52617.716273
3506.0,3886,52688.326209
796.0,1189,52703.585149
2329.0,3011,52740.636833
879.0,1219,52755.645355
2823.0,3299,52796.871657
1563.0,1857,52820.577688
2161.0,2496,52853.268999
714.0,1187,52867.974102
1394.0,1569,52886.68182
2779.0,3331,52929.902079
3861.0,4385,53005.832768
766.0,1104,53019.003134
3330.0,3522,53064.484178
2401.0,2723,53098.39498
776.0,1186,53112.290639
5277.0,5329,53181.021661
713.0,1123,53194.421528
3217.0,3299,53236.053646
1949.0,2177,53263.975894
1689.0,1793,53287.258399
2213.0,2595,53321.729208
1928.0,2113,53368.260506
2844.0,3587,53414.221358
879.0,1442,53431.132139
3103.0,3907,53484.030003
2999.0,3427,53527.387027
2926.0,3459,53570.54176
3916.0,4241,53624.187739
3270.0,3587,53670.905823
2067.0,2272,53717.000232
4067.0,4529,53775.238252
2349.0,2563,53806.577225
1153.0,1505,53825.381937
1183.0,1729,53848.035781
4092.0,4321,53902.937214
1542.0,2080,53930.247805
2558.0,3235,53969.110712
3807.0,4577,54048.529311
1886.0,2529,54080.849073
879.0,1220,54094.856782
2441.0,2819,54129.701417
3040.0,3778,54178.590852
2580.0,3203,54219.868507
4239.0,4753,54279.851144
2076.0,2209,54306.148133
2127.0,2433,54335.550745
2370.0,2563,54386.913905
2853.0,3780,54434.58706
2819.0,3234,54474.478597
3320.0,3970,54525.282878
3369.0,4100,54577.739327
2874.0,3443,54624.099746
4462.0,4961,54685.946918
2212.0,3043,54748.575702
2389.0,2883,54785.601156
807.0,1187,54798.850993
796.0,1393,54814.957097
693.0,995,54826.214731
891.0,1076,54839.923349
869.0,1379,54857.491367
765.0,1093,54870.129519
1688.0,2273,54898.532141
2337.0,2722,54934.931912
2769.0,3490,54980.015108
1961.0,2560,55013.229717
2539.0,2915,55079.384039
588.0,739,55088.571773
2579.0,3202,55130.899739
3373.0,3493,55173.914147
2305.0,2978,55212.678794
2328.0,2594,55246.878265
776.0,1123,55261.193194
2749.0,3235,55304.386496
3226.0,3652,55350.359293
3050.0,3716,55397.792969
2392.0,2851,55458.108236
2215.0,2499,55490.095011
734.0,1092,55504.117724
2171.0,2529,55534.273808
3030.0,3459,55578.099808
1961.0,2401,55608.536326
4686.0,4849,55669.524568
2370.0,2819,55707.147351
4062.0,4721,55792.025319
2286.0,2627,55824.513487
2517.0,2851,55861.938213
1885.0,2368,55891.862159
734.0,1187,55906.636677
483.0,643,55914.275537
2568.0,3203,55955.625332
1447.0,1505,55973.098997
848.0,1154,55987.600414
3394.0,4099,56040.762018
2087.0,2400,56071.50776
776.0,1123,56085.31923
3225.0,3927,56154.29194
3134.0,3523,56199.941318
2842.0,3491,56246.117599
3040.0,3367,56290.903093
849.0,1090,56304.201391
2967.0,3365,56346.288742
2590.0,2978,56386.958486
1339.0,1697,56406.973938
6039.0,6097,56500.26129
2704.0,3074,56539.319472
3764.0,4228,56593.506874
3821.0,4241,56648.818301
2339.0,2594,56682.427745
2455.0,2883,56721.285229
2340.0,2595,56755.164444
2033.0,2305,56783.822837
2717.0,3235,56847.354389
713.0,930,56858.185772
724.0,1092,56871.780314
4049.0,4705,56934.625785
1217.0,1633,56956.282963
3267.0,3975,57008.268361
3071.0,3375,57053.499313
2296.0,2755,57088.877778
2790.0,3171,57130.035188
3560.0,4100,57205.677711
2812.0,3171,57246.926747
2074.0,2497,57277.946336
2350.0,2499,57309.577574
3031.0,3588,57357.374136
1141.0,1441,57375.576158
3000.0,3076,57416.126756
869.0,1094,57429.728384
1615.0,2049,57456.010584
2947.0,3171,57516.751958
1729.0,2113,57544.655843
2392.0,2755,57580.424566
2382.0,3106,57618.323486
5112.0,5441,57685.91572
869.0,1156,57701.389637
4189.0,4689,57762.841964
1857.0,2529,57796.435144
2529.0,3202,57839.182411
2351.0,2659,57896.746007
4976.0,5393,57967.088823
1027.0,1313,57984.364232
766.0,1155,57999.833521
3228.0,3750,58047.705022
2999.0,3396,58092.092017
2977.0,3363,58134.577754
703.0,1029,58148.646989
3175.0,3719,58212.640995
2570.0,2947,58250.259698
2603.0,3490,58297.513955
3382.0,4017,58350.098024
2599.0,3330,58393.770453
3340.0,3510,58439.376966
3122.0,3654,58486.494434
2883.0,3554,58530.446507
3340.0,3587,58591.750113
735.0,1059,58604.065938
817.0,1091,58617.372765
1226.0,1665,58638.419722
2264.0,2690,58674.860902
3339.0,4003,58726.282358
2686.0,2915,58762.838367
1772.0,1985,58788.883786
3122.0,3623,58837.95331
2988.0,3714,58885.272229
2203.0,2307,58932.926317
1447.0,1761,58954.481606
1257.0,1761,58977.366898
2203.0,2787,59013.806892
1237.0,1569,59034.407797
2759.0,3107,59073.945537
2349.0,2787,59108.428277
3776.0,4689,59168.79082
2212.0,2947,59207.826933
1309.0,1665,59228.436111
765.0,1123,59258.12103
3040.0,3767,59305.406636
3371.0,3943,59357.094611
2463.0,2702,59392.459934
2979.0,3331,59432.533174
2766.0,3139,59475.597735
3072.0,3555,59521.057598
1077.0,1409,59537.403599
723.0,1029,59550.250697
797.0,963,59562.276076
974.0,1153,59595.329881
1309.0,1719,59617.782732
2436.0,2627,59651.883838
2664.0,2786,59688.944516
3154.0,3779,59738.365574
2592.0,2754,59773.534862
2756.0,3299,59815.095511
818.0,1111,59829.015248
900.0,1285,59845.322089
3351.0,3663,59891.889127
734.0,1027,59904.013645
3286.0,4226,59977.597675
3340.0,3620,60023.731211
3009.0,3653,60070.284812
1182.0,1479,60090.629518
2171.0,2657,60124.481903
2969.0,3709,60173.180917
1572.0,2048,60199.947151
2760.0,3170,60241.967421
806.0,1026,60254.456195
1667.0,2080,60296.581784
1310.0,1729,60319.565999
3350.0,3715,60367.80471
2276.0,2786,60404.927345
3621.0,4196,60458.078643
2883.0,3555,60505.098036
2358.0,2979,60543.500057
1435.0,1857,60568.409889
2955.0,3491,60613.906112
2443.0,2979,60670.789988
1033.0,1537,60690.253468
775.0,963,60702.450596
3218.0,3651,60749.070925
1479.0,1601,60769.920725
2968.0,3555,60815.350226
2529.0,2755,60850.814112
2296.0,2723,60886.037171
3113.0,3523,60932.522651
2675.0,3299,60990.871768
870.0,1139,61003.696626
2663.0,3331,61045.702569
483.0,739,61054.361006
1089.0,1441,61071.610572
2022.0,2432,61102.54988
5210.0,5313,61171.025667
900.0,1187,61185.262479
1731.0,2337,61215.51111
2294.0,2755,61250.28013
3434.0,3871,61300.014579
3038.0,3650,61369.203615
1488.0,2049,61394.343513
2187.0,2849,61432.467998
714.0,1156,61446.112203
2234.0,2659,61480.001007
1988.0,2401,61510.719285
651.0,990,61524.234321
2568.0,3043,61562.645827
2062.0,2752,61598.353338
2675.0,3334,61639.127112
3009.0,3619,61703.761679
3341.0,3796,61751.453163
1258.0,1665,61773.036045
2695.0,3235,61814.039076
2958.0,3523,61858.647887
3031.0,3172,61897.634183
3340.0,3651,61942.862005
2653.0,3298,61984.916706
703.0,1187,62021.364163
2925.0,3555,62068.288006
2434.0,2690,62103.663723
2305.0,2658,62137.779621
5036.0,5361,62206.392122
2411.0,2947,62243.959584
3093.0,3396,62288.28295
2097.0,2401,62319.316976
997.0,1185,62334.238543
3644.0,4177,62408.17913
1182.0,1601,62429.072844
2340.0,2819,62464.403033
1426.0,1729,62485.031771
2348.0,2787,62520.421521
2790.0,3107,62559.664012
2286.0,3043,62597.64635
1779.0,2433,62629.053277
818.0,1100,62642.973839
703.0,899,62653.759558
755.0,1218,62668.746847
2276.0,2690,62723.668639
3538.0,3971,62774.114698
1299.0,1633,62794.85493
2855.0,3332,62838.241423
3639.0,4547,62897.578999
3010.0,3427,62943.30325
1823.0,1991,62970.507379
2642.0,2783,63004.838023
1909.0,2209,63033.815022
2118.0,2241,63080.200307
1962.0,2048,63107.360584
3332.0,3830,63156.835773
1878.0,2113,63183.118235
3537.0,4095,63237.084128
3568.0,3907,63288.0741
2884.0,3556,63335.269935
1771.0,2145,63361.231859
3496.0,3971,63433.025714
1949.0,2209,63461.019279
744.0,1027,63473.26891
2482.0,3139,63515.400926
2958.0,3299,63560.141144
3650.0,4386,63615.238374
2748.0,3298,63658.145341
818.0,1187,63672.655387
1792.0,2081,63698.134724
5084.0,5792,63790.673253
2055.0,2561,63822.861827
3477.0,4131,63877.011045
2791.0,3043,63916.498795
3610.0,3842,63966.605161
3123.0,3491,64009.749787
3176.0,3748,64053.018114
2002.0,2337,64103.049031
2947.0,3491,64150.570029
2693.0,3074,64191.027101
1277.0,1665,64213.295342
932.0,1057,64226.144454
786.0,1219,64241.279396
2904.0,3468,64284.876429
2191.0,2592,64319.034927
2066.0,2401,64349.016068
3061.0,3395,64391.12938
5524.0,6001,64477.228271
1929.0,2209,64505.192027
2780.0,2947,64543.933106
2517.0,2883,64582.04047
3320.0,3846,64631.645894
2927.0,3362,64674.771557
2276.0,2691,64710.063673
1521.0,1857,64734.34439
2454.0,2979,64793.900061
2201.0,2531,64826.638168
609.0,994,64839.338306
1962.0,2401,64869.85151
3111.0,3606,64915.58704
3360.0,3907,64965.222398
661.0,900,64976.302704
2012.0,2304,65005.580109
807.0,995,65018.479581
2275.0,2915,65056.53736
2462.0,2947,65095.303727
2338.0,3075,65154.945916
3352.0,3524,65199.697171
3008.0,3557,65243.228055
995.0,1313,65259.651268
3465.0,3811,65309.442354
2801.0,3267,65351.694788
786.0,1219,65367.531968
3623.0,3873,65416.720793
2769.0,3171,65473.501573
1906.0,2145,65500.028235
651.0,963,65511.226763
3236.0,3854,65560.332849
2735.0,3235,65603.241797
2412.0,2627,65634.771398
2518.0,2659,65668.60916
3340.0,3780,65716.283745
3133.0,3203,65758.572269
858.0,1091,65771.424148
3495.0,3843,65844.247101
2318.0,2755,65877.690323
3000.0,3299,65920.147122
879.0,1091,65934.272432
2087.0,2305,65964.581888
2496.0,2818,66001.266434
3423.0,3778,66049.8632
3394.0,4318,66104.962235
3092.0,3555,66168.773139
858.0,1219,66183.557775
3207.0,3851,66232.884834
2695.0,2883,66269.205119
1581.0,1825,66291.245857
745.0,902,66301.482354
2370.0,2786,66337.55109
859.0,1189,66352.498451
2497.0,3043,66389.799633
3290.0,3587,66435.278576
2159.0,2240,66463.666226
2998.0,3140,66524.197084
2034.0,2368,66554.269882
1624.0,1857,66577.995092
2883.0,3619,66621.176687
2529.0,2819,66655.901355
2654.0,2819,66692.368604
1477.0,1857,66717.321849
1740.0,2049,66741.085688
2633.0,2882,66778.010088
1090.0,1409,66796.633573
2655.0,3046,66857.935168
3415.0,3876,66907.043342
2758.0,3074,66945.914126
837.0,1219,66962.041698
3411.0,3874,67009.276894
2548.0,2915,67046.664572
2780.0,3650,67093.331548
1448.0,1985,67118.304337
2914.0,3394,67159.345134
2916.0,3334,67223.332791
2338.0,2563,67256.563652
3342.0,3652,67302.336505
3623.0,4039,67354.606466
672.0,970,67365.863503
2822.0,3170,67405.793386
3019.0,3106,67445.026276
567.0,834,67454.234315
2865.0,3266,67497.77505
776.0,1029,67510.803548
2587.0,3170,67574.170271
3691.0,4037,67628.19334
3052.0,3203,67668.693869
3051.0,3202,67708.067621
2181.0,2530,67738.795152
3300.0,3876,67790.822819
3216.0,3519,67833.257715
2339.0,2595,67879.770183
909.0,1257,67895.775717
838.0,1251,67910.537205
1498.0,1729,67931.932314
1247.0,1505,67950.522138
6266.0,6802,68035.628781
1015.0,1313,68052.569328
1223.0,1665,68071.698446
807.0,1187,68086.858857
1426.0,1665,68107.616362
808.0,978,68119.352834
2096.0,2561,68151.870182
839.0,1029,68164.147993
1047.0,1313,68179.985041
1876.0,2273,68225.900446
2357.0,2850,68263.379766
4149.0,4641,68320.487038
2822.0,3266,68364.271901
2589.0,3202,68405.729952
3198.0,3523,68451.100675
2192.0,2273,68478.634662
1898.0,2081,68505.588495
1710.0,2113,68530.699443
3673.0,4403,68604.476614
3277.0,3591,68651.591364
869.0,1059,68663.966774
6860.0,6931,68749.427258
1677.0,1953,68775.241444
1404.0,1793,68798.665251
1308.0,1537,68817.840236
1058.0,1313,68833.543276
651.0,867,68843.376437
