#{"t_start": 1707597673.806112, "env_id": "ALE/Seaquest-v5"}
r,l,t
40.0,432,17.24401
20.0,456,23.935074
60.0,457,30.673454
40.0,446,37.104619
40.0,369,42.43053
40.0,419,48.673544
40.0,394,54.836322
0.0,359,60.654964
120.0,523,69.197612
20.0,361,74.725446
0.0,336,79.573162
20.0,327,84.338859
20.0,348,89.934207
20.0,410,95.35164
100.0,480,103.139411
20.0,415,109.700138
60.0,404,115.180104
60.0,468,122.122018
80.0,568,132.087482
140.0,697,143.825482
40.0,399,149.918616
40.0,393,156.376018
0.0,364,162.394669
100.0,458,169.624836
0.0,342,174.079666
20.0,346,179.053996
100.0,555,188.101803
120.0,568,196.504822
40.0,388,202.598841
80.0,450,209.169337
80.0,654,220.093101
60.0,411,226.687633
100.0,524,235.070336
120.0,509,242.87968
40.0,465,250.346466
140.0,662,261.209763
80.0,405,267.627787
120.0,544,276.134409
100.0,601,284.844907
180.0,752,295.661983
80.0,493,302.754003
320.0,983,318.863001
80.0,545,326.542242
100.0,586,335.983997
120.0,548,344.081297
280.0,851,357.845367
340.0,1145,376.956681
160.0,443,383.620247
440.0,1020,400.750202
200.0,679,410.476067
160.0,591,418.995958
180.0,620,428.585294
200.0,666,438.750998
200.0,746,454.010439
180.0,747,465.102556
140.0,616,474.036743
140.0,617,483.642028
240.0,794,495.88018
600.0,1809,523.790392
460.0,1555,546.754275
180.0,557,555.063625
180.0,773,567.860947
100.0,470,575.136798
340.0,1067,592.112711
180.0,697,602.626008
260.0,922,616.236709
360.0,1417,637.59119
280.0,964,652.994516
360.0,1363,674.285694
320.0,1111,691.937505
360.0,1292,713.262339
100.0,530,722.183891
140.0,482,729.62958
140.0,600,739.418763
160.0,575,749.043903
140.0,629,758.285566
320.0,842,770.534359
160.0,703,781.229343
300.0,1086,799.137093
320.0,1078,815.857149
120.0,513,823.735111
320.0,932,839.602652
180.0,658,850.036526
320.0,1001,866.351869
280.0,1074,892.097958
440.0,1413,915.338167
680.0,2111,950.406729
340.0,1154,968.366775
300.0,1071,985.900895
240.0,828,999.300865
400.0,1355,1020.754965
400.0,1373,1043.47275
140.0,620,1052.916476
320.0,1231,1073.093228
440.0,1375,1094.462808
340.0,1263,1113.00812
420.0,1337,1135.032545
400.0,1419,1156.65806
360.0,1335,1177.644534
660.0,2063,1209.685159
600.0,2031,1240.55733
380.0,1343,1261.033831
380.0,1395,1282.684897
420.0,1350,1313.978432
480.0,1600,1339.011744
740.0,2199,1375.878148
480.0,1516,1399.827869
600.0,1909,1429.526757
320.0,1098,1446.420942
640.0,1964,1479.707295
540.0,1775,1508.353834
720.0,2271,1545.447388
600.0,2007,1575.567311
600.0,2014,1605.097182
740.0,2271,1642.336804
640.0,1895,1671.418855
660.0,2071,1702.259317
540.0,1501,1741.390025
580.0,1834,1772.086673
740.0,2189,1807.312299
700.0,2279,1843.028144
500.0,1546,1866.757616
520.0,1679,1893.321309
780.0,2223,1929.261164
620.0,1911,1960.483235
720.0,2122,1995.48911
720.0,2079,2029.956464
660.0,2007,2061.996301
680.0,2122,2095.000997
740.0,2111,2128.872134
580.0,1882,2171.445105
540.0,1727,2199.447844
640.0,2017,2230.75598
540.0,1759,2256.688109
600.0,1983,2288.74244
780.0,2169,2324.523547
580.0,1719,2350.221921
720.0,2079,2382.589815
760.0,2191,2417.130208
760.0,2167,2452.902647
580.0,1919,2484.386516
700.0,2043,2518.042407
400.0,1357,2537.767508
700.0,2012,2582.177965
580.0,1711,2609.532933
680.0,2015,2642.911916
780.0,2255,2680.101096
760.0,2279,2716.751547
780.0,2100,2748.004787
780.0,2093,2781.911246
760.0,2056,2814.915152
800.0,2271,2850.932842
760.0,2191,2885.559427
720.0,2114,2919.213117
620.0,1807,2946.139133
700.0,2184,2997.010603
780.0,2085,3030.222279
680.0,1902,3059.817088
940.0,2629,3101.753993
780.0,2151,3134.529648
760.0,1974,3163.605359
600.0,1568,3187.701994
780.0,2071,3219.181731
740.0,2150,3254.273276
520.0,1562,3279.584969
560.0,1549,3304.147898
620.0,1756,3332.538334
780.0,2103,3367.710186
660.0,1870,3395.979339
500.0,1471,3433.087035
720.0,1908,3461.993221
820.0,2256,3497.792494
860.0,2247,3532.245423
720.0,2031,3564.532516
660.0,1877,3594.534181
780.0,2124,3629.088801
840.0,2174,3663.676672
600.0,1580,3688.523528
780.0,2115,3722.640369
620.0,1835,3751.699584
740.0,2059,3782.445233
560.0,1457,3805.033925
740.0,1996,3851.370247
700.0,1952,3881.860696
800.0,2263,3919.904341
800.0,2263,3955.988298
720.0,2204,3990.700668
780.0,2125,4025.430585
720.0,1775,4054.211642
700.0,1879,4084.274019
600.0,1790,4112.648219
680.0,1829,4143.765318
560.0,1711,4170.394696
680.0,1879,4201.280531
720.0,1852,4230.236905
540.0,1514,4271.333824
760.0,2109,4306.522953
700.0,1867,4335.527794
700.0,1639,4360.914143
600.0,1497,4384.663213
540.0,1367,4407.322632
780.0,1852,4436.356608
540.0,1230,4455.316383
280.0,796,4466.229666
620.0,1371,4487.432788
640.0,1389,4509.24362
860.0,2175,4544.051481
800.0,1903,4575.610273
820.0,1708,4603.911451
760.0,1724,4632.797914
900.0,1903,4663.406653
820.0,1700,4704.60353
720.0,1519,4728.52371
1000.0,1932,4760.524469
1040.0,2271,4796.902277
380.0,925,4811.673631
600.0,1471,4833.916467
800.0,1613,4860.613497
1040.0,1905,4890.857778
600.0,1564,4916.138826
840.0,1532,4940.599413
700.0,1305,4961.89658
1040.0,1845,4991.056542
740.0,1378,5012.790126
960.0,1995,5046.174933
900.0,1919,5076.766319
960.0,1983,5109.185087
1200.0,2015,5154.323515
1220.0,2063,5187.648824
860.0,1819,5215.532465
1260.0,2207,5251.563422
820.0,1680,5277.957791
1080.0,2202,5313.675116
900.0,1628,5339.712667
940.0,1821,5368.938667
1200.0,2122,5404.014286
940.0,1689,5430.193943
760.0,1424,5453.118507
1100.0,1911,5484.398161
980.0,1691,5511.472512
1080.0,1815,5555.876992
1240.0,2207,5592.308668
1000.0,1743,5620.241323
1020.0,1760,5647.552172
1160.0,1959,5678.834211
1080.0,1839,5708.417937
960.0,1959,5739.854726
1240.0,1967,5770.49337
1200.0,1943,5799.545389
1200.0,2015,5833.69039
1260.0,2239,5868.892379
1140.0,1935,5900.464173
1480.0,2186,5936.386739
1420.0,2267,5986.343029
1440.0,2234,6021.055982
1380.0,2207,6055.270231
1400.0,2223,6091.256683
1340.0,2159,6126.21564
1520.0,2271,6161.037872
1060.0,1887,6190.173797
840.0,1463,6213.542725
1460.0,2271,6249.394688
1060.0,1713,6277.356468
860.0,1448,6300.939773
1220.0,1943,6332.944223
1260.0,1899,6364.497982
1180.0,1951,6411.203487
900.0,1616,6436.7422
1380.0,2263,6473.241343
1420.0,2271,6509.743717
2360.0,2487,6548.68592
1320.0,2021,6581.473505
1680.0,2448,6619.368112
1520.0,2271,6653.531307
1460.0,2271,6688.735939
1160.0,1883,6717.954767
1140.0,1791,6745.735877
1440.0,2231,6781.571089
1380.0,2199,6834.057148
1040.0,1823,6862.162618
1260.0,1903,6891.597281
1040.0,1727,6919.177587
1400.0,2271,6956.10198
1460.0,2223,6991.181505
1240.0,1951,7021.965697
1540.0,2271,7060.136184
760.0,1319,7081.384491
1200.0,1871,7111.625229
1500.0,2271,7147.458507
1440.0,2175,7182.717856
1440.0,2250,7218.242785
1380.0,2271,7269.54129
1480.0,2207,7304.375832
1160.0,1863,7332.947232
1440.0,2239,7368.56638
1480.0,2271,7406.549996
1440.0,2242,7442.503784
1160.0,1871,7472.673037
1480.0,2132,7505.971967
1540.0,2271,7543.636525
1400.0,2127,7576.810481
1540.0,2279,7612.823903
1320.0,2079,7646.327544
1540.0,2271,7697.794537
720.0,1208,7716.664472
1040.0,1743,7742.625499
1500.0,2271,7777.767649
1680.0,2354,7813.855474
1360.0,2079,7847.659242
1040.0,1653,7872.934381
1220.0,1991,7902.87619
1460.0,2271,7940.869849
1540.0,2271,7978.151351
1500.0,2271,8014.404509
1420.0,2169,8048.657506
1520.0,2271,8083.128957
1200.0,1839,8128.304391
1120.0,1814,8157.235539
1520.0,2271,8192.884933
1380.0,2026,8224.513065
1100.0,1735,8249.94175
1580.0,2271,8286.415035
1380.0,2047,8317.564986
1460.0,2271,8354.905358
1240.0,1895,8384.838006
1440.0,2207,8419.726173
1460.0,2271,8456.172169
1540.0,2219,8492.301965
1440.0,2248,8547.78416
1480.0,2271,8585.370085
1280.0,1991,8617.455165
1500.0,2279,8653.243914
1520.0,2199,8687.907422
1580.0,2271,8725.185083
1140.0,1815,8755.631441
1300.0,1975,8787.770957
1220.0,1905,8817.70634
1420.0,2154,8852.916908
1520.0,2279,8888.457353
1520.0,2279,8924.196872
1300.0,1900,8970.570016
1080.0,1699,8998.382757
1560.0,2271,9034.533273
1320.0,2047,9067.371162
1520.0,2271,9105.248025
1460.0,2271,9139.849828
1500.0,2271,9175.001445
1600.0,2271,9210.204504
1520.0,2271,9245.197488
1460.0,2151,9280.039999
1440.0,2127,9312.947754
1500.0,2271,9347.798719
1220.0,1919,9397.570889
1540.0,2271,9433.577029
1260.0,1991,9466.842575
1540.0,2239,9502.945997
1460.0,2271,9536.610513
1260.0,1863,9564.275331
1460.0,2271,9597.958511
1540.0,2271,9634.573486
1540.0,2271,9670.810705
1140.0,1815,9699.815569
1440.0,2152,9734.995331
880.0,1404,9757.994897
1440.0,2183,9811.413489
1580.0,2271,9847.100145
1500.0,2111,9880.071692
1500.0,2279,9916.235069
860.0,1403,9938.357177
1520.0,2271,9974.676116
1160.0,1711,10002.593666
1240.0,1930,10033.545574
1260.0,1975,10064.841024
1500.0,2271,10100.13391
1320.0,1983,10130.035813
1420.0,2271,10165.829733
1500.0,2271,10203.356097
1540.0,2271,10257.235619
1540.0,2271,10292.27378
1600.0,2271,10329.454059
1360.0,2079,10363.652901
1640.0,2271,10400.659212
1540.0,2271,10438.694991
1580.0,2271,10474.511413
1540.0,2271,10509.822115
1560.0,2271,10546.153331
1560.0,2271,10583.545057
1560.0,2271,10620.391075
1480.0,2271,10674.063552
1380.0,1999,10706.710051
1480.0,2271,10740.039416
1400.0,2124,10775.009905
1280.0,1943,10807.448484
1600.0,2271,10844.849263
1240.0,1930,10876.549921
1280.0,1804,10906.106124
1240.0,1860,10934.979944
1540.0,2271,10971.024672
1560.0,2271,11007.230953
1220.0,1863,11035.556783
1420.0,2103,11071.609608
1480.0,2271,11124.902224
1300.0,1887,11156.066622
1280.0,2031,11188.802378
1260.0,1886,11220.255524
1580.0,2271,11257.470799
1220.0,1917,11287.455471
1440.0,2271,11325.121002
1000.0,1539,11350.22579
1500.0,2271,11387.879842
1280.0,1907,11417.580713
1260.0,1916,11449.099631
1300.0,2020,11482.113944
1580.0,2271,11536.437294
1600.0,2279,11573.740199
860.0,1482,11597.780367
1360.0,2271,11635.11079
1520.0,2271,11671.914065
1160.0,1775,11699.930896
1560.0,2271,11737.874869
1300.0,1967,11769.301752
1460.0,2271,11805.788171
980.0,1533,11830.639241
1400.0,2271,11869.100729
1440.0,2271,11904.842277
1300.0,2039,11934.812723
1220.0,1847,11981.242896
1520.0,2271,12016.849247
1540.0,2271,12052.738545
1520.0,2271,12089.311198
1580.0,2271,12126.760092
1520.0,2250,12158.799838
1480.0,2271,12195.556356
1180.0,1893,12226.083613
1320.0,1885,12256.551275
1420.0,2071,12290.532544
1280.0,1919,12322.093951
1540.0,2271,12360.156711
1500.0,2271,12412.703136
1560.0,2271,12448.321511
1080.0,1803,12476.138458
1540.0,2271,12510.171052
1560.0,2271,12546.559443
1300.0,1927,12576.211044
1320.0,1919,12605.074639
1520.0,2271,12641.042354
1280.0,1805,12668.641961
1460.0,2199,12703.731362
1620.0,2263,12740.696761
1460.0,2159,12776.250351
1540.0,2271,12828.525625
1580.0,2271,12864.319889
1520.0,2271,12901.678442
1580.0,2271,12937.891881
1260.0,1887,12967.253905
1540.0,2271,13004.950531
1600.0,2271,13041.476878
1560.0,2271,13076.472996
1520.0,2271,13110.605616
1580.0,2271,13147.638593
1280.0,1943,13178.750207
1440.0,2183,13212.279649
1480.0,2271,13266.189742
1580.0,2271,13303.798375
1600.0,2271,13339.7641
1500.0,2271,13377.111172
1600.0,2271,13414.295645
1180.0,1847,13443.100518
1580.0,2271,13478.008491
1240.0,1856,13505.425224
1560.0,2271,13540.143427
1260.0,1839,13568.409548
1600.0,2279,13603.395855
1260.0,1887,13633.925272
1440.0,2133,13685.881799
1400.0,2015,13718.625716
1180.0,1815,13748.90094
1480.0,2224,13783.05659
1500.0,2170,13816.991832
1640.0,2271,13851.997486
1500.0,2271,13889.276557
1380.0,2023,13922.934204
1580.0,2271,13958.940307
1180.0,1831,13988.649772
1260.0,1959,14019.871469
1220.0,1847,14048.954503
1600.0,2271,14102.981297
1520.0,2271,14139.308206
1600.0,2239,14175.627568
1500.0,2271,14212.165223
1600.0,2271,14248.127785
1620.0,2271,14284.38839
1480.0,2271,14322.092053
1340.0,2095,14355.889874
1520.0,2271,14391.923456
1600.0,2271,14426.452513
1440.0,2175,14461.368394
1540.0,2271,14511.891825
1540.0,2231,14548.516684
1320.0,2039,14580.601836
1020.0,1566,14605.242064
1560.0,2271,14641.612053
1540.0,2271,14677.149666
1540.0,2271,14714.3783
1560.0,2279,14752.435183
1100.0,1694,14779.927187
1580.0,2271,14817.14549
1560.0,2271,14853.770101
1540.0,2271,14888.184967
1600.0,2279,14943.750532
1580.0,2271,14981.605693
1600.0,2279,15018.023777
1600.0,2271,15054.266364
1600.0,2271,15092.287575
1660.0,2271,15128.930385
1660.0,2271,15164.858149
1580.0,2271,15199.600125
1340.0,2007,15232.014591
1440.0,2110,15264.173499
1380.0,1983,15295.620161
1540.0,2255,15330.807273
1640.0,2271,15384.243845
1560.0,2271,15421.726294
1200.0,1819,15449.63976
1080.0,1655,15475.700454
1460.0,2143,15511.543203
1280.0,1863,15541.187684
1400.0,2031,15572.200541
1440.0,2052,15605.243453
1600.0,2271,15641.476048
1460.0,2222,15677.741292
1520.0,2159,15710.752762
1220.0,1842,15740.018151
1540.0,2271,15778.73901
1600.0,2271,15829.800661
1580.0,2271,15865.543353
1440.0,2043,15898.426124
1580.0,2271,15934.67941
1360.0,2050,15968.288574
1620.0,2279,16005.941745
1620.0,2271,16041.948785
1620.0,2271,16079.677724
1540.0,2271,16115.228751
1520.0,2279,16151.254514
1360.0,1991,16183.996548
1280.0,1851,16229.622027
1520.0,2191,16263.374522
1620.0,2279,16298.368232
1300.0,1903,16328.798783
1400.0,2072,16363.040612
1600.0,2271,16399.294265
1240.0,1831,16429.612689
1540.0,2271,16466.146018
1620.0,2271,16501.986299
1600.0,2271,16539.077784
1440.0,2063,16569.944904
1540.0,2271,16605.177882
1220.0,1833,16651.398352
1620.0,2271,16686.42601
1220.0,1815,16714.084982
1320.0,1955,16744.844031
1500.0,2247,16779.890834
1600.0,2271,16813.743016
1460.0,2095,16848.299729
1560.0,2271,16885.258497
1600.0,2271,16921.743386
1620.0,2271,16958.266496
1620.0,2271,16996.287887
1600.0,2271,17034.345726
1540.0,2271,17088.082986
1520.0,2271,17125.467678
1440.0,2064,17156.779004
1420.0,2105,17190.357301
1440.0,2119,17224.650181
1640.0,2271,17261.005409
1600.0,2271,17297.2594
1340.0,1919,17327.485203
1580.0,2271,17361.803202
1580.0,2271,17398.143837
1560.0,2271,17435.075601
1540.0,2271,17471.39596
1620.0,2271,17527.959489
1520.0,2271,17565.160292
1280.0,1919,17595.282058
1580.0,2271,17629.944456
1620.0,2271,17665.656479
1560.0,2271,17701.411494
1640.0,2271,17737.244246
1360.0,1967,17768.78159
1100.0,1631,17795.052599
1220.0,1775,17823.934601
1580.0,2271,17858.74652
1480.0,2183,17893.717015
1540.0,2271,17947.049628
1540.0,2271,17983.097572
1520.0,2271,18018.177114
1580.0,2271,18052.744736
1500.0,2127,18086.405836
1440.0,2087,18118.990308
1620.0,2271,18156.038204
1620.0,2271,18191.918941
1620.0,2271,18230.023468
1620.0,2271,18267.226686
1620.0,2271,18301.623829
1600.0,2271,18354.62779
1620.0,2271,18391.87813
1600.0,2271,18428.378002
1640.0,2271,18464.434684
1620.0,2271,18502.540209
1620.0,2271,18540.56281
1620.0,2271,18577.321639
1620.0,2271,18612.860252
1580.0,2231,18650.206286
1580.0,2271,18686.507263
1620.0,2271,18720.194707
1620.0,2271,18755.846486
1300.0,1892,18801.701916
1520.0,2271,18836.675795
1600.0,2271,18873.455314
1580.0,2271,18908.96758
1300.0,1911,18938.006674
1560.0,2271,18971.998808
1280.0,1850,19001.221661
1600.0,2271,19038.56968
880.0,1376,19059.697156
1580.0,2271,19094.643935
1380.0,1930,19125.06606
1680.0,2271,19161.72123
1620.0,2271,19213.282864
1600.0,2271,19250.99651
1620.0,2271,19287.409619
1660.0,2271,19325.089355
1600.0,2271,19361.031277
1580.0,2271,19396.721212
1640.0,2271,19432.633405
1660.0,2271,19469.089259
1220.0,1844,19498.621113
1300.0,2007,19530.78623
1620.0,2271,19565.962851
1540.0,2271,19602.201322
1520.0,2167,19652.027534
1300.0,1871,19682.634344
1300.0,1943,19712.203876
1520.0,2226,19749.085172
1300.0,1820,19777.2385
1280.0,1870,19806.505149
1600.0,2271,19845.189994
1640.0,2271,19883.385715
1620.0,2271,19918.943542
1660.0,2271,19954.786256
1620.0,2271,19991.522889
1620.0,2271,20029.594414
1560.0,2271,20078.725913
1600.0,2271,20113.427374
1620.0,2271,20151.28303
1680.0,2271,20185.350642
1580.0,2271,20221.135455
1460.0,2063,20253.655488
1560.0,2151,20287.515831
1540.0,2271,20324.217247
1640.0,2271,20360.185003
1280.0,1871,20391.308935
1380.0,1923,20423.356769
1600.0,2271,20461.039511
1580.0,2271,20517.693845
1600.0,2271,20555.678349
1640.0,2271,20593.816276
1620.0,2271,20630.823845
1360.0,1927,20662.668542
1560.0,2223,20697.452284
1640.0,2279,20734.023162
1600.0,2271,20767.925422
1280.0,1863,20795.984102
1620.0,2271,20833.201519
1600.0,2271,20868.636802
1300.0,1887,20914.528223
1580.0,2215,20949.845193
1620.0,2271,20985.325816
1620.0,2271,21020.679975
1260.0,1823,21047.621009
1620.0,2271,21083.728837
1560.0,2271,21118.768865
1440.0,1987,21150.434942
1560.0,2271,21188.150563
1580.0,2271,21223.98262
1640.0,2271,21262.184287
1660.0,2271,21300.438723
1620.0,2271,21352.537431
1680.0,2271,21389.899143
1640.0,2271,21427.196787
1620.0,2271,21464.425445
1580.0,2239,21499.544989
1580.0,2271,21534.968477
1580.0,2271,21569.866224
1580.0,2271,21606.56429
1600.0,2271,21642.238395
1660.0,2271,21678.196944
1140.0,1695,21706.422582
1660.0,2271,21744.22836
1580.0,2271,21797.646374
1560.0,2271,21835.75251
1540.0,2167,21870.793782
1660.0,2271,21907.74236
1620.0,2279,21945.202555
1320.0,1871,21973.345294
1640.0,2271,22011.163496
1620.0,2271,22046.413145
1580.0,2271,22083.29192
1580.0,2196,22117.056918
1620.0,2271,22153.70963
1620.0,2271,22204.766481
1640.0,2271,22239.293318
1620.0,2271,22275.197162
1660.0,2271,22312.233253
1660.0,2271,22346.560828
1280.0,1911,22377.548189
1580.0,2271,22414.395951
1660.0,2271,22448.653822
660.0,1134,22464.761831
1540.0,2204,22496.764488
1660.0,2271,22533.068044
1660.0,2271,22568.504284
1640.0,2271,22622.445127
1640.0,2271,22659.32766
1600.0,2271,22694.81125
1660.0,2271,22732.513209
1600.0,2271,22770.234159
1640.0,2271,22807.450026
1640.0,2271,22845.515506
1640.0,2271,22882.19505
1580.0,2271,22919.75569
1640.0,2271,22955.606425
1660.0,2271,22990.988674
1620.0,2271,23026.637567
1620.0,2271,23080.017262
1680.0,2271,23118.057484
1240.0,1863,23147.446621
1560.0,2271,23183.598796
1260.0,1831,23211.559444
1680.0,2271,23246.74149
1640.0,2271,23284.04335
1660.0,2271,23322.367598
1620.0,2271,23358.142544
1620.0,2271,23393.681426
1640.0,2271,23428.841662
1540.0,2271,23479.9685
1640.0,2271,23517.280966
1500.0,2087,23547.910466
1620.0,2271,23584.501233
1380.0,2111,23617.451178
1560.0,2271,23653.351766
1560.0,2271,23690.388794
1640.0,2271,23724.141173
1520.0,2167,23759.905463
1640.0,2271,23798.647794
1620.0,2271,23833.200331
1660.0,2271,23870.470615
1600.0,2271,23919.86238
1340.0,1916,23949.800446
1660.0,2271,23986.113372
1020.0,1539,24010.558956
1560.0,2271,24045.990909
1640.0,2271,24081.235428
1640.0,2271,24117.295362
1620.0,2271,24153.3409
1640.0,2279,24188.29034
1640.0,2271,24224.617733
1660.0,2271,24261.076917
1620.0,2271,24297.176522
1660.0,2271,24351.666892
1620.0,2271,24386.996033
1620.0,2279,24422.90194
1620.0,2271,24458.826502
1580.0,2271,24496.055183
1620.0,2271,24533.152433
1620.0,2271,24570.468256
1660.0,2271,24605.901909
1680.0,2271,24641.943497
1640.0,2271,24678.621725
1680.0,2271,24714.930965
1640.0,2271,24768.469518
1340.0,1890,24798.057482
1680.0,2271,24835.779846
1380.0,1991,24867.286899
1640.0,2271,24903.948294
1620.0,2271,24939.101804
1660.0,2271,24975.547446
1620.0,2271,25013.140732
1640.0,2271,25048.535618
1440.0,2016,25080.991978
1360.0,1967,25113.815218
1620.0,2271,25149.073385
1580.0,2271,25201.016198
1580.0,2271,25237.431059
1660.0,2271,25274.712324
1660.0,2271,25312.341426
1680.0,2271,25348.486726
1680.0,2271,25385.661013
1640.0,2279,25420.716989
1440.0,1990,25450.955857
1440.0,2063,25484.875993
1240.0,1872,25515.015584
1600.0,2223,25551.533536
1640.0,2271,25603.462135
1380.0,1999,25633.728123
1560.0,2271,25669.31727
1640.0,2271,25707.150058
1600.0,2271,25743.958112
1620.0,2271,25780.227653
1580.0,2271,25816.112158
1640.0,2271,25852.459116
1640.0,2271,25889.045311
1640.0,2271,25924.751398
1600.0,2271,25961.487915
1660.0,2271,25996.186902
1460.0,2167,26050.652518
1460.0,2071,26084.80083
1660.0,2271,26119.650862
1620.0,2255,26155.428934
1540.0,2271,26189.367687
1600.0,2271,26225.388736
1660.0,2271,26262.458522
1120.0,1661,26288.478029
1660.0,2271,26325.067904
1400.0,1980,26356.012818
1360.0,2083,26390.384381
1660.0,2271,26427.388856
1680.0,2271,26476.416941
1640.0,2271,26513.142377
1640.0,2271,26549.427605
1640.0,2271,26586.555725
1320.0,1879,26617.078127
1620.0,2271,26653.34168
1620.0,2279,26689.435989
1660.0,2271,26725.971959
1640.0,2271,26760.732734
1660.0,2271,26797.798465
1640.0,2271,26833.437997
1620.0,2271,26885.240915
1620.0,2271,26920.678487
1620.0,2271,26957.557093
1660.0,2271,26995.552192
1640.0,2271,27032.969424
1660.0,2271,27069.601909
1600.0,2271,27104.660921
1640.0,2271,27141.481938
1640.0,2263,27177.375243
1660.0,2271,27214.466626
1600.0,2271,27252.809189
1600.0,2199,27285.418768
1440.0,2103,27337.987998
1620.0,2271,27374.945553
1660.0,2271,27409.778527
1640.0,2271,27446.374153
1660.0,2271,27482.828738
1620.0,2271,27519.178865
1640.0,2271,27557.786983
1620.0,2271,27593.083551
1680.0,2271,27629.723578
1660.0,2271,27663.032647
1640.0,2271,27700.544061
1680.0,2271,27753.303592
1380.0,1959,27784.564493
1660.0,2271,27821.693575
1600.0,2271,27857.647629
1640.0,2271,27892.654275
1240.0,1871,27921.784515
1340.0,1856,27951.026363
1160.0,1871,27980.8249
1560.0,2271,28015.250016
1580.0,2271,28053.104484
1280.0,1871,28082.528926
1660.0,2271,28116.737192
1640.0,2271,28171.639476
1660.0,2271,28209.008347
1600.0,2271,28246.816297
1660.0,2271,28283.268169
1580.0,2271,28318.162938
1560.0,2271,28356.147754
1620.0,2271,28394.164495
1340.0,1959,28425.954024
1660.0,2271,28463.988847
1620.0,2271,28501.678263
1540.0,2151,28537.260298
980.0,1495,28562.249155
1340.0,1872,28609.352401
1640.0,2271,28645.667287
1680.0,2271,28680.503084
1640.0,2271,28716.684299
1620.0,2271,28754.284336
1640.0,2271,28789.216104
1540.0,2271,28826.498131
1640.0,2271,28863.74391
1660.0,2271,28900.798342
1660.0,2279,28935.026572
1620.0,2271,28969.233411
1660.0,2271,29025.182373
1660.0,2271,29062.347518
1560.0,2271,29099.98673
1600.0,2279,29138.196352
1660.0,2271,29175.984235
1640.0,2271,29214.048983
1660.0,2271,29251.399558
1620.0,2271,29289.214896
1620.0,2215,29325.520155
1280.0,1816,29354.403261
1540.0,2111,29388.368757
1600.0,2271,29425.253827
1600.0,2271,29477.981225
1620.0,2271,29512.32428
1680.0,2271,29549.462573
1580.0,2271,29585.735427
1660.0,2271,29621.317942
1600.0,2247,29655.548054
1620.0,2271,29692.353253
1640.0,2271,29727.911282
1680.0,2271,29764.702349
1580.0,2271,29801.463801
1640.0,2271,29839.379714
1640.0,2271,29893.247295
1340.0,1927,29924.993094
1640.0,2271,29961.386415
1660.0,2271,29999.660805
1280.0,1983,30032.574607
1680.0,2279,30067.716556
1540.0,2271,30105.236001
1600.0,2271,30141.964556
1660.0,2271,30177.775289
1580.0,2271,30214.139949
1560.0,2279,30250.738421
1680.0,2271,30288.876809
1560.0,2215,30341.900597
1660.0,2271,30377.522911
1360.0,1927,30408.503191
1600.0,2239,30443.697624
1560.0,2271,30480.61359
1640.0,2271,30517.266358
1660.0,2255,30551.512529
1620.0,2271,30588.75654
1300.0,1911,30619.695235
1600.0,2271,30657.056887
1580.0,2271,30690.596597
1660.0,2271,30726.434865
1680.0,2271,30783.394232
1680.0,2271,30819.323659
1640.0,2271,30856.932565
1660.0,2271,30895.121453
1680.0,2271,30931.590776
1660.0,2271,30967.258762
1620.0,2271,31003.244598
1660.0,2271,31040.137747
1260.0,1831,31070.775614
1500.0,2127,31105.962955
1620.0,2271,31141.523747
1640.0,2279,31196.587079
1660.0,2271,31232.770639
1640.0,2271,31271.148073
1580.0,2151,31306.430218
1660.0,2271,31343.071217
1660.0,2271,31378.427654
1620.0,2271,31414.95986
1260.0,1834,31443.461068
1680.0,2271,31478.436075
1640.0,2271,31514.656468
1680.0,2271,31551.409096
1600.0,2271,31588.804093
1620.0,2271,31641.13514
1620.0,2258,31675.432346
1640.0,2271,31711.213324
1680.0,2271,31745.4886
1660.0,2271,31781.231526
1600.0,2271,31817.9856
1660.0,2271,31855.733363
1660.0,2271,31892.309686
1620.0,2271,31928.519415
1680.0,2271,31965.753412
1620.0,2271,32001.287279
1640.0,2271,32053.395204
1660.0,2271,32090.331896
1680.0,2271,32126.165404
1300.0,1887,32157.685089
1600.0,2271,32193.733444
1380.0,1959,32226.041255
1620.0,2271,32262.911798
1640.0,2271,32299.400843
1660.0,2271,32337.273656
1460.0,2055,32371.290262
1640.0,2271,32408.15745
1680.0,2271,32444.425293
1680.0,2271,32496.990952
1660.0,2271,32533.733554
1460.0,2055,32566.108483
1620.0,2271,32601.75395
1640.0,2271,32638.544245
1080.0,1599,32662.821606
1620.0,2271,32698.51982
1660.0,2271,32734.572527
1660.0,2271,32770.3155
1640.0,2271,32803.334121
1660.0,2271,32839.961643
1660.0,2271,32890.129714
1600.0,2207,32926.997542
1660.0,2271,32964.695229
1300.0,1879,32994.593936
1680.0,2271,33032.74692
1660.0,2271,33069.462783
1580.0,2271,33106.861386
1580.0,2159,33143.041731
1640.0,2271,33178.631225
1640.0,2271,33213.500281
1600.0,2271,33249.557384
1660.0,2271,33286.782156
1660.0,2271,33342.382543
1560.0,2271,33380.121869
1620.0,2271,33417.789701
1660.0,2271,33455.420264
1380.0,1911,33484.146208
1240.0,1919,33512.919519
1620.0,2271,33547.227195
1660.0,2271,33584.760236
1640.0,2271,33622.121468
1680.0,2271,33658.00242
1680.0,2271,33695.717752
1620.0,2271,33732.721349
1340.0,1879,33779.455768
1640.0,2271,33815.820348
1660.0,2271,33851.901756
1640.0,2271,33889.77111
1680.0,2271,33925.390063
1660.0,2271,33960.405413
1600.0,2263,33997.005725
1660.0,2271,34034.504064
1640.0,2271,34071.86025
1620.0,2271,34105.934879
1560.0,2271,34142.671254
1680.0,2271,34196.527627
1640.0,2279,34234.429562
1340.0,1881,34265.579587
1600.0,2271,34301.735679
1660.0,2271,34337.230836
1680.0,2271,34372.453276
1640.0,2271,34410.370153
1660.0,2271,34448.49693
1660.0,2271,34486.584662
1660.0,2271,34522.944348
1660.0,2271,34559.172262
1600.0,2271,34596.573125
1660.0,2271,34652.620302
1660.0,2271,34690.409012
1680.0,2271,34726.653632
1680.0,2271,34763.375564
1600.0,2271,34800.299177
1680.0,2271,34836.835994
1640.0,2271,34872.985798
1640.0,2271,34911.926102
1700.0,2271,34950.949739
1660.0,2271,34988.449679
1560.0,2271,35024.333871
1280.0,1863,35073.666408
1660.0,2271,35109.12925
1660.0,2271,35144.625393
1360.0,1967,35176.176594
1320.0,1879,35205.464141
1680.0,2271,35240.956096
1640.0,2271,35275.825349
1620.0,2271,35312.487516
1620.0,2271,35349.457639
1380.0,1967,35380.534674
1340.0,1927,35412.687652
1660.0,2271,35449.60468
1640.0,2271,35503.678821
1680.0,2271,35538.037845
1620.0,2271,35574.023892
1620.0,2279,35611.114413
1660.0,2252,35646.68173
1640.0,2271,35684.128416
1660.0,2271,35719.370605
1600.0,2271,35756.554205
1680.0,2271,35792.515769
1600.0,2271,35829.632766
1660.0,2271,35864.232014
1680.0,2271,35919.327008
1680.0,2271,35955.690427
1600.0,2271,35989.460693
1660.0,2271,36024.955182
1640.0,2271,36062.106544
1680.0,2271,36099.565418
1680.0,2271,36136.697694
1620.0,2271,36173.067157
1640.0,2271,36210.76882
1620.0,2271,36248.712036
1660.0,2271,36286.203837
1680.0,2271,36321.893448
1660.0,2271,36378.061929
1640.0,2271,36415.807088
1660.0,2271,36452.115205
1680.0,2271,36488.510623
1660.0,2271,36523.908223
1640.0,2271,36561.115664
1620.0,2271,36599.426326
1640.0,2271,36636.84253
1420.0,1991,36668.462469
1580.0,2271,36703.662647
1300.0,1871,36732.160464
1580.0,2271,36787.15224
1620.0,2271,36825.269147
1640.0,2271,36862.364751
1680.0,2271,36898.834411
1660.0,2271,36934.871255
1620.0,2271,36971.151697
1680.0,2271,37007.751467
1480.0,2151,37043.143367
1540.0,2127,37078.896982
1640.0,2271,37114.321215
1660.0,2271,37148.977296
1520.0,2087,37180.648546
1680.0,2271,37231.95822
1640.0,2271,37267.552859
1640.0,2271,37304.209749
1640.0,2271,37340.488878
1680.0,2271,37375.324613
1660.0,2271,37409.694623
1700.0,2271,37445.33166
1640.0,2271,37481.4087
1660.0,2271,37518.348467
1680.0,2271,37555.916659
1280.0,1911,37584.606881
1460.0,2006,37635.600169
1520.0,2271,37673.386033
1660.0,2271,37709.031248
1680.0,2271,37745.22363
1680.0,2271,37780.992442
1580.0,2271,37817.814124
1680.0,2271,37853.303206
1660.0,2271,37888.820704
1600.0,2271,37926.264243
1640.0,2271,37962.790671
1600.0,2271,38001.22562
1420.0,1951,38032.911844
1660.0,2271,38088.29211
1200.0,1774,38114.328497
1680.0,2271,38150.715666
1640.0,2271,38187.446879
1500.0,2063,38220.926842
1340.0,1919,38251.826683
1320.0,1915,38281.342016
1580.0,2271,38316.919595
1620.0,2271,38351.350407
1660.0,2271,38388.804452
1600.0,2271,38425.271347
1680.0,2271,38461.686293
1640.0,2271,38515.136474
1620.0,2271,38552.302101
1660.0,2271,38587.540761
1600.0,2271,38624.760056
1640.0,2271,38659.585658
1600.0,2271,38697.328768
1580.0,2271,38734.053405
1660.0,2271,38771.408764
1660.0,2271,38808.324832
1680.0,2271,38843.994748
1640.0,2271,38879.673227
1680.0,2271,38933.573587
1660.0,2271,38968.468729
1660.0,2271,39003.233413
1620.0,2271,39041.057173
1620.0,2271,39076.201313
1620.0,2271,39112.776483
1660.0,2271,39147.954363
1640.0,2271,39185.066854
1600.0,2207,39220.986737
1680.0,2271,39256.91043
1560.0,2271,39293.854594
1620.0,2271,39347.433876
1680.0,2271,39383.424682
1680.0,2271,39420.867464
1640.0,2271,39455.096519
1620.0,2271,39492.385453
1680.0,2271,39527.660461
1660.0,2271,39561.976772
1660.0,2271,39599.568413
1640.0,2271,39635.267257
1660.0,2271,39671.851407
1640.0,2271,39706.635515
1660.0,2271,39761.722057
1660.0,2271,39798.358442
1680.0,2271,39834.244794
1680.0,2271,39872.238405
1680.0,2271,39907.887048
1400.0,1964,39939.597288
1620.0,2271,39973.760801
1680.0,2271,40008.985293
1640.0,2279,40045.029002
1680.0,2271,40083.381545
1580.0,2199,40119.796605
1660.0,2271,40157.831123
1620.0,2271,40211.276362
1680.0,2271,40246.173232
1680.0,2271,40280.781425
1660.0,2271,40315.014225
1640.0,2271,40349.882308
1660.0,2271,40385.814439
1600.0,2271,40422.905161
1580.0,2271,40460.040011
1320.0,1919,40492.553185
1600.0,2271,40530.048819
1620.0,2271,40565.905349
1600.0,2271,40620.382445
1620.0,2271,40657.064505
1660.0,2279,40692.630421
1700.0,2271,40729.23815
1640.0,2271,40763.556984
1640.0,2271,40799.708846
1660.0,2271,40835.355092
1660.0,2271,40872.765815
1660.0,2271,40909.256153
1500.0,2151,40943.479561
1640.0,2271,40980.111237
1680.0,2271,41016.36725
1440.0,2007,41064.958623
1660.0,2271,41098.502823
1620.0,2271,41133.176908
1660.0,2271,41169.749525
1380.0,1912,41200.793778
1640.0,2271,41235.826131
1680.0,2271,41274.45138
1680.0,2263,41310.071901
1680.0,2271,41346.103167
1680.0,2279,41382.72707
1660.0,2271,41419.286144
1680.0,2271,41473.160997
1640.0,2271,41510.66057
1660.0,2271,41546.149703
1640.0,2255,41581.209272
1680.0,2271,41618.553272
1680.0,2271,41655.657604
1660.0,2271,41691.1291
1640.0,2271,41726.123249
1640.0,2279,41760.736734
1620.0,2271,41799.940961
1480.0,2174,41835.291326
1640.0,2271,41871.842986
1640.0,2271,41926.567922
1620.0,2279,41960.69138
1660.0,2271,41996.150571
1520.0,2103,42030.390669
1640.0,2271,42066.760023
1580.0,2223,42103.259896
1600.0,2271,42137.888274
1680.0,2271,42176.120039
1700.0,2271,42212.709651
1660.0,2271,42249.34064
1680.0,2271,42284.604727
1680.0,2279,42337.350438
1660.0,2271,42372.480457
1680.0,2271,42409.353282
1660.0,2271,42445.920938
1660.0,2271,42480.488675
1660.0,2271,42516.409156
1660.0,2271,42554.388963
1660.0,2271,42590.439502
1580.0,2271,42627.161519
1460.0,2075,42660.197133
1620.0,2271,42696.946348
1700.0,2271,42749.636575
1680.0,2271,42784.240808
1240.0,1847,42814.326747
1660.0,2271,42848.861777
1640.0,2263,42885.035031
1600.0,2207,42921.823966
1660.0,2271,42957.837205
1660.0,2271,42994.820239
1460.0,2060,43027.57173
1620.0,2271,43065.592124
1500.0,2119,43098.978052
1660.0,2271,43135.665164
1620.0,2271,43191.871124
1660.0,2271,43226.336681
1600.0,2215,43261.537148
1680.0,2271,43297.85921
1680.0,2271,43335.545805
1660.0,2279,43371.617257
1260.0,1824,43400.425668
1580.0,2271,43437.523664
1680.0,2271,43474.278189
1620.0,2271,43512.178301
1680.0,2271,43547.761608
1600.0,2176,43582.030349
1360.0,1951,43631.199341
1660.0,2271,43665.923815
1400.0,2015,43698.210461
1680.0,2271,43734.556837
1620.0,2271,43770.2754
1640.0,2271,43806.266808
1620.0,2271,43841.754171
1620.0,2271,43876.570492
1680.0,2271,43915.015236
1680.0,2271,43950.422213
1620.0,2207,43985.951264
1660.0,2271,44041.83293
1520.0,2127,44076.229693
1680.0,2271,44111.278606
1680.0,2271,44147.032024
1680.0,2271,44183.484164
1640.0,2271,44218.524461
1660.0,2271,44255.175376
1680.0,2271,44291.10285
1560.0,2095,44325.425146
1620.0,2271,44360.431608
1640.0,2271,44396.79396
1600.0,2271,44431.360372
1640.0,2271,44486.156065
1680.0,2271,44522.470541
1680.0,2271,44557.243486
1640.0,2279,44594.313057
1640.0,2271,44631.130908
1660.0,2271,44668.032775
1660.0,2271,44705.308783
1600.0,2271,44739.594016
1660.0,2271,44775.277616
1680.0,2271,44812.120689
1660.0,2271,44847.773509
1620.0,2271,44903.29971
1680.0,2271,44940.842141
1660.0,2271,44977.771227
1680.0,2271,45012.218994
1660.0,2271,45047.932844
1660.0,2271,45083.633266
1600.0,2271,45120.399877
1540.0,2167,45155.01249
1580.0,2271,45192.527961
1620.0,2238,45226.308995
1660.0,2271,45262.474936
1580.0,2119,45316.848789
1660.0,2271,45352.875482
1620.0,2271,45389.044718
1620.0,2271,45425.427363
1660.0,2271,45460.676819
1280.0,1815,45489.357214
1660.0,2279,45524.959941
1660.0,2271,45560.570801
1660.0,2271,45595.649329
1600.0,2266,45633.860097
1620.0,2271,45667.147288
1660.0,2271,45699.966461
1640.0,2271,45754.21219
1600.0,2271,45790.336646
1660.0,2271,45827.227896
1660.0,2271,45865.786762
1680.0,2271,45902.294911
1680.0,2271,45938.501116
1680.0,2271,45974.76824
1660.0,2271,46010.659207
1640.0,2231,46045.895333
1640.0,2271,46080.589018
1660.0,2271,46115.206601
1520.0,2271,46167.464982
1520.0,2061,46199.858391
1660.0,2271,46234.895855
1600.0,2271,46269.706367
1660.0,2271,46307.115111
1620.0,2271,46341.722479
1640.0,2271,46375.436616
1620.0,2271,46412.026495
1600.0,2271,46448.116546
1700.0,2271,46485.961719
1660.0,2271,46522.048373
1640.0,2271,46558.905601
1620.0,2271,46612.975046
1660.0,2271,46649.17572
1620.0,2271,46685.556238
1280.0,1823,46713.988218
1620.0,2263,46748.135213
1600.0,2271,46785.686975
1680.0,2271,46822.411347
1660.0,2271,46858.9089
1600.0,2279,46894.127822
1660.0,2279,46930.851686
1640.0,2271,46967.18344
1640.0,2247,47017.681898
1580.0,2263,47053.074525
1660.0,2271,47087.972745
1600.0,2271,47121.601024
1680.0,2271,47156.321165
1640.0,2271,47189.322981
1620.0,2271,47225.761539
1460.0,2103,47257.526253
1640.0,2271,47294.92247
1660.0,2271,47331.80927
1580.0,2207,47366.831906
1640.0,2271,47403.215108
1640.0,2271,47459.470282
1660.0,2271,47496.436345
1480.0,2095,47531.047218
1680.0,2271,47567.349873
1600.0,2271,47603.864683
1680.0,2271,47639.909785
1660.0,2271,47678.055053
1680.0,2271,47714.139042
1640.0,2271,47749.578015
1620.0,2271,47782.960289
1620.0,2271,47818.538034
1620.0,2271,47872.708106
1640.0,2271,47906.189393
1680.0,2271,47944.288766
1680.0,2271,47982.744326
1640.0,2271,48018.614126
1680.0,2271,48055.001407
1300.0,1823,48083.791016
1640.0,2271,48118.855343
1680.0,2271,48154.68421
1660.0,2271,48190.482585
1660.0,2271,48226.692472
1640.0,2271,48280.990942
800.0,1231,48300.935011
1640.0,2271,48340.010846
1540.0,2170,48374.656424
1360.0,1863,48404.153631
1660.0,2271,48440.413519
1260.0,1881,48471.43629
1680.0,2271,48507.795979
1680.0,2271,48544.255478
1680.0,2271,48582.903049
1680.0,2271,48617.638881
1660.0,2271,48653.104033
1620.0,2271,48689.939669
1660.0,2271,48742.609429
1660.0,2271,48781.336256
1660.0,2271,48817.851656
1680.0,2271,48856.093417
1600.0,2271,48892.332728
1640.0,2271,48929.710922
1680.0,2279,48965.591717
1660.0,2271,49003.61815
1680.0,2271,49039.86891
1600.0,2183,49075.137637
1660.0,2271,49109.29629
1620.0,2271,49163.646029
1660.0,2271,49200.432379
1640.0,2271,49234.181671
1660.0,2271,49269.122884
1300.0,1818,49297.805772
1660.0,2271,49335.287513
1680.0,2271,49370.552926
1680.0,2271,49408.118338
1680.0,2271,49444.973242
1660.0,2271,49482.513981
1680.0,2271,49516.447028
1660.0,2271,49571.179173
1620.0,2271,49608.130894
1680.0,2271,49646.163615
1680.0,2271,49683.431009
1680.0,2271,49717.561912
1620.0,2271,49753.088377
1660.0,2271,49788.6721
1660.0,2271,49824.337863
1680.0,2271,49857.577545
1680.0,2271,49891.817095
1680.0,2271,49929.857466
1640.0,2271,49967.464796
1320.0,1871,50015.006858
1660.0,2271,50050.704524
1680.0,2271,50089.06039
1640.0,2271,50126.075448
1600.0,2271,50161.602406
1680.0,2271,50198.461323
1680.0,2271,50235.556179
1660.0,2271,50271.710611
1680.0,2271,50307.67805
1680.0,2271,50344.33554
1660.0,2271,50382.157889
1680.0,2279,50436.763826
1680.0,2271,50472.61829
1660.0,2271,50508.340114
1620.0,2271,50543.533281
1600.0,2271,50580.67437
1620.0,2271,50615.496833
1680.0,2271,50651.563864
1660.0,2271,50689.892765
1680.0,2271,50724.805418
1640.0,2271,50761.494221
1660.0,2271,50798.026572
1640.0,2271,50833.115513
1660.0,2271,50885.77356
1660.0,2271,50922.694522
1620.0,2271,50958.914082
1680.0,2271,50996.96731
1640.0,2271,51034.115567
1660.0,2271,51070.67393
1660.0,2271,51106.377621
1660.0,2271,51142.219706
1660.0,2271,51179.645732
1420.0,1991,51212.402254
1620.0,2271,51250.198071
1560.0,2271,51306.882424
1640.0,2246,51343.787986
1660.0,2255,51380.120385
1280.0,1855,51407.543773
1680.0,2271,51444.486434
1680.0,2271,51481.32706
1680.0,2271,51515.743298
1680.0,2271,51552.751433
1680.0,2271,51587.73905
1580.0,2271,51623.002564
1680.0,2271,51660.5309
1620.0,2271,51697.520443
1640.0,2271,51752.823263
1600.0,2271,51789.722514
1620.0,2271,51825.722424
1680.0,2271,51861.761834
1640.0,2271,51898.093016
1620.0,2271,51936.250838
1660.0,2271,51973.383811
1700.0,2271,52009.033494
1280.0,1818,52036.859925
1560.0,2263,52073.544382
1680.0,2271,52110.577638
1660.0,2271,52163.896532
1300.0,1826,52191.384758
1620.0,2271,52227.091833
1540.0,2271,52264.208323
1620.0,2271,52300.487542
1660.0,2271,52336.148386
1620.0,2271,52372.403123
1480.0,2055,52405.912445
1660.0,2271,52442.975396
1660.0,2271,52480.497605
1680.0,2279,52516.449167
1680.0,2271,52553.674917
1660.0,2271,52607.274688
1660.0,2271,52643.432753
1280.0,1823,52673.290511
1600.0,2271,52710.382684
1320.0,1971,52744.067847
1680.0,2271,52780.722989
1700.0,2271,52817.258449
1660.0,2271,52854.19271
1680.0,2271,52888.827327
1660.0,2271,52924.917799
1640.0,2271,52961.376495
1640.0,2271,53015.220039
1620.0,2271,53052.696652
1660.0,2279,53088.305642
1560.0,2271,53124.350778
1660.0,2271,53160.67578
1640.0,2271,53198.404019
1680.0,2271,53235.145688
1680.0,2279,53270.925257
1660.0,2271,53307.773211
1680.0,2271,53344.128365
1640.0,2271,53381.202595
1680.0,2271,53416.856533
1680.0,2271,53468.111883
1680.0,2271,53502.9531
1680.0,2271,53539.727855
1640.0,2271,53577.114048
1660.0,2271,53614.082942
1640.0,2271,53648.680253
1500.0,2055,53682.424637
1660.0,2271,53718.739872
1180.0,1711,53747.536173
1660.0,2271,53785.152003
1420.0,2015,53818.424409
1620.0,2271,53871.066525
1660.0,2271,53906.450524
1620.0,2271,53942.641753
1660.0,2255,53978.776568
1640.0,2271,54015.649006
1680.0,2271,54052.756304
1640.0,2271,54089.95677
1660.0,2271,54125.116832
1680.0,2279,54158.078071
1640.0,2271,54196.442501
1680.0,2271,54233.974107
1660.0,2271,54272.365822
1680.0,2271,54327.960014
1680.0,2271,54364.162923
1680.0,2271,54398.721095
1620.0,2231,54435.061975
1640.0,2271,54471.744295
1680.0,2271,54506.611419
1640.0,2271,54543.093774
1660.0,2271,54578.879072
1600.0,2215,54612.283939
1300.0,1839,54641.942685
1700.0,2271,54677.705441
1660.0,2271,54732.697294
1660.0,2271,54768.845764
1640.0,2271,54804.5231
1700.0,2271,54841.279153
1340.0,1878,54871.808274
1680.0,2271,54907.493192
1680.0,2271,54942.491943
1660.0,2271,54978.876257
1520.0,2103,55013.960061
1660.0,2271,55049.172658
1680.0,2271,55083.049787
1680.0,2271,55121.131582
1680.0,2271,55175.859611
1620.0,2271,55214.601031
1680.0,2279,55253.246236
1620.0,2271,55290.598958
1620.0,2231,55328.624345
1640.0,2271,55365.959476
1680.0,2271,55402.380336
1680.0,2271,55440.265407
1160.0,1652,55468.41875
1600.0,2271,55503.760423
1720.0,2271,55540.707449
1640.0,2271,55594.629122
1660.0,2271,55632.742199
1680.0,2271,55669.401084
1680.0,2271,55704.690925
1660.0,2271,55740.829401
1660.0,2279,55777.413618
1680.0,2271,55814.988384
1620.0,2271,55852.081944
1480.0,2111,55886.116574
1680.0,2279,55921.54995
1700.0,2271,55958.431271
1660.0,2271,55993.694568
1680.0,2271,56044.377777
1640.0,2279,56080.742932
1600.0,2207,56115.270493
1600.0,2271,56151.688584
1600.0,2247,56187.265258
1660.0,2271,56223.968987
1680.0,2271,56259.879163
1640.0,2271,56295.920271
1660.0,2271,56330.421692
1660.0,2271,56366.257823
1640.0,2271,56400.097539
1680.0,2271,56456.910091
1640.0,2271,56494.221595
1620.0,2271,56530.867858
1660.0,2271,56568.958476
1680.0,2271,56605.974905
1680.0,2271,56643.088916
1680.0,2279,56679.484694
1660.0,2271,56716.52719
1660.0,2271,56754.473299
1680.0,2271,56791.763762
1320.0,1879,56820.19418
1700.0,2271,56871.603498
1680.0,2271,56906.326592
1660.0,2271,56939.056544
1640.0,2271,56975.428231
1680.0,2271,57011.697895
1640.0,2271,57047.783677
1680.0,2287,57083.898111
1660.0,2271,57120.090027
1680.0,2271,57157.814113
1660.0,2271,57194.061702
1680.0,2271,57230.027808
1680.0,2271,57266.055892
1440.0,1951,57315.256516
1680.0,2271,57351.455624
1640.0,2271,57389.280631
1680.0,2271,57427.524474
1680.0,2271,57463.20996
1640.0,2271,57500.538853
1680.0,2279,57535.788474
1640.0,2255,57573.066641
1640.0,2271,57611.047469
1660.0,2271,57647.569002
1680.0,2271,57684.027395
1680.0,2279,57735.608058
1420.0,2063,57768.419447
1660.0,2271,57804.786784
1680.0,2271,57843.101618
1560.0,2127,57875.945562
1620.0,2239,57911.808453
1600.0,2271,57948.58478
1700.0,2271,57986.175723
1600.0,2271,58023.047183
1660.0,2271,58058.08201
1640.0,2271,58094.127589
1680.0,2271,58129.176957
1360.0,1882,58178.479263
1660.0,2271,58215.428523
1680.0,2253,58252.474405
1660.0,2271,58288.304301
1680.0,2271,58323.925763
1640.0,2271,58359.516374
1660.0,2271,58394.652654
1680.0,2271,58430.758432
1660.0,2271,58464.849891
1680.0,2271,58501.371149
1660.0,2271,58536.579605
1680.0,2271,58589.520871
1460.0,2095,58622.949074
1680.0,2271,58660.231437
1500.0,2103,58694.138125
1680.0,2271,58731.426967
1640.0,2271,58768.107174
1680.0,2271,58804.894523
1700.0,2271,58841.201281
1660.0,2271,58877.837508
1660.0,2271,58913.77719
1640.0,2271,58950.939053
1660.0,2271,58986.965086
1660.0,2271,59043.469491
1680.0,2271,59080.935561
1700.0,2271,59115.997191
1680.0,2271,59153.169564
1680.0,2271,59189.214869
1680.0,2271,59224.574327
1400.0,1975,59255.222564
1360.0,1911,59285.257146
1660.0,2271,59321.679598
1640.0,2271,59357.036032
1360.0,1903,59387.062889
1680.0,2271,59441.805218
1660.0,2271,59478.96125
1640.0,2271,59515.128772
1600.0,2271,59551.036587
1640.0,2271,59584.962215
1660.0,2271,59621.997452
1660.0,2271,59659.123886
1660.0,2271,59696.611032
1700.0,2279,59732.320586
1680.0,2271,59769.449198
1620.0,2271,59805.421662
1620.0,2271,59840.239802
1620.0,2271,59894.238447
1660.0,2271,59932.375597
1680.0,2271,59969.325107
1640.0,2271,60006.074153
1580.0,2191,60041.508645
1680.0,2271,60077.913229
1660.0,2271,60114.742969
1680.0,2271,60152.243872
1620.0,2271,60188.507959
1640.0,2271,60225.133781
1660.0,2279,60261.917374
1680.0,2271,60316.124776
1680.0,2271,60353.34142
1680.0,2271,60390.807479
1360.0,1975,60424.670742
1700.0,2271,60460.220381
1680.0,2271,60497.053387
1600.0,2271,60533.20434
1660.0,2271,60569.355336
1440.0,2071,60601.008067
1680.0,2271,60635.983337
1660.0,2271,60672.752194
1300.0,1815,60702.248643
1620.0,2271,60757.657258
1660.0,2271,60793.854899
1680.0,2271,60831.512
1400.0,2015,60863.143562
1680.0,2263,60900.424204
1660.0,2271,60935.840045
1680.0,2271,60971.484118
1640.0,2271,61005.338648
1660.0,2271,61041.521134
1680.0,2271,61078.420435
1700.0,2255,61115.034745
1300.0,1879,61161.652893
1660.0,2271,61197.281893
1680.0,2271,61235.177153
1660.0,2279,61272.557502
1580.0,2271,61309.519802
1660.0,2271,61344.787365
1640.0,2271,61379.979648
1680.0,2271,61416.135123
1660.0,2279,61452.043353
1680.0,2271,61488.175126
1660.0,2271,61523.647243
1660.0,2271,61560.098427
1340.0,1919,61608.354793
1600.0,2271,61645.192336
1620.0,2271,61681.462523
1640.0,2271,61718.016742
1700.0,2279,61752.799647
1600.0,2271,61788.908454
1680.0,2271,61824.779194
1680.0,2271,61859.741822
1620.0,2271,61893.229596
1660.0,2271,61931.293205
1660.0,2271,61967.460931
1360.0,1847,62015.859133
1660.0,2271,62051.139809
1620.0,2271,62086.176794
1580.0,2199,62121.761389
1620.0,2271,62156.765878
1520.0,2127,62191.592509
1660.0,2271,62228.100707
1660.0,2271,62261.78023
1660.0,2271,62298.218195
1600.0,2271,62333.078944
1680.0,2271,62368.33945
1680.0,2271,62406.269883
1680.0,2271,62462.342716
1620.0,2271,62499.708889
1680.0,2271,62535.531187
1620.0,2271,62571.338882
1660.0,2271,62608.992336
1680.0,2271,62644.238618
1380.0,1919,62674.478981
1660.0,2271,62710.401919
1660.0,2271,62744.758995
1680.0,2271,62781.312215
1620.0,2240,62816.885602
1660.0,2271,62870.818339
1680.0,2271,62904.126294
1680.0,2271,62937.737058
1700.0,2271,62975.924294
1680.0,2271,63012.08201
1660.0,2271,63049.16168
1640.0,2271,63085.752392
1640.0,2271,63120.629297
1640.0,2271,63156.063148
1660.0,2271,63191.744766
1640.0,2271,63225.982845
1660.0,2271,63280.542658
1640.0,2271,63314.837556
1660.0,2271,63352.231692
1620.0,2271,63386.934713
1340.0,1927,63417.072172
1620.0,2271,63452.454607
1580.0,2271,63489.891597
1640.0,2271,63527.843226
1460.0,2175,63564.490755
1620.0,2271,63601.162289
1660.0,2271,63636.045223
1680.0,2271,63672.061907
1620.0,2271,63727.508529
1640.0,2271,63762.890564
1680.0,2271,63797.665452
1660.0,2271,63833.653128
1700.0,2271,63869.444296
1680.0,2271,63906.230893
1620.0,2271,63944.133713
1680.0,2276,63979.648542
1680.0,2271,64017.167264
1680.0,2271,64054.357882
1640.0,2271,64092.539737
1560.0,2159,64145.989135
1040.0,1519,64171.320864
1680.0,2271,64207.614718
1660.0,2271,64243.73202
1640.0,2271,64278.267549
1680.0,2271,64314.624459
1680.0,2271,64349.305562
1680.0,2271,64384.371475
1620.0,2271,64420.618636
1640.0,2271,64456.362264
1680.0,2271,64493.174074
1620.0,2271,64530.104934
1600.0,2167,64581.279795
1620.0,2271,64616.197662
1680.0,2271,64651.204163
1680.0,2271,64687.003016
1660.0,2271,64723.188104
1680.0,2271,64760.645547
1600.0,2271,64797.283531
1640.0,2271,64833.64986
1660.0,2271,64868.306167
1660.0,2271,64904.513158
1680.0,2271,64941.429317
1680.0,2271,64992.459554
1660.0,2271,65030.849733
1660.0,2271,65067.01018
1660.0,2271,65102.710929
1680.0,2270,65138.580361
1300.0,1815,65166.602366
1660.0,2279,65202.260888
1300.0,1871,65230.112636
1680.0,2279,65266.714093
1640.0,2271,65302.887211
1640.0,2271,65340.071032
1660.0,2271,65377.192869
1480.0,2039,65426.033021
1580.0,2181,65461.103756
1660.0,2271,65497.222162
1620.0,2271,65532.926179
1460.0,2039,65565.818817
1680.0,2271,65600.099956
1620.0,2207,65632.652496
1620.0,2271,65669.411276
1680.0,2253,65705.330248
1660.0,2263,65742.761031
1320.0,1831,65772.457703
1640.0,2271,65809.196471
1420.0,1959,65861.61508
1640.0,2271,65898.310203
1620.0,2271,65935.691402
1680.0,2271,65972.432802
1560.0,2271,66009.846029
1640.0,2271,66046.88932
1300.0,1911,66075.946328
1660.0,2271,66112.096789
1680.0,2271,66147.447286
1660.0,2271,66181.162493
1640.0,2271,66216.419481
1340.0,1863,66264.471187
1640.0,2271,66299.714052
1620.0,2271,66334.469171
1660.0,2279,66370.313928
1540.0,2194,66403.418548
1680.0,2271,66436.910386
1700.0,2279,66472.236899
1640.0,2271,66506.956662
1680.0,2271,66542.247625
1680.0,2271,66578.249181
1660.0,2271,66615.368397
1680.0,2271,66653.350598
1660.0,2271,66708.168173
1680.0,2259,66745.004033
1660.0,2271,66780.311057
1660.0,2271,66817.677289
1680.0,2271,66852.728625
1660.0,2271,66887.935548
1680.0,2271,66921.738378
1660.0,2271,66959.623402
1660.0,2271,66998.061222
1680.0,2271,67035.685892
1660.0,2271,67071.203487
1680.0,2271,67125.410407
1660.0,2271,67163.036086
1680.0,2271,67200.280323
1660.0,2271,67235.850846
1660.0,2271,67272.249291
1660.0,2271,67310.259385
1680.0,2279,67346.043047
1660.0,2271,67382.286488
1660.0,2271,67418.292578
1680.0,2271,67453.531125
1660.0,2271,67490.914469
1660.0,2271,67546.795009
1680.0,2271,67582.422844
1640.0,2271,67619.073475
1660.0,2271,67655.426485
1660.0,2271,67692.599991
1680.0,2271,67728.615766
1660.0,2271,67765.662249
1640.0,2271,67802.661067
1680.0,2271,67840.945201
1680.0,2271,67878.607104
1680.0,2271,67914.396171
1300.0,1817,67944.643447
1680.0,2271,67994.414881
1340.0,1887,68026.235239
1620.0,2271,68064.269559
1680.0,2271,68100.556056
1680.0,2279,68137.818589
1660.0,2271,68174.531489
1680.0,2271,68208.689436
1640.0,2247,68246.623716
1700.0,2255,68283.657673
1620.0,2271,68319.449464
1680.0,2271,68353.493631
1680.0,2271,68406.054315
1700.0,2267,68443.12777
1640.0,2271,68480.359447
1660.0,2271,68514.680756
1540.0,2119,68547.300068
1640.0,2271,68583.628382
1680.0,2271,68618.857797
1660.0,2271,68656.178066
1680.0,2271,68692.232444
1660.0,2271,68729.753969
1680.0,2271,68764.599592
1660.0,2271,68801.176239
1500.0,2127,68850.966113
1680.0,2271,68886.767468
1680.0,2271,68919.180466
1620.0,2175,68954.851116
1700.0,2271,68990.302634
1660.0,2271,69024.629598
1680.0,2271,69058.964962
1680.0,2271,69095.11975
1680.0,2271,69131.207149
1520.0,2064,69162.648428
1680.0,2271,69200.305621
1280.0,1823,69243.464672
1660.0,2271,69277.69943
1340.0,1933,69308.65978
1560.0,2199,69341.634385
1560.0,2271,69376.359561
1680.0,2271,69412.822845
1660.0,2271,69447.853881
1660.0,2271,69482.667625
1680.0,2271,69517.731775
1680.0,2271,69553.362063
1600.0,2187,69589.514943
1700.0,2271,69623.927286
1620.0,2271,69675.491943
1680.0,2271,69711.115504
1680.0,2271,69744.765313
1680.0,2271,69778.300518
1640.0,2271,69814.036226
1680.0,2271,69850.061744
1620.0,2271,69886.587373
1700.0,2271,69921.28834
1620.0,2271,69954.950627
1660.0,2271,69990.224903
1680.0,2271,70025.921288
1660.0,2271,70080.025812
1360.0,1911,70109.488023
1680.0,2271,70142.763177
1640.0,2271,70177.501108
1680.0,2271,70214.46012
1700.0,2279,70251.357116
1680.0,2271,70285.865204
1400.0,1959,70314.812426
1680.0,2271,70348.643821
1340.0,1911,70378.457211
1680.0,2271,70411.599382
1680.0,2271,70444.767104
1680.0,2271,70495.649915
1680.0,2271,70532.254175
1680.0,2271,70568.948635
1660.0,2271,70604.845969
1640.0,2267,70639.870531
1680.0,2271,70675.508955
1640.0,2271,70711.530396
1680.0,2279,70747.065898
1660.0,2271,70783.9103
1680.0,2271,70820.17524
1680.0,2271,70854.981556
1680.0,2271,70907.500071
1400.0,1951,70937.40225
1640.0,2271,70973.782168
1680.0,2271,71008.992083
1480.0,2095,71040.638541
1660.0,2271,71074.169368
1620.0,2271,71108.443413
1660.0,2279,71143.244794
1660.0,2271,71178.016491
1680.0,2271,71214.277768
1660.0,2271,71248.811243
1660.0,2271,71283.510142
1680.0,2271,71337.465096
1660.0,2271,71373.629293
1660.0,2271,71410.076552
1520.0,2072,71442.54084
1600.0,2271,71478.27528
1600.0,2271,71513.336499
1660.0,2271,71548.538293
1700.0,2271,71586.44452
1680.0,2271,71620.859473
1680.0,2271,71655.717799
1660.0,2271,71689.47384
1680.0,2271,71740.823568
1680.0,2271,71776.129606
1660.0,2271,71813.00518
1660.0,2271,71849.17437
1680.0,2271,71883.627836
1660.0,2279,71918.186052
1660.0,2271,71955.453213
1660.0,2271,71992.574584
1680.0,2271,72028.283162
1680.0,2271,72061.972038
1660.0,2271,72096.69475
1520.0,2039,72128.13625
1700.0,2271,72181.528648
1640.0,2271,72217.25844
1660.0,2271,72252.554218
1500.0,2126,72285.754128
1700.0,2246,72321.554557
1680.0,2271,72356.040095
1640.0,2271,72392.366894
1680.0,2271,72427.855264
1640.0,2271,72464.527981
1680.0,2255,72499.093424
1680.0,2271,72534.43972
1680.0,2271,72586.661883
1680.0,2279,72623.352346
1680.0,2271,72660.626834
1680.0,2279,72694.776599
1680.0,2255,72731.08095
1680.0,2271,72766.619822
1640.0,2271,72800.95505
1680.0,2271,72835.23953
1660.0,2271,72870.01557
1640.0,2239,72903.891261
1640.0,2271,72940.507843
1640.0,2271,72992.853243
1640.0,2271,73030.259755
1580.0,2191,73064.746282
1660.0,2271,73101.233931
1700.0,2271,73135.340442
1660.0,2271,73172.046637
1680.0,2271,73205.979848
1660.0,2271,73240.144504
1660.0,2271,73274.909963
1680.0,2271,73308.640321
1640.0,2271,73341.506527
1640.0,2271,73377.179193
1440.0,2007,73425.115695
1640.0,2271,73460.752174
1680.0,2271,73494.766877
1620.0,2271,73529.820891
1680.0,2271,73562.249243
1680.0,2271,73596.929045
1640.0,2271,73633.282993
1660.0,2253,73664.865004
1660.0,2271,73697.887269
1640.0,2271,73732.448929
1680.0,2271,73768.737125
1680.0,2271,73820.00726
1580.0,2271,73853.289791
1680.0,2263,73888.289843
1680.0,2271,73924.359475
1620.0,2255,73957.233955
1680.0,2271,73991.439809
1660.0,2271,74025.85225
1680.0,2271,74058.204324
1660.0,2271,74092.811067
1680.0,2271,74125.883088
1660.0,2271,74159.777546
1680.0,2271,74208.876503
1680.0,2271,74244.904209
1640.0,2231,74278.502431
1660.0,2271,74313.805179
1560.0,2175,74347.506751
1660.0,2271,74382.035056
1660.0,2271,74416.272051
1640.0,2271,74449.866152
1380.0,1919,74479.134773
1660.0,2271,74515.234606
1680.0,2271,74549.577302
1660.0,2271,74584.118298
1640.0,2271,74637.313339
1620.0,2271,74671.004863
1600.0,2279,74706.53178
1600.0,2271,74740.517217
1640.0,2271,74776.74226
1680.0,2271,74812.940583
1680.0,2271,74848.02092
1640.0,2271,74881.935073
1660.0,2271,74914.787662
1680.0,2271,74949.306845
1680.0,2279,74981.683558
1680.0,2271,75036.274074
1660.0,2271,75071.687927
1640.0,2271,75108.115299
1680.0,2271,75139.854623
1660.0,2271,75174.23059
1680.0,2271,75210.281082
1340.0,1903,75240.017034
1640.0,2271,75275.743733
1680.0,2271,75307.843816
1640.0,2271,75341.257503
1680.0,2271,75375.005926
1600.0,2271,75411.485694
1680.0,2279,75464.606688
1660.0,2271,75499.406106
1660.0,2271,75532.622088
1620.0,2271,75567.041988
1480.0,2007,75596.756198
1660.0,2271,75631.773781
1660.0,2271,75667.076592
1660.0,2271,75701.236706
1680.0,2271,75734.362177
1640.0,2271,75770.192758
1660.0,2271,75804.470842
1320.0,1823,75846.68421
1640.0,2271,75882.126115
1660.0,2271,75917.762951
1460.0,1950,75948.034505
1580.0,2271,75983.334394
1660.0,2271,76017.851004
1680.0,2255,76051.472823
1620.0,2271,76085.398907
1700.0,2271,76121.257379
1680.0,2271,76155.928245
1680.0,2271,76189.052202
1520.0,2103,76220.469219
1680.0,2271,76269.037206
1660.0,2271,76302.066289
1680.0,2271,76335.065832
1620.0,2255,76367.745847
1680.0,2271,76403.322109
1680.0,2271,76438.85774
1460.0,2111,76469.10769
1680.0,2271,76503.64598
1700.0,2271,76539.452495
1620.0,2215,76570.890673
1660.0,2271,76602.145922
1440.0,2023,76647.203666
1640.0,2271,76679.954591
1680.0,2271,76711.490111
1680.0,2271,76745.748466
1660.0,2271,76778.568483
1660.0,2271,76812.810216
1700.0,2264,76845.677147
1680.0,2271,76881.242628
1660.0,2271,76917.914422
1660.0,2271,76952.853954
1680.0,2271,76987.214291
1680.0,2271,77021.652382
1640.0,2271,77068.941569
1680.0,2252,77101.133686
1680.0,2271,77136.779778
1680.0,2271,77170.942183
1660.0,2271,77206.305502
1620.0,2271,77241.979452
1400.0,1959,77269.791247
1680.0,2271,77304.791869
1640.0,2271,77339.231478
1640.0,2279,77371.539062
1520.0,2127,77401.414936
1680.0,2271,77448.46844
1540.0,2103,77480.191466
1640.0,2271,77512.59521
1660.0,2271,77544.598262
1640.0,2271,77576.142398
1700.0,2271,77610.023561
1700.0,2263,77641.404992
1660.0,2271,77676.886553
1660.0,2271,77711.083022
1540.0,2159,77744.980493
1680.0,2271,77780.387527
1680.0,2271,77811.886537
1660.0,2271,77860.923406
1640.0,2271,77896.645631
1680.0,2271,77930.176674
1680.0,2271,77964.463118
1620.0,2247,77996.206494
1700.0,2271,78030.821684
1620.0,2271,78064.97338
1680.0,2271,78098.904666
1680.0,2271,78130.786455
1660.0,2271,78165.516362
1700.0,2271,78199.330505
1660.0,2271,78249.929265
1680.0,2271,78285.42602
1680.0,2271,78318.921034
1660.0,2271,78351.278101
1680.0,2271,78387.106741
1700.0,2271,78421.486882
1660.0,2271,78457.596514
1640.0,2271,78491.947917
1700.0,2271,78522.994072
1660.0,2271,78558.441113
1660.0,2271,78592.093055
1620.0,2271,78636.685178
1620.0,2271,78671.406199
1680.0,2271,78703.667615
1560.0,2271,78735.854906
1680.0,2271,78768.343718
1700.0,2271,78802.050647
1620.0,2271,78835.988078
1680.0,2271,78869.606077
1660.0,2271,78900.200668
1660.0,2271,78933.700258
1620.0,2271,78966.928592
1680.0,2271,79013.446467
1700.0,2271,79047.808006
1300.0,1823,79075.413605
1660.0,2271,79106.584804
1620.0,2271,79140.286848
1680.0,2271,79173.106167
1580.0,2195,79202.453695
1580.0,2151,79234.43829
1680.0,2271,79268.17727
1680.0,2271,79302.87168
1680.0,2271,79334.590418
1660.0,2271,79366.484121
1440.0,2007,79408.399716
1700.0,2271,79440.428458
1680.0,2271,79475.987405
1680.0,2271,79508.027415
1560.0,2271,79541.236782
1660.0,2271,79570.972226
1680.0,2271,79604.477484
1220.0,1823,79628.742368
1660.0,2271,79662.763019
1700.0,2271,79695.455824
1660.0,2271,79726.603599
1660.0,2271,79757.785873
1640.0,2271,79801.370185
1680.0,2279,79835.270245
1680.0,2271,79868.633362
1640.0,2269,79900.928111
1660.0,2271,79934.056874
1680.0,2271,79965.057722
1680.0,2271,79998.680062
1660.0,2271,80030.334572
1700.0,2271,80062.922216
1680.0,2271,80096.489554
1420.0,1967,80124.823227
1700.0,2271,80168.731692
1580.0,2151,80198.29006
1660.0,2271,80227.587259
1660.0,2271,80259.785339
1700.0,2271,80291.867048
1680.0,2271,80325.595386
1580.0,2155,80357.814306
1680.0,2271,80391.228956
1660.0,2271,80422.885841
1680.0,2271,80454.28319
1700.0,2271,80484.782341
1680.0,2271,80528.12809
1680.0,2271,80561.112139
1700.0,2271,80593.552827
1260.0,1815,80618.19768
1340.0,1871,80644.270689
1660.0,2271,80675.474652
1340.0,1863,80701.116631
1660.0,2271,80734.8397
1680.0,2271,80768.65135
1620.0,2271,80802.664996
1680.0,2271,80833.076579
1660.0,2271,80865.133027
1680.0,2271,80908.605164
1660.0,2271,80940.541446
1640.0,2271,80975.312474
1660.0,2271,81005.175583
1620.0,2271,81039.188828
1460.0,2039,81069.557022
1680.0,2271,81100.597052
1680.0,2271,81132.659108
1360.0,1975,81160.675861
1660.0,2271,81193.600905
1680.0,2271,81225.656741
1680.0,2271,81259.225921
1660.0,2271,81305.835109
1680.0,2271,81339.26615
1600.0,2271,81372.307492
1660.0,2271,81404.718774
1460.0,2007,81433.900364
1580.0,2191,81464.763233
1680.0,2279,81495.778234
1660.0,2271,81527.235318
1580.0,2215,81558.952673
1680.0,2271,81591.055808
1640.0,2271,81623.853677
1600.0,2271,81666.439404
1680.0,2271,81696.929192
1560.0,2096,81727.250601
1680.0,2271,81762.077498
1660.0,2271,81793.943604
1720.0,2271,81825.292527
1680.0,2271,81857.874914
1680.0,2271,81888.073819
1320.0,1855,81912.593874
1660.0,2271,81943.949979
1620.0,2215,81977.246755
1680.0,2271,82010.747118
1480.0,2059,82051.890837
1600.0,2215,82081.243021
1660.0,2271,82115.723332
1700.0,2271,82150.257392
1680.0,2271,82184.150773
1680.0,2271,82214.999943
1640.0,2271,82245.765436
1680.0,2271,82276.947064
1660.0,2271,82310.07308
1320.0,1879,82337.726255
1360.0,1919,82362.961538
1580.0,2271,82394.878515
1680.0,2271,82439.755836
1660.0,2271,82472.831539
1600.0,2182,82502.883111
1660.0,2271,82533.682577
1640.0,2271,82565.899578
1660.0,2262,82598.467525
1600.0,2271,82633.453223
1640.0,2271,82665.045814
1640.0,2271,82695.65835
1680.0,2271,82727.686786
1660.0,2271,82757.97322
1680.0,2271,82802.907483
1660.0,2271,82833.398576
1660.0,2271,82862.331306
1640.0,2271,82894.336433
1560.0,2210,82924.501964
1700.0,2279,82957.471158
1660.0,2271,82990.432563
1660.0,2279,83021.01562
1680.0,2262,83051.267206
1660.0,2271,83080.769959
1680.0,2271,83112.569321
1640.0,2271,83157.978866
1680.0,2271,83187.075989
1640.0,2215,83217.83983
1700.0,2271,83251.023644
1680.0,2271,83280.688915
1680.0,2271,83309.264747
1680.0,2271,83338.883314
1680.0,2271,83369.81295
1680.0,2271,83401.674984
1660.0,2271,83430.989985
1700.0,2279,83463.372954
1660.0,2271,83495.003583
1620.0,2271,83543.061025
1700.0,2271,83575.518859
1680.0,2271,83605.319553
1620.0,2271,83635.637876
1660.0,2271,83666.419888
1680.0,2279,83698.525857
1640.0,2271,83732.502869
1700.0,2271,83765.452943
1620.0,2271,83795.102768
1640.0,2271,83827.89478
1500.0,2271,83858.706596
1300.0,1887,83897.279738
1620.0,2271,83928.699005
1680.0,2271,83960.190672
1700.0,2271,83993.463188
1680.0,2271,84024.47656
1680.0,2271,84055.66629
1640.0,2271,84090.676196
1680.0,2271,84122.233688
1680.0,2271,84153.739258
1660.0,2271,84187.426229
1660.0,2271,84219.610861
1420.0,1967,84249.049993
