#{"t_start": 1707597675.1015458, "env_id": "ALE/Centipede-v5"}
r,l,t
435.0,480,15.648751
1487.0,666,25.245028
2696.0,739,36.044416
1227.0,551,44.269516
1542.0,752,55.00082
1190.0,582,63.409982
688.0,480,70.90734
4292.0,945,84.134495
1117.0,654,94.428664
781.0,531,102.702748
1776.0,825,114.883713
1855.0,635,123.673509
2028.0,767,135.209127
847.0,561,143.487583
413.0,336,148.184002
3805.0,728,159.328929
2935.0,869,172.797715
2020.0,486,179.634415
1368.0,488,186.859656
1904.0,814,197.802134
3356.0,766,207.935898
2364.0,682,218.266447
3879.0,926,231.164047
2911.0,803,243.782901
888.0,624,253.549994
3786.0,1292,272.75426
1137.0,447,278.338886
2685.0,712,289.384247
1756.0,668,299.977711
6504.0,815,312.044648
1767.0,793,323.666249
2171.0,866,336.550879
3004.0,776,348.207744
3195.0,1046,364.116313
1146.0,950,378.675487
2766.0,805,390.178329
2771.0,809,400.956544
3771.0,1005,422.091545
2233.0,727,433.822674
4807.0,1149,451.855543
930.0,831,464.442924
2503.0,730,475.553169
3746.0,661,485.075255
2211.0,688,495.752883
1716.0,539,503.684162
1487.0,769,515.758993
2482.0,726,527.186779
994.0,490,534.978336
1434.0,472,541.733547
1144.0,657,550.159005
5564.0,1032,565.538597
3314.0,896,578.868221
1774.0,697,589.029134
5440.0,1001,603.106758
2122.0,814,614.771327
2681.0,742,625.068205
3308.0,660,635.001476
2331.0,865,647.66986
2818.0,762,659.406768
2194.0,604,668.156565
2129.0,702,678.57118
5632.0,927,692.908441
1285.0,545,701.411635
2927.0,655,711.422285
688.0,341,716.210563
2499.0,503,723.10928
1712.0,769,733.258419
1072.0,480,739.34686
2194.0,520,746.371286
1202.0,510,753.913042
1075.0,491,761.173875
2978.0,842,773.158203
1029.0,432,778.991808
2430.0,695,789.037791
7310.0,1549,818.182528
3812.0,584,827.234951
3104.0,535,834.896449
2090.0,517,841.696757
2530.0,676,850.447192
4775.0,862,863.035399
5360.0,1121,878.765091
5235.0,957,893.398471
2432.0,867,906.109181
3021.0,583,914.076334
2240.0,446,920.519337
1481.0,719,931.007298
3820.0,896,945.05537
3502.0,972,959.768964
805.0,430,966.297738
4380.0,604,974.391579
2025.0,642,984.448428
2769.0,657,993.535362
3271.0,858,1005.943177
2750.0,873,1018.786862
3403.0,660,1028.866158
3504.0,877,1041.924992
1512.0,807,1054.321714
1655.0,625,1063.543985
1960.0,844,1075.766339
3959.0,1138,1092.250267
3155.0,1114,1108.130259
3075.0,943,1122.419128
4657.0,1349,1143.168837
4594.0,1045,1159.018268
7102.0,1246,1176.296539
3375.0,650,1185.052073
2237.0,622,1193.963304
3285.0,1066,1217.531648
2769.0,809,1229.66536
2235.0,1259,1247.414345
4290.0,832,1259.711406
3828.0,810,1270.328869
6690.0,1306,1290.188859
2612.0,757,1301.532463
1817.0,683,1312.096417
3260.0,717,1322.909528
9675.0,1563,1346.851155
1408.0,612,1355.440449
3842.0,713,1365.737152
2808.0,781,1376.868609
3097.0,769,1388.294396
3907.0,854,1400.486343
2084.0,689,1410.372889
2485.0,663,1419.182231
5631.0,1151,1436.191097
3791.0,753,1446.716468
4572.0,831,1459.053808
2390.0,602,1468.036381
1925.0,598,1476.993159
4440.0,892,1490.369532
2274.0,657,1500.063965
3279.0,875,1513.591972
9466.0,1449,1536.34022
2009.0,652,1545.100702
4004.0,886,1558.309595
3139.0,682,1567.516462
2603.0,1151,1585.069338
758.0,549,1598.245594
3211.0,706,1608.838702
4130.0,688,1618.848424
2825.0,723,1629.657304
1607.0,722,1640.91214
5925.0,1395,1662.051141
4365.0,873,1674.960052
1054.0,592,1683.034519
1216.0,588,1690.650858
4291.0,1391,1712.605958
2597.0,518,1719.90352
1975.0,448,1726.555591
3822.0,1024,1741.588647
2356.0,662,1751.22919
5517.0,1197,1768.767848
2873.0,460,1775.333804
4626.0,971,1789.103098
4653.0,874,1803.121424
1266.0,819,1815.705547
6463.0,1320,1835.137149
4820.0,1006,1848.65811
2420.0,662,1858.508396
2167.0,718,1868.974134
4224.0,1007,1884.092243
4353.0,756,1895.21548
1197.0,626,1904.486977
3217.0,759,1916.258924
3306.0,1235,1935.028619
2245.0,896,1948.19175
4632.0,1009,1963.454478
3134.0,946,1977.112369
1957.0,688,1987.375565
780.0,436,2000.041119
6272.0,1463,2021.960478
4332.0,1072,2039.179468
2891.0,683,2049.211572
3817.0,962,2063.987407
6290.0,1327,2084.098001
4376.0,909,2098.093957
5087.0,1205,2117.031604
2480.0,625,2126.828095
2373.0,650,2136.455967
969.0,448,2143.238172
3744.0,855,2156.348305
3803.0,1154,2174.574426
4412.0,786,2186.355482
3352.0,927,2200.860303
3186.0,932,2214.951198
5262.0,1293,2233.574316
1207.0,676,2242.436798
7284.0,1016,2257.520589
1882.0,808,2269.998785
2615.0,651,2280.225312
3406.0,1082,2297.425878
2420.0,661,2306.980334
5107.0,1473,2329.024715
4893.0,807,2340.983565
2588.0,736,2352.88431
2804.0,701,2363.282931
3861.0,906,2376.901536
2986.0,819,2389.229917
3193.0,780,2406.909129
3155.0,844,2420.055971
1293.0,683,2429.586601
2224.0,758,2440.214025
3170.0,1037,2456.912587
1961.0,680,2466.831555
1382.0,695,2477.700495
2664.0,798,2489.355502
1521.0,620,2498.619345
4963.0,1368,2519.529868
5546.0,1325,2539.167171
4510.0,752,2550.583861
4949.0,1137,2566.574061
2975.0,804,2578.882348
3398.0,1041,2593.754646
4222.0,825,2604.90436
2626.0,913,2617.390084
2871.0,941,2631.213257
2893.0,934,2644.188181
4328.0,858,2657.081176
5662.0,945,2672.239847
4384.0,905,2686.125682
1557.0,607,2694.534329
8476.0,1406,2716.245288
3470.0,756,2727.273733
6449.0,1246,2746.155481
3816.0,694,2755.228552
2697.0,1210,2772.879577
3452.0,885,2786.459945
2755.0,721,2804.701528
1965.0,664,2814.554566
3007.0,974,2827.358268
11763.0,1838,2854.490501
3367.0,768,2865.322393
3609.0,936,2878.504271
4779.0,901,2891.313607
6145.0,1257,2910.396901
5328.0,1028,2926.373493
4734.0,1267,2944.782013
3768.0,982,2958.340055
4051.0,935,2972.147089
4350.0,708,2983.234897
5870.0,1476,3004.703645
7434.0,1645,3030.313002
5924.0,1280,3050.43356
6983.0,1141,3066.918965
1942.0,575,3075.45966
4562.0,1063,3091.378443
4170.0,1461,3113.103439
3892.0,875,3124.632876
1736.0,601,3132.969275
2821.0,714,3142.584059
2726.0,795,3154.178895
3314.0,893,3167.30386
2647.0,624,3176.417121
2209.0,592,3193.051607
9774.0,1449,3216.286397
7666.0,1199,3234.3319
5530.0,1287,3255.017087
2594.0,646,3264.777102
1286.0,770,3276.62256
6781.0,988,3291.595774
7297.0,1206,3309.250525
3982.0,1002,3323.425343
2453.0,890,3335.790534
2148.0,821,3348.122916
4075.0,742,3358.118644
9318.0,1470,3379.400441
5178.0,1495,3402.303382
3769.0,903,3416.073233
2965.0,1226,3435.896183
4910.0,1167,3453.799482
3516.0,802,3466.012527
8846.0,2089,3497.68778
3105.0,619,3505.671339
6481.0,1486,3527.212286
13771.0,1782,3552.985314
5523.0,928,3565.9579
13082.0,2040,3603.257156
5031.0,1192,3621.78025
1868.0,720,3632.056995
5446.0,1359,3651.140716
3887.0,783,3661.762374
3703.0,1067,3677.170914
4078.0,968,3692.360652
3774.0,913,3706.445235
9984.0,1516,3730.278076
4062.0,1165,3747.40293
6300.0,1239,3764.858126
5978.0,1229,3782.113567
3078.0,943,3796.654424
8977.0,1202,3813.950061
3766.0,950,3828.463127
2920.0,785,3839.580753
6303.0,1335,3860.946023
8810.0,2032,3891.469273
3595.0,1211,3907.621259
9369.0,1650,3930.790351
4903.0,1103,3946.144499
2213.0,660,3954.860708
8832.0,1487,3985.960207
7463.0,1776,4012.444198
7034.0,1405,4033.844613
1892.0,752,4045.089606
2018.0,535,4053.253963
10541.0,1810,4080.218486
6006.0,1078,4096.858341
987.0,444,4102.986576
6218.0,1443,4124.247608
6584.0,1276,4142.441083
3359.0,1019,4156.44078
6695.0,1169,4174.539567
3014.0,688,4183.911817
6251.0,1012,4198.904095
1987.0,672,4208.791177
4006.0,1127,4224.840394
6030.0,1180,4242.746422
2025.0,923,4256.500028
3930.0,1076,4271.879697
5322.0,1041,4287.126122
3238.0,784,4298.732451
2109.0,553,4307.259675
3415.0,919,4321.395879
1829.0,607,4329.921766
3482.0,1126,4346.226213
3875.0,983,4361.820797
1708.0,747,4379.695757
4208.0,920,4393.800199
11008.0,1289,4412.099302
4125.0,1165,4429.667817
1826.0,503,4436.845628
6480.0,1317,4457.036377
4195.0,849,4468.889571
4178.0,828,4481.469338
1916.0,523,4489.027598
7446.0,1274,4507.770816
7325.0,1100,4524.559751
1121.0,636,4533.781821
8442.0,1713,4558.013266
5559.0,1509,4581.171225
5169.0,943,4594.235365
4847.0,1343,4613.302455
2452.0,1177,4629.28483
2992.0,1000,4642.132842
9400.0,1481,4663.021074
5490.0,1137,4679.943743
2214.0,734,4690.373108
5889.0,821,4702.179905
4563.0,1097,4717.957297
5986.0,1139,4734.614342
9842.0,1211,4760.317748
3493.0,827,4772.568669
8263.0,1327,4792.798834
7115.0,1209,4809.101088
8778.0,1270,4825.99829
6895.0,1353,4846.430251
2938.0,1090,4861.748744
1692.0,735,4872.122381
4735.0,1195,4889.848718
7853.0,1843,4918.029356
5601.0,1140,4934.243585
6671.0,1020,4949.518566
3414.0,823,4961.079977
6471.0,1587,4985.359062
6819.0,1020,5000.185758
3243.0,630,5009.178246
7205.0,1185,5027.132307
2723.0,702,5037.270497
11957.0,1817,5064.725639
5102.0,854,5077.56376
2049.0,685,5087.652393
1891.0,820,5099.120663
3224.0,751,5109.671173
8417.0,1261,5128.746837
2018.0,628,5137.251261
4942.0,959,5160.104741
3231.0,713,5170.842731
4464.0,976,5186.169186
1186.0,579,5194.430316
2316.0,675,5202.877745
4885.0,1152,5219.191101
4456.0,1078,5234.859477
11723.0,1439,5256.662571
6183.0,1340,5276.244993
4413.0,902,5289.122135
3776.0,1045,5304.590209
5316.0,783,5316.463334
2542.0,886,5330.39071
7475.0,1504,5352.378878
4991.0,851,5364.829087
15266.0,1905,5392.73788
4151.0,942,5406.903731
7663.0,1075,5423.625795
11039.0,1808,5450.044401
4547.0,1181,5467.11477
3418.0,960,5482.009493
4774.0,909,5495.162821
3055.0,989,5510.089706
8537.0,1587,5540.920123
3145.0,768,5552.216859
3514.0,995,5566.143103
1692.0,547,5573.657931
3568.0,1037,5588.133753
3655.0,812,5599.702459
3157.0,765,5610.254393
1808.0,572,5617.589788
6749.0,1214,5635.528247
5171.0,1235,5655.149472
7280.0,1573,5677.801936
9354.0,1624,5701.415062
6972.0,1184,5718.747104
3904.0,1288,5737.821007
2289.0,680,5746.470393
7111.0,1328,5765.032288
8245.0,1036,5781.378386
3765.0,956,5795.794419
7882.0,1097,5812.060994
4062.0,1228,5829.641706
5802.0,1013,5844.87746
11911.0,1845,5871.585819
12693.0,1507,5893.495644
8766.0,1258,5912.483357
4062.0,1185,5939.642081
5776.0,1216,5957.537479
11733.0,2139,5990.990258
5504.0,1017,6005.899863
4845.0,909,6019.580227
3897.0,1131,6035.657974
4016.0,677,6044.933783
5783.0,1447,6066.822302
6421.0,1144,6083.585731
996.0,515,6089.886463
4567.0,1241,6106.976
6550.0,1015,6122.530544
6781.0,1533,6145.609188
5098.0,1082,6161.805013
5053.0,855,6173.952686
6162.0,1341,6191.463844
5484.0,1360,6209.744494
2218.0,711,6219.239621
6949.0,1401,6240.415368
1781.0,618,6249.975013
8792.0,1722,6275.95437
5501.0,978,6290.007264
3775.0,1065,6305.948015
4079.0,1205,6331.603215
5371.0,1098,6349.053955
6706.0,1072,6364.906949
3301.0,985,6379.474749
7285.0,1348,6400.542751
3672.0,1137,6417.181664
4189.0,709,6426.22387
6840.0,946,6440.168462
3594.0,780,6452.00104
3589.0,824,6464.214495
3435.0,824,6477.04191
5246.0,1036,6492.2885
5960.0,1397,6513.189225
14081.0,2240,6546.275783
6124.0,969,6560.570732
1998.0,663,6569.973491
2853.0,769,6581.14485
16646.0,2542,6620.359149
5424.0,1003,6635.205719
6242.0,1133,6652.332913
13301.0,1573,6674.649025
4810.0,1290,6691.787658
3029.0,897,6714.710746
7307.0,917,6727.845245
14502.0,2155,6760.35438
5859.0,1577,6783.102379
4876.0,1235,6799.417777
5844.0,1026,6813.238312
3366.0,753,6824.1215
2639.0,775,6835.781974
17213.0,2087,6866.171133
3051.0,802,6876.657971
3360.0,725,6886.431626
6269.0,1100,6903.413104
13438.0,1875,6932.037709
12279.0,1712,6957.845004
3013.0,954,6971.194665
3919.0,1077,6987.874919
5517.0,1192,7005.526166
3177.0,977,7020.374952
12813.0,1951,7050.248516
2531.0,632,7059.656345
4345.0,844,7072.16589
7554.0,1273,7089.722922
6892.0,1405,7121.411089
8447.0,1424,7143.428499
12994.0,2145,7174.302701
4147.0,1111,7190.662718
8743.0,1531,7214.042221
3100.0,623,7223.032034
5033.0,1079,7237.657647
2505.0,566,7245.665087
5654.0,1027,7260.946444
8997.0,1166,7278.984275
4963.0,1001,7293.500312
3060.0,660,7302.416994
2006.0,688,7312.562519
3306.0,760,7323.633919
9751.0,1015,7337.784266
4239.0,1274,7355.714471
2762.0,840,7367.342984
4026.0,1113,7382.579317
8634.0,1792,7409.805859
4385.0,1176,7427.563351
12141.0,2015,7458.876119
7276.0,1463,7481.058898
4115.0,899,7503.436134
5301.0,1399,7524.442598
8795.0,1676,7549.25409
7863.0,1846,7574.46365
6080.0,1264,7591.095701
11705.0,1534,7611.797209
14255.0,2084,7641.725043
6654.0,1429,7662.018394
8633.0,1059,7678.224369
9478.0,1509,7702.043411
5862.0,1010,7717.228076
8049.0,1405,7736.290957
7267.0,1086,7752.977716
6136.0,1064,7769.333535
8285.0,1431,7790.303522
4717.0,1097,7806.221791
4062.0,1263,7825.646801
6410.0,1147,7842.537229
11913.0,1676,7868.161058
15877.0,2458,7916.76355
5559.0,966,7930.97216
16169.0,2050,7961.807782
4706.0,1023,7976.943
3436.0,839,7989.337766
11753.0,1892,8017.12486
12225.0,2083,8047.299456
8098.0,1427,8067.61596
9048.0,1534,8090.072384
1851.0,731,8100.508298
13403.0,1720,8124.610384
4616.0,674,8134.767021
7956.0,1477,8156.873233
5776.0,1148,8173.401435
1625.0,536,8180.590511
3738.0,880,8193.050431
4598.0,845,8204.760543
7399.0,1310,8222.758934
4576.0,795,8233.106916
3837.0,879,8245.108196
4440.0,1366,8273.127979
1685.0,730,8282.883178
4710.0,1020,8297.294169
7818.0,1265,8315.28601
8340.0,1142,8331.549251
8379.0,929,8345.536269
2061.0,692,8355.918956
5947.0,846,8367.735104
8169.0,1332,8387.625279
4489.0,1023,8402.52136
9723.0,1297,8421.727618
8406.0,1416,8443.380083
5774.0,1174,8460.544103
8000.0,1267,8479.668405
3175.0,1034,8495.305674
21936.0,2476,8533.025683
5507.0,950,8545.975728
3183.0,583,8554.656172
4902.0,1424,8575.863204
11788.0,1564,8599.547277
3414.0,920,8612.993168
4787.0,1075,8628.042645
9638.0,1342,8648.29641
4088.0,778,8666.902694
8021.0,1020,8682.632236
14461.0,2418,8720.104995
8306.0,1462,8741.626201
1946.0,656,8750.848927
1038.0,455,8756.497529
3117.0,705,8766.690542
1678.0,570,8775.760226
1943.0,681,8786.282274
5993.0,1334,8806.629412
4868.0,1023,8821.972368
9171.0,1934,8850.698683
1705.0,828,8863.002858
3283.0,655,8873.131747
5200.0,1019,8888.555761
7779.0,1327,8909.44929
4320.0,1153,8925.855198
8193.0,954,8939.968311
4651.0,947,8953.927949
9942.0,1677,8980.143654
4866.0,1080,8996.225596
3494.0,775,9008.156581
8251.0,1670,9034.377154
1478.0,491,9042.092025
2953.0,589,9050.788572
5501.0,1088,9075.156041
3564.0,1120,9092.64839
14739.0,1745,9118.833858
3620.0,936,9132.272915
5798.0,1236,9149.602156
7511.0,1436,9171.110806
5478.0,926,9184.518969
4112.0,898,9196.496708
5724.0,1135,9212.092928
5380.0,1237,9230.731376
3286.0,937,9244.613761
5757.0,1386,9264.760708
4087.0,1232,9283.6662
2536.0,721,9294.706746
5102.0,1366,9314.406337
6777.0,1402,9335.50129
5571.0,1404,9356.891801
6343.0,1086,9373.384211
2222.0,708,9384.200863
7614.0,1248,9402.042932
3229.0,824,9414.753312
6641.0,1031,9429.965493
4152.0,785,9441.901529
5596.0,1331,9470.805989
5376.0,980,9484.621314
3657.0,1035,9499.652535
4451.0,1083,9516.009968
13364.0,2005,9545.135165
4871.0,1198,9563.11201
10894.0,1231,9582.938398
5866.0,952,9596.861744
7881.0,1085,9613.890785
14303.0,1869,9641.106648
5974.0,1270,9658.992875
16693.0,2213,9691.045748
6498.0,1078,9707.266383
3163.0,763,9718.350224
8502.0,1335,9738.471435
2610.0,684,9748.534274
9432.0,1642,9772.710986
5965.0,976,9787.846543
7533.0,1525,9809.851151
9625.0,1477,9830.1156
3598.0,747,9840.755533
8885.0,1274,9867.082471
9369.0,1331,9886.076043
7816.0,1321,9905.7213
2659.0,612,9914.532602
16860.0,2342,9949.473436
4728.0,698,9959.651699
6164.0,1027,9974.873383
5224.0,1078,9991.396078
1810.0,651,10000.64831
4936.0,1163,10018.696679
3581.0,747,10030.331876
4121.0,1042,10045.028125
6816.0,1272,10063.458002
12073.0,1843,10091.161507
4862.0,1401,10113.555229
11984.0,1550,10135.015025
4413.0,907,10147.567828
4171.0,831,10158.805345
3334.0,924,10172.723839
5210.0,1001,10187.231984
6015.0,1110,10203.985667
6659.0,1178,10222.487736
8276.0,1180,10246.878933
4341.0,819,10259.695206
12638.0,1506,10282.255678
3902.0,738,10293.517403
12834.0,1897,10321.326401
2884.0,926,10334.296917
13694.0,1947,10363.441368
7550.0,1018,10378.51888
6995.0,1320,10397.967673
6202.0,945,10412.232067
5085.0,1096,10427.608244
7750.0,1224,10445.765911
4493.0,572,10454.452437
5454.0,950,10468.795716
9927.0,1100,10484.124692
5027.0,1265,10502.193889
4863.0,1355,10521.790768
4562.0,774,10532.362602
8768.0,1080,10549.180727
1795.0,719,10559.385713
3835.0,733,10569.824714
7625.0,1200,10588.735216
4852.0,1126,10604.869179
7934.0,1528,10627.818934
6518.0,819,10649.111286
2457.0,808,10661.529311
11313.0,1180,10678.397539
3673.0,865,10690.11063
4367.0,863,10701.454456
6154.0,1203,10718.975714
8235.0,1394,10738.522896
5390.0,1457,10759.914988
12210.0,1545,10783.053845
2558.0,883,10796.748861
6138.0,1014,10812.558875
9454.0,1338,10833.269473
10728.0,1744,10860.499933
18062.0,2066,10891.433509
5036.0,1228,10910.004981
4116.0,1201,10927.185979
4354.0,921,10941.278929
6601.0,1207,10960.21684
8408.0,1136,10978.205112
9636.0,1379,10998.833085
6763.0,1059,11014.022914
2599.0,1022,11044.700775
4279.0,1368,11063.829608
18307.0,2150,11095.593376
8919.0,1401,11117.224574
4112.0,1021,11132.963849
9021.0,1297,11152.980834
9389.0,1439,11174.882978
3014.0,659,11184.412076
13826.0,1475,11206.995293
6607.0,1340,11227.950264
4205.0,1390,11249.660932
5406.0,1270,11268.885919
6232.0,1005,11283.20959
12940.0,1762,11311.228569
7687.0,1661,11335.829266
14852.0,1850,11362.17404
13111.0,1776,11389.300442
9847.0,1420,11410.025041
14017.0,2026,11446.115757
2681.0,822,11458.565969
2392.0,565,11466.717367
13643.0,1828,11493.081578
7636.0,1238,11511.491694
9582.0,1551,11533.550149
4229.0,1104,11550.068756
7248.0,1466,11571.816016
11771.0,1811,11598.989202
7130.0,1126,11616.006071
5079.0,883,11629.107916
6570.0,1045,11643.415001
2481.0,651,11651.984515
14227.0,2216,11683.628347
3712.0,1093,11700.224977
6120.0,1072,11716.848376
5336.0,1335,11735.937988
7916.0,897,11747.767711
8842.0,941,11760.519516
7311.0,1084,11776.868176
8365.0,1272,11794.83277
7645.0,1076,11810.636706
9311.0,828,11833.030002
5269.0,1575,11855.979189
8146.0,1124,11871.966399
11148.0,1530,11894.363852
1822.0,579,11903.057335
16611.0,1805,11929.122944
6814.0,1053,11944.439279
3048.0,464,11950.627681
7000.0,1084,11966.512245
7176.0,1178,11983.804076
13127.0,1879,12011.66346
3898.0,834,12022.990432
2348.0,574,12031.059108
9185.0,1650,12054.9377
4582.0,909,12068.161356
4309.0,1033,12083.292226
7488.0,1144,12098.806985
8806.0,1342,12118.782952
3634.0,982,12133.834365
11738.0,1500,12155.279619
8788.0,1475,12176.761024
6648.0,1203,12193.784677
4401.0,758,12212.81288
6787.0,1247,12229.969384
8896.0,1463,12252.453009
4732.0,780,12263.346607
7052.0,1117,12278.956096
2610.0,935,12292.826358
4184.0,856,12305.026616
4808.0,738,12315.739877
7913.0,1733,12342.339891
5518.0,986,12357.583034
14988.0,1736,12382.743322
4870.0,1071,12398.595232
9000.0,947,12412.569002
5908.0,1587,12436.430927
8005.0,1073,12451.441252
15715.0,1627,12474.989173
8913.0,1037,12490.642599
7006.0,1368,12510.200697
3665.0,903,12522.348028
9778.0,1208,12540.370452
6938.0,1173,12557.268676
5569.0,1008,12572.336557
904.0,566,12580.468
4742.0,1276,12607.975932
8089.0,1037,12623.425379
6656.0,952,12638.172727
13591.0,1528,12660.096118
10663.0,1158,12677.558662
8788.0,1282,12696.054681
6242.0,738,12707.115104
5475.0,927,12720.402155
5676.0,1328,12738.734131
11418.0,2013,12768.257529
5029.0,754,12779.82908
23517.0,3182,12829.64889
10817.0,1734,12854.809051
2463.0,509,12862.160243
5462.0,1203,12879.198545
8513.0,1359,12899.607315
5049.0,950,12913.88213
9210.0,1201,12932.532414
6009.0,1349,12952.353776
2784.0,704,12963.210072
3199.0,570,12971.248863
5500.0,1129,12998.187969
11785.0,1610,13021.32142
7929.0,1019,13036.127718
5740.0,1037,13051.856337
6231.0,1356,13072.571531
14924.0,1447,13093.25884
9594.0,1373,13114.698212
5365.0,1139,13131.79924
6026.0,1089,13147.336096
6491.0,1206,13165.302763
2206.0,632,13174.536386
14000.0,1699,13199.941392
4214.0,1189,13217.359049
7763.0,1172,13235.023656
7299.0,1912,13263.36261
6077.0,1568,13285.749384
1539.0,573,13294.122955
13539.0,1951,13324.80652
13252.0,1842,13352.73413
6720.0,1375,13373.1475
4805.0,971,13398.539634
6548.0,1140,13414.569954
8689.0,1787,13441.479808
14147.0,1798,13469.416207
3044.0,1540,13490.505032
4864.0,743,13501.367155
3686.0,1102,13517.806869
3887.0,1086,13533.838587
3665.0,696,13543.172834
23630.0,3122,13587.898074
6937.0,1107,13603.069445
6361.0,1273,13622.178901
14634.0,1518,13645.582532
6893.0,1269,13664.556927
7040.0,841,13676.906075
8107.0,1400,13698.374138
5364.0,821,13710.533602
5583.0,912,13723.598578
5314.0,1005,13737.448849
6390.0,779,13749.067077
8082.0,1337,13769.89641
8159.0,863,13790.408233
2280.0,652,13799.174901
17943.0,2272,13833.012561
1901.0,631,13843.047002
4447.0,852,13856.228337
9625.0,1264,13876.09287
5147.0,1144,13893.529706
4678.0,744,13904.707407
7003.0,1140,13921.662281
9779.0,1846,13949.312926
17012.0,1975,13978.877281
6595.0,1121,13995.773798
9116.0,1135,14013.64719
11366.0,1880,14040.838715
4704.0,1285,14058.037916
13232.0,1885,14085.045028
8736.0,1802,14111.03179
6706.0,1496,14132.794393
2169.0,736,14142.567759
11601.0,1928,14181.322129
11545.0,1727,14206.257308
3679.0,813,14218.692614
17489.0,2008,14249.05671
3956.0,959,14263.83784
13810.0,2395,14299.3364
8021.0,1837,14327.527141
4390.0,1120,14345.165717
6573.0,1028,14360.654974
25862.0,3898,14420.677623
9664.0,1295,14439.339048
6210.0,754,14450.851589
9083.0,1105,14466.124934
17753.0,1991,14495.726961
14470.0,2174,14526.765441
7167.0,1266,14544.704609
13051.0,1557,14580.830793
9366.0,1584,14604.549002
8083.0,1213,14621.87214
2617.0,656,14631.390689
5142.0,964,14644.687525
4034.0,1040,14659.432768
15367.0,2229,14692.463692
3176.0,834,14703.332152
8192.0,1151,14718.313853
16425.0,2236,14749.876193
15913.0,2352,14785.723744
4922.0,1499,14807.057545
13970.0,2201,14838.35756
7280.0,1013,14853.412226
7115.0,840,14864.545039
19628.0,2379,14899.080567
6729.0,1331,14918.616973
16832.0,2255,14963.778239
6119.0,982,14978.464627
8590.0,1543,15000.858087
7214.0,1349,15020.960616
4446.0,944,15034.101652
4935.0,725,15044.016719
7655.0,1008,15057.767944
6219.0,1297,15076.566382
8240.0,1293,15095.256975
6630.0,874,15108.135829
5345.0,956,15122.615956
3764.0,1182,15140.369863
2508.0,679,15150.078011
9545.0,1359,15168.62865
13846.0,1921,15195.747197
6226.0,1108,15211.494766
27665.0,3731,15266.741298
7554.0,1139,15284.075907
9536.0,1118,15300.628789
2381.0,1150,15316.737755
5324.0,671,15326.895856
5567.0,1009,15355.377536
13720.0,1775,15381.801067
4181.0,1066,15396.424347
4248.0,848,15408.490432
17272.0,2062,15438.727103
5443.0,882,15451.77464
4605.0,894,15464.464869
18778.0,2047,15493.958599
18306.0,2654,15534.16401
3294.0,638,15543.655521
16229.0,1405,15565.434454
6013.0,1015,15581.329523
29216.0,2868,15623.555986
9041.0,1017,15638.785838
4389.0,767,15650.446649
4758.0,701,15660.587508
4291.0,755,15671.2671
9202.0,1197,15689.610827
9097.0,1139,15706.729461
8442.0,1422,15727.284336
6358.0,1281,15757.854547
9256.0,1415,15779.610454
5206.0,860,15792.115876
5848.0,1071,15806.271058
7531.0,1523,15829.915242
8803.0,1715,15856.388067
8151.0,1388,15877.926
7849.0,1037,15892.806434
8503.0,1415,15913.303853
8709.0,1142,15928.701339
12740.0,1424,15949.095195
3507.0,696,15959.560372
15469.0,2103,15989.906127
7234.0,1395,16010.392925
7949.0,1365,16029.874595
3120.0,1362,16050.660758
3200.0,851,16062.685197
11585.0,2091,16093.59972
9743.0,1509,16114.286503
17677.0,2462,16160.836596
7687.0,1199,16176.819782
13264.0,1469,16199.074036
14679.0,1700,16223.842048
9934.0,1567,16246.05343
11559.0,1916,16274.613764
8771.0,1687,16299.906147
9459.0,1586,16324.570613
4434.0,1040,16340.096759
9969.0,1908,16366.55757
15965.0,2004,16395.855652
12259.0,2311,16430.602238
17325.0,2993,16474.710459
5783.0,1288,16493.639554
14810.0,2469,16539.009467
5952.0,1231,16557.653772
7302.0,1012,16573.602422
5262.0,1212,16591.130464
7262.0,1453,16612.145643
6338.0,848,16624.284851
14479.0,2020,16654.018745
5835.0,1242,16671.904143
4744.0,1139,16687.027325
3976.0,1218,16703.904855
16879.0,2445,16739.358853
8659.0,1070,16755.365072
12255.0,1532,16778.765111
5313.0,759,16790.014705
9123.0,1206,16807.734141
9302.0,1529,16829.380209
5332.0,1299,16847.860635
2680.0,527,16854.553012
24487.0,3815,16923.598589
5712.0,1209,16942.049102
5256.0,874,16954.987697
11583.0,2435,16992.016342
3768.0,885,17005.343906
7980.0,1200,17023.011986
14669.0,1521,17045.66498
6843.0,1077,17061.364723
4919.0,1120,17077.694601
5962.0,1011,17092.130944
9124.0,1430,17112.348089
2575.0,966,17125.76054
6405.0,629,17134.451808
7173.0,964,17148.739735
6951.0,897,17162.414008
7963.0,1521,17184.835071
6535.0,1097,17199.735089
3498.0,986,17214.309759
6927.0,1276,17233.440384
20733.0,2608,17270.961642
3123.0,595,17278.689475
9918.0,1371,17311.860753
7877.0,1421,17331.531368
14428.0,1581,17355.106988
7468.0,1587,17378.715185
13455.0,1535,17401.259656
14745.0,1966,17428.872153
5947.0,1600,17452.878954
8970.0,1402,17472.453074
12647.0,1943,17500.741354
8972.0,804,17512.231009
12204.0,2087,17542.568797
7692.0,918,17556.196991
8123.0,1260,17574.157885
8338.0,1289,17593.437911
9285.0,1323,17613.426141
7438.0,1000,17627.932341
6336.0,1615,17651.136627
6052.0,1078,17665.339281
6467.0,1102,17680.19741
13749.0,2256,17726.236573
17532.0,2251,17761.803765
7411.0,931,17773.907941
15066.0,2095,17805.781819
8402.0,1454,17827.050316
2666.0,570,17835.079069
8218.0,1213,17853.519325
7837.0,1691,17879.208132
10745.0,2255,17911.781579
4202.0,935,17924.193026
11536.0,1989,17952.076014
8162.0,947,17966.563491
12806.0,1634,17989.596622
7929.0,1048,18005.254854
5527.0,824,18017.631189
9631.0,1904,18045.261449
6818.0,703,18055.695014
6560.0,1397,18077.133929
4815.0,888,18101.41066
7015.0,1205,18119.03052
8129.0,1057,18135.389994
7599.0,1583,18157.810929
20781.0,2925,18202.401949
37458.0,4169,18263.676324
3962.0,695,18273.879903
5380.0,1286,18292.296038
12955.0,1993,18322.694421
5685.0,1456,18344.933029
12692.0,1948,18371.641316
19189.0,2407,18405.979257
8825.0,1275,18424.094731
11081.0,1548,18446.733391
6934.0,1083,18463.079532
4543.0,761,18481.498364
25456.0,2924,18525.404899
6268.0,1277,18544.812592
13594.0,2101,18574.670594
8938.0,1266,18592.959815
23473.0,2902,18637.000063
16269.0,1744,18663.717764
9982.0,1516,18687.029911
10578.0,1132,18703.409634
4129.0,1094,18718.273145
16332.0,2291,18751.297118
10607.0,1726,18776.754651
25228.0,2505,18814.375132
8523.0,1198,18831.254007
3058.0,793,18842.169933
9853.0,1847,18886.023117
9244.0,1692,18910.657182
12991.0,2218,18943.594439
4719.0,1042,18959.945136
25750.0,3078,19005.11851
18700.0,3451,19057.764675
9265.0,1437,19079.526128
12118.0,1581,19102.145392
11126.0,1687,19127.515673
6429.0,1716,19153.348976
5617.0,1125,19169.914063
7731.0,1071,19185.957455
13293.0,2221,19218.000886
19308.0,2147,19250.087554
11411.0,2085,19294.967165
7927.0,1520,19315.210384
15568.0,2242,19348.808023
13377.0,2315,19385.056363
6488.0,1018,19398.989816
8855.0,1393,19420.043532
4713.0,1256,19439.259501
4973.0,1000,19454.434461
7942.0,1511,19476.732083
4100.0,666,19487.038538
8710.0,1338,19508.131704
14869.0,1946,19537.552908
8831.0,1466,19559.248974
9540.0,1299,19579.607553
5332.0,1151,19596.514932
9369.0,1395,19618.362505
7764.0,1165,19636.270239
17619.0,2067,19676.854473
8156.0,1282,19696.868101
6196.0,1013,19711.727556
9426.0,1156,19727.774117
8186.0,1342,19747.943339
17052.0,1910,19775.528467
6899.0,832,19788.365533
9733.0,1291,19807.605445
8258.0,1785,19835.655386
12461.0,1805,19863.643198
13736.0,1887,19892.906794
3662.0,887,19906.096585
6707.0,766,19917.816566
8506.0,1400,19939.564712
16325.0,1802,19966.460314
8209.0,1392,19987.974859
18037.0,2363,20020.787213
14553.0,1937,20049.158677
6745.0,950,20077.43054
19999.0,2725,20118.528577
23787.0,3121,20167.3466
7233.0,1297,20186.815239
6244.0,1138,20203.680439
8477.0,1292,20222.570149
3267.0,944,20236.82711
16165.0,2073,20266.513651
12191.0,1451,20287.31088
19108.0,2406,20323.970568
11715.0,1647,20350.243859
7708.0,1211,20368.096485
6377.0,975,20382.615722
4221.0,610,20391.97369
11514.0,2025,20422.111088
13256.0,2007,20452.841994
8903.0,1774,20492.117773
4812.0,1173,20510.207719
16408.0,2453,20547.279511
17719.0,2191,20580.58146
6134.0,1345,20601.925213
16612.0,1910,20630.723431
12360.0,1454,20652.381961
6887.0,890,20665.371068
16305.0,1833,20692.158828
23306.0,3661,20746.504667
4185.0,791,20758.394553
24976.0,2859,20799.44262
8462.0,1527,20822.086977
8976.0,1533,20843.568796
26011.0,3443,20907.864828
5152.0,947,20921.715263
19864.0,2784,20963.608118
7971.0,1132,20980.251075
8730.0,1443,21001.990537
9752.0,1523,21024.032501
6739.0,804,21036.498878
16147.0,2324,21071.841747
5208.0,912,21085.420297
4079.0,896,21098.878778
8001.0,1070,21113.590395
5160.0,889,21127.056214
7107.0,967,21141.742048
3007.0,805,21152.867513
5538.0,840,21165.073332
9442.0,1042,21179.496764
9194.0,1957,21207.96148
14368.0,1769,21234.923865
8164.0,1206,21266.42571
17700.0,2133,21297.635708
12212.0,2092,21329.731924
16835.0,2256,21362.797203
5765.0,1202,21381.687089
11508.0,1813,21409.146557
6971.0,884,21421.228245
12398.0,1800,21448.28746
17199.0,2956,21493.554808
27466.0,3948,21554.55498
6820.0,1786,21581.929235
3515.0,748,21592.831853
35136.0,4199,21672.654316
9089.0,1446,21695.016498
8130.0,1742,21722.331084
6912.0,1159,21739.351414
8470.0,1401,21760.937346
6128.0,1216,21778.705919
22565.0,2705,21821.262037
13983.0,1714,21846.426539
4547.0,1579,21869.449138
9551.0,1392,21889.963602
14920.0,1993,21921.522932
9642.0,1662,21947.060215
7213.0,1220,21964.444699
15251.0,1670,21989.944049
8865.0,1390,22009.817235
8311.0,1292,22029.004499
13085.0,2155,22072.37791
28211.0,2475,22106.202667
7041.0,1291,22126.500663
3985.0,833,22138.825453
6303.0,762,22149.022452
5233.0,989,22161.937713
13353.0,1791,22187.619231
19821.0,2853,22230.435898
3156.0,906,22243.478365
16257.0,2509,22281.40324
3474.0,752,22292.054626
18873.0,2777,22334.003432
4286.0,1340,22353.543166
4470.0,965,22366.901193
4637.0,689,22377.097656
5895.0,882,22390.290546
1614.0,770,22401.643234
16835.0,1989,22432.677885
15607.0,1613,22469.209758
15156.0,2389,22505.668666
5379.0,815,22517.999557
8650.0,1173,22535.988634
16053.0,1765,22563.866295
11372.0,1655,22588.594233
9475.0,1520,22610.711126
6509.0,1215,22628.354921
7967.0,1611,22650.422282
35969.0,4500,22714.740745
8272.0,1639,22739.153364
7390.0,1212,22756.721314
10960.0,1767,22783.894734
38026.0,4595,22867.213792
6903.0,1011,22880.448714
9775.0,1724,22904.561409
15820.0,2206,22937.776727
11309.0,1982,22967.29948
22197.0,2612,23005.571579
11478.0,1978,23036.309478
15868.0,2629,23074.61719
5887.0,877,23087.921425
12526.0,1576,23112.278726
7974.0,1134,23129.101459
18506.0,2364,23163.841131
6315.0,1035,23179.002118
15755.0,1993,23208.623864
11923.0,2366,23256.685142
19917.0,2492,23295.188937
17132.0,2180,23327.29985
17138.0,2024,23355.658794
13842.0,1744,23382.894549
18763.0,2330,23418.517782
14737.0,2261,23451.407003
16641.0,2181,23483.449909
9720.0,1100,23499.299693
23648.0,3038,23544.755622
14750.0,1546,23566.797091
7479.0,630,23576.181117
16705.0,1768,23601.714724
7449.0,1096,23618.238597
14335.0,1972,23657.050613
9972.0,1467,23678.699602
8090.0,1086,23694.898446
11513.0,2201,23728.498685
19803.0,2661,23767.812817
20935.0,2800,23809.582402
4170.0,1304,23830.047027
9563.0,1783,23857.788
8046.0,1583,23881.008927
26817.0,2867,23924.200182
6207.0,1388,23945.148928
7422.0,894,23958.264408
2317.0,501,23965.432874
25317.0,2609,24005.182484
5872.0,1011,24020.499641
13258.0,1901,24057.751668
7163.0,1333,24078.153107
17401.0,2386,24113.884214
9945.0,1510,24134.155993
25043.0,2542,24172.155457
19751.0,2618,24211.272156
9749.0,1744,24236.347956
12743.0,1870,24264.373618
7696.0,1364,24285.470677
15122.0,2724,24325.696989
6306.0,893,24338.677111
9633.0,1366,24359.243599
5663.0,1250,24378.360426
15398.0,1919,24406.496404
15324.0,2363,24456.397808
25954.0,3658,24511.297833
7620.0,1476,24532.674793
6512.0,1395,24553.778059
34951.0,4196,24617.251361
4016.0,628,24625.605765
24616.0,3178,24671.750459
4267.0,1001,24684.901783
13371.0,2420,24720.030447
5671.0,1412,24739.980755
9374.0,1143,24755.976413
19156.0,2550,24794.89055
22774.0,3385,24857.333978
11644.0,2738,24898.181612
11977.0,1651,24920.534264
16418.0,2768,24960.831683
15676.0,2028,24991.125718
6276.0,1306,25009.897776
6346.0,1150,25025.193319
6109.0,1312,25043.9733
3756.0,808,25055.935626
9524.0,1823,25082.591219
17188.0,2345,25118.217012
8304.0,1852,25146.357211
9468.0,1968,25174.695336
6495.0,694,25183.710703
9736.0,1314,25211.942202
9590.0,1458,25233.987728
24506.0,3751,25290.817978
23378.0,3044,25336.075878
18217.0,2083,25366.934128
15327.0,1793,25394.630521
12527.0,1705,25420.222993
5406.0,1123,25436.920258
17687.0,2868,25478.171479
28214.0,3151,25525.364539
27642.0,4039,25586.556141
12183.0,2041,25629.38555
16622.0,2059,25660.77778
34079.0,3960,25719.8063
4069.0,989,25734.163761
8126.0,1142,25751.674054
8826.0,1500,25774.041897
9819.0,1237,25791.907085
16993.0,2291,25824.473947
6027.0,1158,25841.88761
9255.0,2393,25876.017965
13585.0,2162,25908.197638
26803.0,2759,25948.192163
7948.0,1279,25966.670287
23527.0,3442,26028.304935
15779.0,2275,26062.188497
7593.0,1148,26078.978587
12896.0,1753,26103.174975
6570.0,1626,26128.219834
29760.0,3191,26174.896025
5421.0,1012,26189.336893
7233.0,1786,26215.394981
7071.0,1204,26232.3525
16335.0,2737,26272.348729
26160.0,2990,26318.619414
27193.0,3828,26393.66428
9651.0,1726,26419.365663
8497.0,1596,26441.670932
23504.0,2656,26480.862269
29711.0,3262,26529.981027
8787.0,1677,26553.041831
7596.0,1309,26572.288052
34329.0,3765,26627.142981
5591.0,1153,26645.757233
19916.0,2667,26685.229601
9039.0,1435,26707.644794
22484.0,3333,26756.968569
16559.0,1905,26800.230036
15104.0,2185,26832.615541
17768.0,2376,26867.43795
9424.0,1738,26893.298984
6426.0,974,26908.111676
8453.0,1212,26926.09789
9954.0,1668,26951.486906
15396.0,2260,26983.912881
8486.0,1820,27012.888365
16598.0,2173,27044.255641
7930.0,1005,27058.460456
19599.0,2261,27092.124039
25033.0,3337,27144.505795
7679.0,1596,27168.315204
5777.0,1014,27197.500903
13090.0,2202,27229.459619
7748.0,1528,27253.215353
7980.0,1198,27270.180383
14312.0,1875,27297.473902
15621.0,2249,27329.35949
15580.0,2152,27360.817876
12913.0,2039,27391.530156
14555.0,1718,27416.352224
5419.0,844,27428.572417
17497.0,2781,27470.444715
4952.0,1863,27497.848137
4757.0,1087,27513.933836
24058.0,3153,27561.729957
21817.0,2413,27613.188666
9997.0,1470,27635.474248
8492.0,940,27649.328768
3351.0,690,27659.780012
19372.0,2955,27704.270285
5087.0,1047,27718.044498
6124.0,1709,27742.834231
17538.0,2205,27775.512168
28641.0,3707,27829.733716
5102.0,839,27841.893598
15553.0,2223,27875.826054
9004.0,1293,27895.264258
27430.0,3212,27941.304195
5875.0,1364,27976.9013
27268.0,3168,28022.468504
14180.0,1716,28046.82662
7725.0,984,28061.470405
9694.0,1598,28085.669062
12268.0,1433,28106.757367
28076.0,4401,28173.387717
8097.0,1351,28194.119874
12266.0,1610,28218.304966
14290.0,1476,28240.43534
5859.0,1223,28258.606336
6970.0,1320,28278.160907
15701.0,2355,28312.487457
7482.0,1422,28332.237067
5871.0,821,28344.153908
7493.0,1366,28381.60059
6510.0,826,28393.066799
7507.0,985,28407.542459
35573.0,4055,28467.254936
6380.0,778,28478.600361
18332.0,2777,28518.641974
8857.0,1451,28539.42675
34974.0,4131,28599.314452
28065.0,4824,28670.596284
17532.0,2156,28702.807194
12491.0,1793,28729.072153
9924.0,1468,28770.225252
18819.0,2340,28805.098716
13633.0,1465,28827.951225
27502.0,3658,28882.969899
29937.0,3290,28932.940294
18103.0,2809,28973.966549
18114.0,2473,29009.91062
19666.0,2171,29042.116318
17839.0,2315,29077.734865
11525.0,1760,29105.004883
9838.0,1800,29131.344355
12485.0,2505,29191.069457
9184.0,1676,29215.005853
19571.0,2837,29256.799968
6851.0,1199,29272.797987
23066.0,2631,29312.492738
6037.0,1173,29329.076998
5129.0,1115,29345.600257
4389.0,1179,29362.919134
22775.0,2791,29404.053263
34168.0,4482,29470.293558
21117.0,2416,29504.92948
8474.0,1424,29526.183571
4838.0,990,29541.470947
18500.0,2912,29600.115324
30694.0,3825,29658.568286
13691.0,1914,29685.246744
26072.0,3239,29733.462853
17931.0,2286,29766.763043
4388.0,1435,29788.294137
4266.0,670,29797.949754
12307.0,1830,29825.723002
7316.0,1454,29847.144486
12826.0,1797,29874.735099
18797.0,3275,29922.719739
12908.0,1615,29947.069595
6747.0,1137,29976.508478
7164.0,1622,30000.045869
13168.0,1696,30023.489519
7556.0,1525,30044.604732
5579.0,1023,30059.187903
16988.0,2462,30097.130231
14672.0,2879,30138.628332
6219.0,1520,30160.849832
9625.0,1512,30182.734362
19428.0,2942,30227.49027
6249.0,948,30241.47066
27196.0,3487,30294.610659
7993.0,1436,30314.079015
13588.0,1857,30359.948751
6023.0,1316,30379.372786
7436.0,1239,30397.780454
19220.0,2581,30435.14504
14043.0,1885,30461.604657
3146.0,1035,30477.301905
12660.0,1595,30500.797297
5323.0,1078,30515.702228
5070.0,942,30528.793649
13210.0,1840,30556.829245
7614.0,1874,30584.864621
9138.0,1050,30600.546915
5788.0,845,30613.339258
4202.0,750,30624.615602
17445.0,2709,30665.255847
6073.0,1307,30685.446584
8933.0,1743,30711.081432
16053.0,2069,30755.34423
17125.0,2475,30789.911635
9632.0,1727,30814.214829
4045.0,710,30823.707913
5375.0,1383,30842.837518
8929.0,1001,30856.976804
15634.0,2137,30888.374843
6521.0,1569,30910.750318
16086.0,1773,30934.402889
14476.0,2254,30965.297995
12425.0,1879,30994.354437
7492.0,1489,31014.400064
25017.0,2847,31055.300905
18201.0,2897,31096.797891
9860.0,1214,31114.011539
35617.0,4373,31195.164434
8027.0,1358,31214.801425
7102.0,1090,31230.942215
4938.0,1297,31249.200987
16378.0,2353,31283.033049
17360.0,2017,31311.399368
12023.0,1880,31338.814954
16363.0,1825,31364.491538
3491.0,868,31376.397239
27178.0,3404,31427.290467
48848.0,6379,31531.510527
35160.0,4365,31596.869218
31669.0,4320,31659.527675
16296.0,1974,31688.537505
29033.0,3223,31736.096878
16269.0,1671,31761.448493
8827.0,1212,31779.35981
19257.0,2311,31813.119763
7347.0,1312,31832.112081
9936.0,1269,31850.608541
8640.0,1408,31872.238875
25355.0,3708,31943.606385
6516.0,1539,31966.46833
3944.0,792,31977.760132
8671.0,1356,31997.064705
16380.0,2634,32036.369446
14505.0,1840,32063.880885
19880.0,2752,32104.472076
39580.0,4991,32177.067034
17390.0,2592,32215.287102
7480.0,1194,32233.090744
33138.0,4485,32317.762799
29144.0,3542,32369.76223
14381.0,1778,32393.728231
4290.0,1194,32409.839703
8635.0,976,32423.384154
19493.0,2326,32456.716323
17265.0,2303,32488.409595
9585.0,1368,32507.340003
15637.0,2507,32544.313948
38151.0,4767,32614.129974
6607.0,1129,32629.585114
13173.0,2150,32661.717935
15291.0,2028,32698.375628
23327.0,3480,32750.286647
12889.0,2387,32783.078179
23492.0,3006,32827.757601
13350.0,2535,32866.382244
25052.0,3120,32913.248645
16949.0,2873,32954.167909
5199.0,1153,32970.102204
23496.0,2864,33012.176034
13613.0,2164,33042.821242
16789.0,3103,33107.84003
12539.0,1736,33132.926992
25747.0,3169,33178.590749
14588.0,2454,33213.551437
4561.0,1205,33231.76044
4872.0,1313,33251.318351
33318.0,4694,33322.794463
41144.0,5182,33398.030875
22313.0,3370,33445.768332
16238.0,2217,33506.494249
26777.0,3472,33557.281674
11295.0,2063,33585.857573
11339.0,1773,33612.236523
28481.0,4056,33673.543752
38121.0,4449,33737.796282
36569.0,4138,33799.367881
4772.0,1080,33814.588822
8473.0,1415,33834.139037
17312.0,2279,33884.881298
13073.0,1938,33913.312342
22152.0,2952,33955.928859
8537.0,1203,33972.795978
9845.0,1474,33993.834379
4411.0,960,34007.921502
40970.0,5509,34089.882723
17120.0,2136,34121.58112
13657.0,1983,34151.032722
27764.0,3737,34204.995062
6672.0,1101,34221.132412
26827.0,3596,34294.599455
28706.0,3866,34352.135273
33497.0,3923,34409.633137
7788.0,1271,34429.04047
18900.0,2285,34463.286073
7216.0,1354,34481.895579
9279.0,1784,34508.443171
29875.0,3663,34563.384357
34540.0,4675,34634.745873
12641.0,2259,34689.584946
16606.0,2209,34722.282778
38829.0,4155,34783.876335
6159.0,1027,34798.717758
15320.0,2779,34838.808879
7920.0,1397,34860.352667
5652.0,1330,34880.679366
6473.0,1295,34900.377297
27484.0,3085,34946.374264
9692.0,1243,34963.544493
21700.0,3590,35015.1056
5850.0,1110,35031.635442
7187.0,882,35064.822015
16234.0,2216,35097.877539
17715.0,2374,35133.746569
8610.0,1428,35154.415888
4488.0,833,35167.146915
27808.0,3968,35226.208061
18445.0,2548,35263.878721
27491.0,3670,35318.452418
6643.0,1642,35343.632964
9290.0,1142,35360.923244
6334.0,1172,35378.399483
19678.0,2764,35418.730962
9294.0,1373,35438.811913
38677.0,4550,35524.410649
9568.0,1496,35545.639224
36550.0,4516,35611.320174
28373.0,3926,35669.465858
7954.0,1020,35683.238345
4754.0,1288,35701.190588
24977.0,3378,35749.701638
7502.0,1683,35774.415053
18834.0,2208,35807.182786
11914.0,2606,35861.928519
5093.0,928,35875.168197
8309.0,2035,35906.600131
7725.0,1685,35929.993426
5303.0,864,35941.498317
26631.0,2985,35985.672182
39762.0,4701,36054.545954
14662.0,2724,36093.340654
6707.0,1603,36116.325562
7620.0,1085,36132.982344
18714.0,2284,36166.836333
17367.0,2569,36204.51268
12400.0,2126,36249.386955
7824.0,913,36263.213715
13942.0,1817,36290.184049
5378.0,1045,36304.843925
44964.0,6095,36395.242608
34743.0,4960,36468.39867
6293.0,1227,36485.197487
18961.0,2118,36516.533521
15101.0,2330,36550.962714
7710.0,1339,36570.767674
7298.0,1740,36596.213791
12891.0,2973,36662.339699
9091.0,1472,36682.904198
18822.0,2502,36720.731673
15489.0,1929,36749.518889
25146.0,3415,36799.431196
13305.0,1572,36822.30192
26295.0,4238,36885.573161
9240.0,1290,36904.314641
26180.0,3017,36949.011449
5748.0,1013,36963.232523
6609.0,1359,36982.571422
9040.0,1697,37008.82651
25461.0,3212,37067.071453
7289.0,1240,37085.560952
4767.0,1142,37101.040559
17115.0,1999,37129.281068
7910.0,1365,37148.343784
12264.0,2187,37182.264252
7153.0,835,37195.084873
24515.0,3346,37245.551298
6432.0,1230,37263.933843
6233.0,1079,37280.359096
29059.0,3480,37329.061143
1814.0,599,37337.285875
3927.0,681,37346.403309
16428.0,2582,37383.484367
27070.0,3604,37451.681812
4373.0,787,37463.091456
10955.0,1269,37481.313769
34754.0,4434,37547.222934
14617.0,1848,37574.29291
15556.0,2088,37605.968545
20480.0,2159,37637.492013
6759.0,1005,37652.389006
7282.0,1431,37673.285424
4653.0,1272,37691.853133
25722.0,3471,37744.601247
44328.0,5104,37837.589686
4830.0,818,37847.976169
59368.0,6957,37949.89493
29998.0,4634,38016.949225
27651.0,3474,38067.565639
7105.0,1391,38089.207057
3612.0,914,38102.139803
15928.0,2382,38137.036767
17737.0,2156,38169.015557
9938.0,1585,38212.545077
27363.0,3766,38269.105109
14439.0,1761,38294.927639
11747.0,1583,38317.806444
17820.0,2438,38355.302029
14814.0,2567,38394.345108
20181.0,2421,38430.391778
27552.0,3247,38479.348877
11049.0,1641,38503.880376
16963.0,2135,38533.76226
21399.0,2910,38577.603066
13831.0,1776,38621.344163
38011.0,4425,38687.928837
9071.0,1142,38703.73677
57507.0,6444,38794.514925
19122.0,3320,38845.426767
5478.0,1433,38865.866279
10588.0,2065,38895.762783
14884.0,2482,38933.261356
35727.0,4930,39028.342372
38494.0,4397,39095.152396
12695.0,2345,39130.424141
23604.0,3072,39177.205594
6065.0,1103,39193.464025
11222.0,1649,39218.994151
11906.0,1556,39242.453736
37317.0,4386,39309.873812
8683.0,1175,39325.989011
7961.0,1421,39346.222847
23922.0,3232,39405.281961
27284.0,3755,39460.283268
16938.0,2252,39494.17891
19120.0,2963,39537.542697
9717.0,1728,39562.649789
9293.0,1715,39588.413313
17699.0,2464,39626.194002
35914.0,5121,39701.703273
6956.0,1575,39725.217586
18126.0,2435,39761.824677
14369.0,2606,39821.341075
19795.0,2808,39863.761905
9013.0,1015,39878.577535
48509.0,7221,39987.258321
7032.0,1589,40010.816855
36285.0,4758,40080.285458
6864.0,1264,40099.397021
13192.0,1672,40123.905953
6719.0,1287,40143.355834
48253.0,6491,40260.633523
9378.0,1255,40278.979123
14699.0,2281,40313.901972
25367.0,3391,40365.939527
26589.0,3079,40413.546883
28982.0,3701,40470.257882
13158.0,2455,40507.757759
28440.0,4154,40569.848156
8040.0,1478,40607.374532
15795.0,2125,40637.180425
7087.0,1327,40655.72031
3803.0,560,40663.094
9087.0,1490,40685.390724
15267.0,2303,40719.761626
32476.0,4182,40780.997897
4828.0,1406,40801.201249
8668.0,1237,40818.221097
17148.0,2028,40848.269042
19826.0,2770,40887.535996
28377.0,3937,40942.542797
9207.0,1835,40970.041526
15090.0,1768,41007.765126
39096.0,3934,41066.192009
19881.0,2362,41101.16792
12276.0,1899,41127.470325
6126.0,1035,41143.108068
15299.0,2291,41176.543653
15654.0,2372,41212.895018
26349.0,3335,41262.456385
27874.0,4044,41323.611297
8752.0,1364,41344.697333
26806.0,3330,41419.082535
5598.0,1180,41436.807493
17827.0,2479,41474.333647
18332.0,2753,41513.388674
18171.0,2528,41551.374896
15398.0,2214,41584.560208
31247.0,3823,41642.050948
25675.0,3747,41697.113906
14931.0,2074,41727.353826
6840.0,1141,41744.218645
6407.0,1201,41762.348997
25852.0,4141,41850.06156
16807.0,2126,41882.086832
17009.0,2591,41921.478881
27277.0,3368,41969.650785
24629.0,3984,42026.086837
35816.0,4229,42086.045547
14300.0,2285,42119.978661
16958.0,2027,42150.349774
15386.0,1676,42188.347181
19120.0,2873,42231.70705
4960.0,1135,42248.613557
36858.0,4139,42310.32596
4878.0,977,42324.979866
15942.0,1972,42354.374786
25008.0,3342,42403.63157
6414.0,889,42415.644384
18450.0,1730,42440.461966
14612.0,2099,42471.69085
8701.0,999,42484.917982
48208.0,6460,42598.94674
15968.0,1953,42626.126926
19035.0,2345,42660.597045
7423.0,1145,42676.629305
9490.0,1690,42701.64566
11630.0,1851,42730.363832
7154.0,986,42744.963113
16845.0,2311,42778.064545
17889.0,2454,42813.853076
6389.0,1279,42833.898073
45585.0,7147,42941.341714
15282.0,2389,42995.790983
44519.0,4899,43070.332958
13679.0,1708,43094.55528
17780.0,2872,43135.732368
35787.0,4121,43196.850329
10741.0,1952,43225.912737
16876.0,2408,43260.604293
9159.0,1465,43280.09375
27240.0,3133,43328.153473
16745.0,2528,43388.165952
25622.0,3015,43431.741681
41434.0,6792,43531.865215
10994.0,1745,43557.907049
8519.0,2028,43586.983174
16891.0,2650,43624.986302
25591.0,3647,43680.454658
26624.0,2852,43722.395243
7884.0,1498,43744.356873
28326.0,3746,43819.780279
5996.0,1390,43840.380069
8622.0,1204,43858.102628
12747.0,1865,43885.306511
16375.0,2845,43925.539445
25695.0,2839,43968.310783
6575.0,710,43977.756262
5821.0,784,43988.918064
4916.0,944,44002.43533
15450.0,2036,44033.835244
28746.0,3740,44091.579917
15586.0,1893,44119.997324
28197.0,3895,44196.175076
27235.0,3266,44244.342367
13351.0,2522,44282.076725
13131.0,2190,44315.196904
48101.0,6202,44410.322651
17913.0,2268,44442.462427
8365.0,1173,44459.294186
16057.0,1756,44483.690885
4495.0,751,44494.124075
37948.0,5007,44589.070541
18205.0,2724,44629.540246
36830.0,5567,44710.862326
6519.0,1275,44730.019907
12205.0,1898,44756.98676
29715.0,4250,44822.363703
15250.0,1882,44850.422217
14422.0,2280,44884.612345
16399.0,2694,44924.14607
8144.0,1161,44939.613445
22391.0,2579,45000.139796
11833.0,1966,45027.378415
6056.0,1039,45042.156751
15597.0,1654,45065.7034
8928.0,1555,45089.269649
14433.0,2265,45122.228165
25368.0,3825,45179.869937
7911.0,1292,45198.79649
5838.0,1288,45216.420985
16975.0,2947,45260.078577
12453.0,1673,45283.988589
15930.0,2771,45325.450193
16040.0,2252,45375.542083
22262.0,3117,45424.2895
27415.0,3106,45469.622573
29439.0,3811,45524.715001
17151.0,2142,45556.167529
15412.0,2348,45590.035789
46384.0,5528,45671.728681
15658.0,2087,45702.192517
17767.0,2305,45738.021416
33972.0,4764,45828.437473
4963.0,1140,45845.73327
7815.0,1458,45865.566457
34480.0,4188,45928.751446
29871.0,2883,45971.524129
24758.0,2875,46014.60513
23050.0,2676,46054.496906
30958.0,3897,46113.595859
18473.0,2176,46146.255595
47831.0,5990,46258.683217
5823.0,1403,46277.972561
29556.0,4573,46346.644805
16759.0,2271,46379.50564
19765.0,2909,46422.826644
14636.0,2397,46459.817161
16349.0,2335,46494.628903
5879.0,1464,46514.687749
28507.0,3615,46585.009753
28195.0,3461,46635.81582
16502.0,1758,46662.364705
5747.0,1053,46678.42068
45908.0,5847,46766.365459
19343.0,2699,46806.731872
3006.0,713,46815.906886
8172.0,1147,46831.695005
58122.0,7353,46940.7565
26511.0,3735,47014.54947
16171.0,2842,47057.160137
18881.0,2150,47088.711519
39697.0,4558,47159.324986
19948.0,2930,47201.352352
19887.0,2851,47243.361457
18374.0,2390,47277.906836
30567.0,4395,47361.77225
12234.0,2080,47393.448775
28919.0,3578,47446.991924
16567.0,2140,47479.594673
26589.0,2883,47522.714836
16974.0,2119,47555.046807
49766.0,6311,47650.00415
23743.0,2419,47684.422675
22619.0,3637,47740.201455
13835.0,2515,47794.147722
26539.0,3809,47848.313988
9671.0,1466,47868.921035
22372.0,2481,47905.991631
8434.0,1682,47931.448852
17945.0,2858,47975.358563
9387.0,1390,47996.391675
17891.0,2516,48032.932545
27806.0,3397,48081.877489
13562.0,2058,48113.587808
14399.0,2403,48184.019653
8550.0,1206,48200.821475
23188.0,3277,48248.570619
23173.0,2433,48284.391597
8311.0,1775,48312.299444
25187.0,3101,48359.690774
16039.0,2224,48392.599809
6681.0,1665,48417.262852
8613.0,1084,48432.690106
6411.0,1191,48449.289377
3900.0,855,48460.489163
12598.0,2174,48492.855965
37240.0,4252,48574.323367
24307.0,2519,48611.26659
16702.0,2830,48654.154121
7363.0,885,48666.87455
27693.0,3216,48714.624363
15710.0,2613,48753.40036
17207.0,2192,48785.185228
25373.0,3296,48833.938329
5506.0,1259,48852.770554
21713.0,2656,48892.821656
17556.0,2183,48926.139912
17862.0,2423,48980.29808
13307.0,2091,49012.62383
9435.0,1830,49038.783542
28424.0,3478,49092.820563
6341.0,1157,49109.763985
28010.0,3363,49160.773569
8856.0,950,49174.339811
20868.0,2508,49210.864114
30270.0,3851,49265.897228
5892.0,835,49277.511995
17466.0,2400,49313.752013
30892.0,3710,49393.124057
14826.0,2204,49424.918779
16899.0,2181,49457.083367
37151.0,4351,49521.648956
54219.0,7142,49626.474301
19853.0,3173,49673.382073
36071.0,4116,49735.474652
15945.0,2214,49781.22088
46690.0,5649,49863.310245
18527.0,2271,49896.701399
7347.0,1147,49913.823862
44646.0,5152,49987.961215
39455.0,4563,50053.8196
8636.0,1928,50080.909909
39618.0,4819,50173.540266
39214.0,5182,50249.716864
7502.0,1437,50270.67006
7028.0,1146,50288.438168
13217.0,1611,50312.842823
10859.0,2253,50346.381852
8912.0,1180,50364.515679
9270.0,1759,50390.640599
33733.0,3601,50441.169307
6035.0,1148,50457.730371
13897.0,1597,50481.518131
14371.0,2080,50511.737778
8600.0,1356,50531.314376
6010.0,787,50554.399351
8155.0,1148,50572.129519
8922.0,1320,50591.600791
10700.0,1754,50617.095802
29781.0,3045,50662.685717
4258.0,1082,50678.280024
27610.0,3889,50735.235367
49369.0,5255,50811.310606
29736.0,4003,50871.759015
21556.0,2203,50904.46359
22843.0,2566,50962.693206
36367.0,4910,51038.827031
13168.0,1748,51064.466952
63955.0,7841,51184.970981
14330.0,2517,51222.854729
15384.0,2252,51256.173564
13938.0,1887,51284.56405
26637.0,3461,51357.025784
12986.0,2053,51387.662377
34426.0,3942,51446.937451
26187.0,3035,51489.606028
15238.0,2053,51520.702057
8797.0,1704,51544.742486
9986.0,1590,51568.790324
6008.0,1661,51592.931649
14581.0,1737,51618.134568
33316.0,3812,51673.777181
15387.0,2662,51713.056451
24941.0,2818,51774.426368
17215.0,2360,51809.03217
7537.0,1278,51827.315551
13644.0,1829,51855.439582
14943.0,2101,51886.798611
13784.0,2450,51921.786604
32637.0,3697,51975.04126
28381.0,3271,52021.886227
46197.0,5116,52098.631476
39326.0,6301,52213.733027
29234.0,4151,52277.512196
47231.0,5870,52362.783756
6139.0,2116,52394.04514
13790.0,2569,52430.59215
25054.0,3651,52484.671591
8194.0,1499,52506.59126
18056.0,2678,52572.698985
27092.0,3511,52621.202499
8849.0,1390,52641.74612
13972.0,2234,52674.247413
19561.0,2245,52707.376842
17063.0,2293,52740.869383
58204.0,7151,52845.732341
37235.0,4772,52917.005657
7731.0,1371,52958.622236
28413.0,3765,53013.003686
14668.0,2022,53041.993889
17906.0,2751,53082.308666
19787.0,2395,53118.494851
18712.0,2827,53156.587585
13318.0,1900,53184.869237
29980.0,3656,53239.634659
47192.0,6536,53348.511991
9209.0,1745,53373.435194
24754.0,3360,53423.186454
5655.0,700,53432.678385
4794.0,1272,53451.562066
35140.0,3692,53507.483624
17478.0,2296,53541.248997
12998.0,2128,53571.30322
9443.0,1177,53588.717711
38127.0,4400,53653.076605
12896.0,2062,53681.904712
13832.0,2227,53746.733265
42954.0,5820,53833.156307
7429.0,1312,53852.164986
23740.0,3045,53895.814817
15592.0,2544,53932.69597
37926.0,5872,54017.659698
9508.0,1603,54040.009268
18569.0,2864,54083.058321
7470.0,1622,54132.134977
9491.0,1167,54147.915876
24435.0,2599,54185.135534
28578.0,3688,54238.282768
17261.0,1896,54266.511018
34975.0,3763,54322.446127
24611.0,3181,54368.960539
17530.0,2347,54403.820459
44028.0,5115,54479.588682
54757.0,6328,54584.822714
31631.0,4008,54644.471167
17974.0,2191,54675.719776
24845.0,3237,54723.900164
15605.0,2127,54754.515977
23497.0,3187,54799.525206
19749.0,2564,54836.971424
12297.0,1757,54862.919474
37419.0,5170,54960.715595
39199.0,4449,55028.068451
24994.0,3093,55073.686344
9092.0,1353,55093.955616
14519.0,1919,55121.951853
9791.0,1349,55142.270741
4780.0,974,55157.040501
18338.0,2024,55186.74858
5202.0,945,55199.255666
7161.0,1562,55221.791528
14531.0,2510,55260.256811
17906.0,2301,55309.544381
24464.0,2612,55346.935288
23273.0,2680,55387.936429
43371.0,4871,55460.078513
17174.0,2252,55494.20481
14901.0,2285,55528.81532
49278.0,6406,55626.944621
8437.0,891,55639.499039
36399.0,3626,55713.794771
53916.0,5599,55799.386414
26780.0,3395,55850.607826
38831.0,4317,55914.308138
16308.0,1638,55938.359277
8139.0,1400,55959.563946
13852.0,2188,55993.485014
9307.0,1597,56015.821973
8754.0,1344,56034.489358
5408.0,1463,56054.369781
8269.0,1789,56081.010546
19084.0,2770,56141.403577
6872.0,1687,56165.36306
24679.0,3185,56214.980822
8126.0,1094,56231.126218
19863.0,2735,56271.191202
17283.0,3041,56315.536047
14167.0,1513,56336.884438
12993.0,2076,56366.029427
43405.0,4280,56428.599169
49035.0,5733,56529.919403
29581.0,3477,56579.645458
33605.0,4288,56643.988055
27845.0,3591,56697.64676
36523.0,4491,56765.968508
18337.0,2676,56803.938312
14328.0,2457,56837.567194
19627.0,2106,56869.818289
23398.0,2938,56940.801045
25986.0,2789,56980.570164
5600.0,937,56993.28096
26377.0,3503,57044.954895
27033.0,3536,57098.459919
25841.0,3318,57146.904559
22567.0,3317,57194.539395
13221.0,1752,57219.469652
44894.0,5870,57334.170425
16138.0,2592,57371.368555
4631.0,1146,57389.379328
26981.0,3508,57441.722792
6922.0,1294,57460.01075
35767.0,4796,57532.750766
47261.0,6035,57624.403909
25176.0,3438,57676.161229
32697.0,4204,57757.370616
8681.0,1902,57785.692749
24594.0,3526,57838.70322
5886.0,831,57849.655548
17679.0,2100,57879.792301
19704.0,2513,57916.988501
35224.0,3639,57972.41807
9557.0,1534,57995.622989
7941.0,1586,58018.616327
33971.0,4631,58085.555158
16610.0,2120,58132.813205
11616.0,1906,58161.685803
17340.0,1906,58190.096286
23282.0,3430,58241.11546
37763.0,4952,58315.003979
26004.0,3005,58358.011863
16255.0,2399,58393.491269
8093.0,1110,58409.193961
36569.0,4867,58494.823066
24329.0,3692,58549.37261
7951.0,1082,58564.617671
6981.0,779,58575.952588
27672.0,3377,58625.617105
26115.0,3256,58674.16027
27318.0,2831,58717.552971
26696.0,3625,58770.149565
16106.0,2899,58812.813757
28876.0,3098,58857.481087
9523.0,1587,58900.634298
36854.0,5163,58976.655412
24801.0,3051,59022.157078
28572.0,3694,59077.993642
5974.0,787,59089.356028
29824.0,3347,59138.39432
6301.0,1339,59156.681581
14961.0,2073,59186.431098
6034.0,1264,59204.546755
24137.0,2775,59245.097466
27599.0,3400,59323.507116
19645.0,2947,59367.167934
59190.0,7499,59478.737498
18526.0,1852,59506.38766
17811.0,2316,59540.858971
29425.0,3564,59594.462199
25758.0,3310,59643.605546
25837.0,3301,59706.644827
12134.0,1993,59736.01572
15469.0,2597,59773.078301
9394.0,2098,59802.23464
22789.0,2834,59842.780889
17195.0,2259,59877.338203
13338.0,2335,59912.872796
23923.0,3136,59960.248066
38155.0,5263,60036.967345
13362.0,1495,60058.224669
15200.0,2488,60116.01848
34541.0,4926,60188.04993
23017.0,3249,60233.597916
35248.0,4723,60302.405581
22469.0,3089,60345.149293
39746.0,3854,60402.696949
15541.0,2872,60444.019073
26612.0,3142,60519.817317
17527.0,2601,60558.226212
6056.0,1289,60577.05985
27813.0,3697,60632.018158
24537.0,3360,60679.415646
19726.0,2645,60719.988468
8564.0,1177,60737.887402
28331.0,3236,60786.449881
4258.0,1203,60803.818709
38108.0,4347,60894.359577
25001.0,3022,60939.057445
26102.0,3422,60989.210999
6586.0,1091,61004.622297
38088.0,5641,61086.555589
46896.0,5862,61172.450139
45514.0,5298,61251.27864
37558.0,4107,61329.275873
33761.0,4557,61395.222732
5651.0,1194,61412.883349
19954.0,2761,61453.042304
25628.0,3861,61510.956023
9947.0,1511,61531.312365
9380.0,1344,61551.000319
27851.0,3200,61599.913843
25951.0,3212,61647.668362
8022.0,1211,61680.874851
6816.0,1821,61707.092463
10908.0,1799,61733.546839
25541.0,2557,61772.659365
14328.0,2084,61805.445098
16940.0,2244,61836.929506
44639.0,5277,61914.066785
43495.0,6121,62005.30131
25905.0,2708,62044.235848
18249.0,2423,62106.148762
15158.0,2058,62133.991704
33770.0,3548,62185.788421
6923.0,1534,62208.671978
6052.0,1534,62231.045735
42800.0,5520,62311.658232
35385.0,4314,62375.230799
7797.0,1788,62401.972604
29847.0,4383,62480.432287
42875.0,5519,62563.35867
9861.0,1611,62587.858939
8277.0,1391,62608.361663
18357.0,2340,62641.914512
4774.0,983,62656.698619
28778.0,3269,62705.664602
9664.0,1603,62730.266007
17675.0,2298,62764.150494
36433.0,4663,62834.446204
30849.0,4350,62915.162246
9707.0,1476,62936.427566
24885.0,3698,62993.886656
17520.0,2202,63025.758383
20940.0,2682,63066.425217
6659.0,1628,63090.972056
17351.0,2495,63127.955091
29777.0,3204,63175.182782
15343.0,2076,63206.787182
46377.0,6088,63325.490712
5569.0,979,63340.553478
34351.0,4026,63398.664647
39771.0,4943,63472.677712
8567.0,1666,63497.243426
8093.0,1330,63515.889758
13326.0,2163,63547.540926
35327.0,4326,63612.967515
14471.0,1877,63640.23405
19527.0,3289,63715.292276
8976.0,2094,63746.358317
29119.0,4159,63808.089345
28278.0,4204,63872.441509
9433.0,1629,63896.363557
5620.0,623,63905.092726
26367.0,3531,63958.14888
26466.0,3265,64005.427417
8957.0,1831,64030.640255
25040.0,3024,64098.500159
52954.0,6047,64188.10095
38517.0,6316,64280.899096
4384.0,1184,64296.321153
18835.0,2990,64336.984075
4602.0,1380,64355.920097
16334.0,2359,64389.588091
6875.0,1668,64413.822958
12046.0,2166,64464.230418
18594.0,2216,64496.297781
25457.0,3528,64550.860879
39869.0,5674,64633.299995
16469.0,2482,64670.220308
19484.0,2445,64708.087547
4967.0,975,64721.497564
29483.0,3262,64771.174815
25155.0,3243,64819.097284
27850.0,3372,64886.255348
24485.0,3307,64937.002656
13398.0,1959,64966.52869
17779.0,2298,65000.209758
15550.0,2067,65031.31072
23696.0,2716,65068.801789
18998.0,1982,65098.63097
34529.0,4994,65174.066646
36974.0,4349,65237.215005
16905.0,2461,65297.819038
28021.0,4036,65357.984761
27601.0,3169,65405.77127
8478.0,1351,65425.385013
10078.0,1033,65439.762441
26475.0,2921,65481.078001
9909.0,1486,65502.632017
10430.0,1874,65528.193416
9033.0,1395,65547.539025
17669.0,2463,65581.126277
17512.0,2498,65616.761069
43084.0,5452,65735.129815
39296.0,4823,65805.626896
9758.0,1846,65832.444145
25065.0,3153,65879.229033
24815.0,4056,65939.537237
28621.0,3692,65992.985335
55024.0,6582,66118.637055
45824.0,5706,66202.482143
39780.0,4157,66262.193887
18552.0,2193,66295.324228
19115.0,1950,66323.048465
9190.0,1277,66342.482785
51757.0,6785,66444.848238
36867.0,4553,66527.356138
11562.0,1640,66550.231412
53485.0,6238,66642.60826
9487.0,1488,66664.627285
14632.0,1507,66686.726226
6200.0,896,66699.272313
24179.0,2894,66742.564573
26165.0,3771,66799.649826
38275.0,5109,66893.527549
15331.0,1773,66919.193108
12697.0,1901,66947.866951
27283.0,3893,67005.557729
8974.0,1272,67024.610152
16212.0,2163,67057.73027
35487.0,3866,67114.189662
24281.0,3593,67168.75347
55935.0,6859,67290.157306
9710.0,1436,67310.992336
14489.0,1765,67337.858185
32594.0,4851,67412.087093
9059.0,1733,67436.591179
6116.0,1211,67454.623801
26296.0,3885,67512.094463
6937.0,1734,67537.087516
15851.0,2179,67569.294013
38104.0,4558,67639.681952
17496.0,2461,67691.514145
22277.0,3460,67743.820801
47330.0,6600,67839.681883
7322.0,1706,67864.615177
19706.0,1976,67894.735916
22493.0,2772,67935.40516
23756.0,3483,67987.584986
49368.0,5855,68095.200997
15240.0,2029,68125.359591
23041.0,2839,68166.617668
5247.0,900,68180.154478
22830.0,2593,68217.740655
3473.0,1404,68237.634633
28058.0,3076,68280.945787
39261.0,5324,68353.732284
23256.0,3286,68400.554107
26846.0,3876,68476.310002
15676.0,1833,68501.961016
28591.0,3586,68553.243576
57128.0,7913,68671.585673
18866.0,2201,68703.995334
8724.0,1260,68722.524875
5725.0,1332,68741.693746
35617.0,4834,68810.493118
11244.0,1721,68851.859135
8072.0,1390,68872.401978
18991.0,2506,68908.373831
18173.0,2899,68953.710972
44901.0,6117,69043.102305
26798.0,3215,69088.757154
17421.0,1981,69117.547143
19849.0,2271,69150.319951
18671.0,2070,69181.455169
19838.0,2276,69233.236891
47232.0,5013,69305.377488
15511.0,2235,69337.991027
19584.0,2404,69373.412171
17115.0,2190,69406.235259
58381.0,7416,69518.901953
14614.0,2030,69548.353826
26922.0,3569,69598.021006
14927.0,2354,69651.324186
19014.0,2252,69682.274795
17888.0,2759,69719.980009
22460.0,3478,69771.658176
27274.0,3777,69827.688896
16776.0,1736,69852.667108
21782.0,3019,69895.158131
64854.0,8273,70028.574819
9445.0,1207,70045.175731
15908.0,1866,70072.118866
34581.0,4094,70128.775353
38220.0,4011,70185.668678
22245.0,3004,70228.597311
28935.0,3268,70275.37713
12237.0,1724,70300.008163
28573.0,3544,70351.530369
35095.0,4646,70423.996226
19796.0,2326,70457.206715
17925.0,2182,70488.123324
24262.0,2812,70528.716094
25862.0,3128,70574.392347
19035.0,2309,70606.884585
36620.0,5013,70677.049052
18157.0,3415,70727.16593
26927.0,3091,70788.588669
55957.0,7307,70892.012969
25605.0,2929,70934.145053
23168.0,3239,70980.968591
9205.0,1563,71004.088248
15897.0,1842,71031.81902
25530.0,3519,71084.029084
38058.0,3912,71162.415811
34606.0,3914,71217.226321
46158.0,5456,71297.374317
17612.0,2660,71334.68488
7009.0,1157,71351.300467
27456.0,3391,71401.487645
14897.0,2372,71435.974601
18682.0,2443,71471.412281
14860.0,1703,71495.653093
3428.0,652,71504.412796
46392.0,6209,71632.21656
19045.0,2735,71670.92015
18284.0,3068,71714.608996
58571.0,7583,71826.252382
38272.0,4762,71896.433508
38181.0,5014,71988.190712
23928.0,3251,72036.638436
15652.0,1734,72062.647521
5841.0,817,72073.789722
12039.0,2166,72104.024981
24378.0,3152,72150.497019
16913.0,2101,72181.255662
5992.0,949,72193.424477
8526.0,1854,72220.157105
27300.0,4134,72279.289736
36625.0,4991,72372.285243
19750.0,2365,72407.066681
17160.0,2140,72437.573084
32627.0,5389,72511.899896
27903.0,2840,72552.644213
18310.0,2593,72589.91011
9771.0,1521,72610.579298
26046.0,3407,72658.472237
18225.0,2207,72690.198964
19578.0,2344,72735.238039
19529.0,2387,72770.7966
8859.0,1157,72787.874797
16337.0,1949,72817.006856
20798.0,3035,72861.532383
57504.0,6920,72962.349109
24814.0,2731,73002.258968
26976.0,2986,73046.513051
15618.0,1882,73072.296435
5960.0,1222,73103.808676
18538.0,2249,73134.602115
11265.0,1896,73161.089196
9741.0,1805,73187.32402
14891.0,2113,73217.505351
33810.0,3875,73272.397708
25412.0,3123,73317.142488
26896.0,3467,73366.881555
16753.0,2072,73395.148631
19947.0,2739,73434.407622
21562.0,2676,73493.671428
4421.0,1023,73507.034089
27503.0,3290,73551.72542
11812.0,1659,73573.339581
24645.0,3225,73618.852803
58264.0,7501,73724.648332
8057.0,1289,73742.952505
45436.0,5510,73823.155259
7811.0,1271,73877.961589
17613.0,2316,73911.164956
7798.0,1406,73930.618761
21887.0,2847,73968.85661
4791.0,939,73981.565671
27629.0,3688,74030.088682
14339.0,1911,74056.991023
45662.0,6370,74146.034752
4753.0,998,74160.451565
38937.0,5639,74285.538768
13219.0,2136,74316.158998
24216.0,3299,74361.501324
6703.0,970,74374.909848
38134.0,4364,74435.063396
17482.0,2448,74469.5859
16909.0,2146,74499.385788
12846.0,2210,74529.632192
29963.0,3642,74580.725933
22085.0,2560,74618.09874
19727.0,2587,74669.490294
25821.0,3334,74716.697173
37703.0,4328,74780.139391
32405.0,4156,74838.666118
19249.0,2123,74867.367368
9828.0,1474,74889.657215
17177.0,2328,74920.069821
25512.0,2887,74959.457524
37623.0,5038,75059.471872
35394.0,4679,75125.843017
27807.0,3844,75179.199191
45132.0,5498,75257.464046
18677.0,3226,75303.98475
6630.0,888,75315.800147
45194.0,5672,75409.686563
28511.0,3824,75463.287044
12782.0,1975,75491.245352
27269.0,3426,75538.500993
19830.0,2838,75579.408158
7961.0,1133,75593.261129
33160.0,4969,75662.883919
39010.0,4750,75727.634921
17474.0,1837,75752.048686
24434.0,3323,75819.656476
17144.0,2066,75850.536729
13218.0,1934,75878.581152
19147.0,3107,75922.558424
9760.0,1687,75946.776704
9974.0,1661,75970.195766
18296.0,2915,76011.161632
17067.0,2076,76041.606764
12427.0,1173,76058.220275
34079.0,4424,76120.980865
18444.0,2811,76184.670364
48890.0,4912,76253.071834
35239.0,3990,76306.328065
13850.0,1881,76333.299486
49307.0,6196,76422.016872
15961.0,1931,76449.529397
6346.0,1272,76465.858414
18492.0,2147,76496.308141
16093.0,2232,76538.545205
29460.0,3620,76584.579751
18754.0,2588,76618.39837
49203.0,6342,76704.601674
22299.0,2738,76739.945199
36363.0,4219,76797.344868
15526.0,2456,76829.929285
32238.0,4511,76908.415071
8227.0,1471,76927.705486
17096.0,2106,76956.478418
27023.0,3366,77001.573291
38735.0,4583,77061.608539
8671.0,967,77074.04871
35069.0,4625,77139.239072
9860.0,1929,77165.447101
33656.0,3277,77212.194933
5055.0,1273,77229.570741
43292.0,5916,77329.215333
14842.0,2226,77358.893378
9274.0,1597,77381.80607
23921.0,3136,77426.20609
8967.0,1353,77445.906021
18781.0,2385,77478.320807
5101.0,1303,77496.521909
14978.0,1623,77518.526787
16644.0,2622,77551.593096
47465.0,5526,77654.055148
18929.0,2418,77685.975988
29655.0,3847,77739.253614
58542.0,7593,77846.650254
37283.0,5044,77921.334118
46014.0,6098,78027.966008
42680.0,5091,78094.975267
22373.0,2508,78127.305919
14584.0,1691,78150.410538
21804.0,3095,78193.659836
29633.0,3399,78239.454567
30750.0,3996,78295.404649
5634.0,1026,78309.433461
8818.0,1224,78326.679308
38375.0,4008,78397.730355
32098.0,4267,78456.867131
29752.0,3986,78511.476657
22383.0,2447,78542.420792
22605.0,2831,78581.641887
5930.0,681,78589.868519
9877.0,1736,78612.390299
27763.0,3594,78664.263618
8293.0,1227,78679.860343
3848.0,705,78689.531102
